measurement_id,sample_index,elapsed_s,cx,cy,segment,is_start,is_turn,is_end,heading_deg,fit_vx,fit_vy,turn_idx,direction,steps,signed_steps,intervalMs,action_status,action_error
m0028_dir+1_steps020_int3000_20261001_122237_169731,0,0.059807,725.500000,396.320007,forward,1,0,0,-22.510000,0.923795346,0.382886614,61,1,20,20,3000,OK,
m0028_dir+1_steps020_int3000_20261001_122237_169731,1,0.112123,725.599976,396.760010,forward,0,0,0,-22.510000,0.923795346,0.382886614,61,1,20,20,3000,OK,
m0028_dir+1_steps020_int3000_20261001_122237_169731,2,0.159596,725.559998,396.679993,forward,0,0,0,-22.510000,0.923795346,0.382886614,61,1,20,20,3000,OK,
m0028_dir+1_steps020_int3000_20261001_122237_169731,3,0.209017,725.500000,396.660004,forward,0,0,0,-22.510000,0.923795346,0.382886614,61,1,20,20,3000,OK,
m0028_dir+1_steps020_int3000_20261001_122237_169731,4,0.254371,725.619995,396.720001,forward,0,0,0,-22.510000,0.923795346,0.382886614,61,1,20,20,3000,OK,
m0028_dir+1_steps020_int3000_20261001_122237_169731,5,0.311981,725.540039,396.779999,forward,0,0,0,-22.510000,0.923795346,0.382886614,61,1,20,20,3000,OK,
m0028_dir+1_steps020_int3000_20261001_122237_169731,6,0.356667,725.839966,396.799988,forward,0,0,0,-22.510000,0.923795346,0.382886614,61,1,20,20,3000,OK,
m0028_dir+1_steps020_int3000_20261001_122237_169731,7,0.421129,726.520020,397.019989,forward,0,0,0,-22.510000,0.923795346,0.382886614,61,1,20,20,3000,OK,
m0028_dir+1_steps020_int3000_20261001_122237_169731,8,0.497571,727.179993,396.940002,forward,0,0,0,-22.510000,0.923795346,0.382886614,61,1,20,20,3000,OK,
m0028_dir+1_steps020_int3000_20261001_122237_169731,9,0.546157,727.936035,396.703979,forward,0,0,0,-22.510000,0.923795346,0.382886614,61,1,20,20,3000,OK,
m0028_dir+1_steps020_int3000_20261001_122237_169731,10,0.609001,730.179993,398.540009,forward,0,0,0,-22.510000,0.923795346,0.382886614,61,1,20,20,3000,OK,
m0028_dir+1_steps020_int3000_20261001_122237_169731,11,0.670366,734.082031,398.924011,forward,0,0,0,-22.510000,0.923795346,0.382886614,61,1,20,20,3000,OK,
m0028_dir+1_steps020_int3000_20261001_122237_169731,12,0.780305,736.000000,399.619995,forward,0,0,0,-22.510000,0.923795346,0.382886614,61,1,20,20,3000,OK,
m0028_dir+1_steps020_int3000_20261001_122237_169731,13,0.825806,741.160034,400.140015,forward,0,0,0,-22.510000,0.923795346,0.382886614,61,1,20,20,3000,OK,
m0028_dir+1_steps020_int3000_20261001_122237_169731,14,0.886617,741.420044,401.299988,forward,0,0,0,-22.510000,0.923795346,0.382886614,61,1,20,20,3000,OK,
m0028_dir+1_steps020_int3000_20261001_122237_169731,15,0.948860,746.520020,402.399994,forward,0,0,0,-22.510000,0.923795346,0.382886614,61,1,20,20,3000,OK,
m0028_dir+1_steps020_int3000_20261001_122237_169731,16,0.998443,749.020020,404.140015,forward,0,0,0,-22.510000,0.923795346,0.382886614,61,1,20,20,3000,OK,
m0028_dir+1_steps020_int3000_20261001_122237_169731,17,1.072892,759.140015,407.380005,forward,0,0,0,-22.510000,0.923795346,0.382886614,61,1,20,20,3000,OK,
m0028_dir+1_steps020_int3000_20261001_122237_169731,18,1.181232,762.680054,408.199982,forward,0,0,0,-22.510000,0.923795346,0.382886614,61,1,20,20,3000,OK,
m0028_dir+1_steps020_int3000_20261001_122237_169731,19,1.245223,768.780029,409.799988,forward,0,0,0,-22.510000,0.923795346,0.382886614,61,1,20,20,3000,OK,
m0028_dir+1_steps020_int3000_20261001_122237_169731,20,1.311428,771.190002,412.299988,forward,0,0,0,-22.510000,0.923795346,0.382886614,61,1,20,20,3000,OK,
m0028_dir+1_steps020_int3000_20261001_122237_169731,21,1.362603,776.556030,414.838013,forward,0,0,0,-22.510000,0.923795346,0.382886614,61,1,20,20,3000,OK,
m0028_dir+1_steps020_int3000_20261001_122237_169731,22,1.425662,778.156006,415.100006,forward,0,0,0,-22.510000,0.923795346,0.382886614,61,1,20,20,3000,OK,
m0028_dir+1_steps020_int3000_20261001_122237_169731,23,1.490079,786.690002,419.148010,forward,0,0,0,-22.510000,0.923795346,0.382886614,61,1,20,20,3000,OK,
m0028_dir+1_steps020_int3000_20261001_122237_169731,24,1.556783,795.504028,421.815979,forward,0,0,0,-22.510000,0.923795346,0.382886614,61,1,20,20,3000,OK,
m0028_dir+1_steps020_int3000_20261001_122237_169731,25,1.657052,795.505981,422.187988,forward,0,0,0,-22.510000,0.923795346,0.382886614,61,1,20,20,3000,OK,
m0028_dir+1_steps020_int3000_20261001_122237_169731,26,1.712122,797.838013,422.914001,forward,0,0,0,-22.510000,0.923795346,0.382886614,61,1,20,20,3000,OK,
m0028_dir+1_steps020_int3000_20261001_122237_169731,27,1.766239,804.700012,426.136017,forward,0,0,0,-22.510000,0.923795346,0.382886614,61,1,20,20,3000,OK,
m0028_dir+1_steps020_int3000_20261001_122237_169731,28,1.833312,806.508057,427.530029,forward,0,0,0,-22.510000,0.923795346,0.382886614,61,1,20,20,3000,OK,
m0028_dir+1_steps020_int3000_20261001_122237_169731,29,1.896412,814.959961,430.039978,forward,0,0,0,-22.510000,0.923795346,0.382886614,61,1,20,20,3000,OK,
m0028_dir+1_steps020_int3000_20261001_122237_169731,30,1.958734,817.419983,431.359985,forward,0,0,0,-22.510000,0.923795346,0.382886614,61,1,20,20,3000,OK,
m0028_dir+1_steps020_int3000_20261001_122237_169731,31,2.010126,826.840027,437.380005,forward,0,0,0,-22.510000,0.923795346,0.382886614,61,1,20,20,3000,OK,
m0028_dir+1_steps020_int3000_20261001_122237_169731,32,2.143383,835.041992,437.945984,forward,0,0,0,-22.510000,0.923795346,0.382886614,61,1,20,20,3000,OK,
m0028_dir+1_steps020_int3000_20261001_122237_169731,33,2.198667,837.300049,440.872009,forward,0,0,0,-22.510000,0.923795346,0.382886614,61,1,20,20,3000,OK,
m0028_dir+1_steps020_int3000_20261001_122237_169731,34,2.281427,845.073975,444.862000,forward,0,0,0,-22.510000,0.923795346,0.382886614,61,1,20,20,3000,OK,
m0028_dir+1_steps020_int3000_20261001_122237_169731,35,2.343438,846.562012,445.298004,forward,0,0,0,-22.510000,0.923795346,0.382886614,61,1,20,20,3000,OK,
m0028_dir+1_steps020_int3000_20261001_122237_169731,36,2.411486,853.391968,448.783997,forward,0,0,0,-22.510000,0.923795346,0.382886614,61,1,20,20,3000,OK,
m0028_dir+1_steps020_int3000_20261001_122237_169731,37,2.465326,855.573975,448.220001,forward,0,0,0,-22.510000,0.923795346,0.382886614,61,1,20,20,3000,OK,
m0028_dir+1_steps020_int3000_20261001_122237_169731,38,2.509684,859.531982,451.202026,forward,0,0,0,-22.510000,0.923795346,0.382886614,61,1,20,20,3000,OK,
m0028_dir+1_steps020_int3000_20261001_122237_169731,39,2.555328,868.218018,457.204010,forward,0,0,0,-22.510000,0.923795346,0.382886614,61,1,20,20,3000,OK,
m0028_dir+1_steps020_int3000_20261001_122237_169731,40,2.658390,874.578003,457.078003,forward,0,0,0,-22.510000,0.923795346,0.382886614,61,1,20,20,3000,OK,
m0028_dir+1_steps020_int3000_20261001_122237_169731,41,2.716409,877.651978,459.343994,forward,0,0,0,-22.510000,0.923795346,0.382886614,61,1,20,20,3000,OK,
m0028_dir+1_steps020_int3000_20261001_122237_169731,42,2.771218,883.929993,461.177979,forward,0,0,0,-22.510000,0.923795346,0.382886614,61,1,20,20,3000,OK,
m0028_dir+1_steps020_int3000_20261001_122237_169731,43,2.815421,889.314026,461.484009,forward,0,0,0,-22.510000,0.923795346,0.382886614,61,1,20,20,3000,OK,
m0028_dir+1_steps020_int3000_20261001_122237_169731,44,2.876191,896.238037,463.838013,forward,0,0,0,-22.510000,0.923795346,0.382886614,61,1,20,20,3000,OK,
m0028_dir+1_steps020_int3000_20261001_122237_169731,45,2.938231,900.290039,466.872009,forward,0,0,0,-22.510000,0.923795346,0.382886614,61,1,20,20,3000,OK,
m0028_dir+1_steps020_int3000_20261001_122237_169731,46,2.987678,908.381958,470.510010,forward,0,0,0,-22.510000,0.923795346,0.382886614,61,1,20,20,3000,OK,
m0028_dir+1_steps020_int3000_20261001_122237_169731,47,3.119171,911.796021,470.792023,forward,0,0,0,-22.510000,0.923795346,0.382886614,61,1,20,20,3000,OK,
m0028_dir+1_steps020_int3000_20261001_122237_169731,48,3.166064,917.622009,477.348022,forward,0,0,0,-22.510000,0.923795346,0.382886614,61,1,20,20,3000,OK,
m0028_dir+1_steps020_int3000_20261001_122237_169731,49,3.228590,921.377991,475.812012,forward,0,0,0,-22.510000,0.923795346,0.382886614,61,1,20,20,3000,OK,
m0028_dir+1_steps020_int3000_20261001_122237_169731,50,3.291338,925.070007,480.236023,forward,0,0,0,-22.510000,0.923795346,0.382886614,61,1,20,20,3000,OK,
m0028_dir+1_steps020_int3000_20261001_122237_169731,51,3.339091,928.679993,478.416016,forward,0,0,0,-22.510000,0.923795346,0.382886614,61,1,20,20,3000,OK,
m0028_dir+1_steps020_int3000_20261001_122237_169731,52,3.413618,934.024048,480.928009,forward,0,0,0,-22.510000,0.923795346,0.382886614,61,1,20,20,3000,OK,
m0028_dir+1_steps020_int3000_20261001_122237_169731,53,3.466754,940.152039,483.000031,forward,0,0,0,-22.510000,0.923795346,0.382886614,61,1,20,20,3000,OK,
m0028_dir+1_steps020_int3000_20261001_122237_169731,54,3.583716,941.832031,483.559998,forward,0,0,0,-22.510000,0.923795346,0.382886614,61,1,20,20,3000,OK,
m0028_dir+1_steps020_int3000_20261001_122237_169731,55,3.662880,945.752014,485.087982,forward,0,0,0,-22.510000,0.923795346,0.382886614,61,1,20,20,3000,OK,
m0028_dir+1_steps020_int3000_20261001_122237_169731,56,3.749490,946.343994,486.160004,forward,0,0,0,-22.510000,0.923795346,0.382886614,61,1,20,20,3000,OK,
m0028_dir+1_steps020_int3000_20261001_122237_169731,57,3.819702,948.508057,487.112000,forward,0,0,0,-22.510000,0.923795346,0.382886614,61,1,20,20,3000,OK,
m0028_dir+1_steps020_int3000_20261001_122237_169731,58,3.874904,949.033997,486.075989,forward,0,0,0,-22.510000,0.923795346,0.382886614,61,1,20,20,3000,OK,
m0028_dir+1_steps020_int3000_20261001_122237_169731,59,3.927835,950.520020,487.496002,forward,0,0,0,-22.510000,0.923795346,0.382886614,61,1,20,20,3000,OK,
m0028_dir+1_steps020_int3000_20261001_122237_169731,60,3.988762,949.712036,486.832031,forward,0,0,0,-22.510000,0.923795346,0.382886614,61,1,20,20,3000,OK,
m0028_dir+1_steps020_int3000_20261001_122237_169731,61,4.061663,950.872070,487.440002,forward,0,1,0,-22.510000,0.923795346,0.382886614,61,1,20,20,3000,OK,
m0028_dir+1_steps020_int3000_20261001_122237_169731,62,4.120000,950.047974,487.239990,backward,0,0,0,-22.510000,0.923795346,0.382886614,61,1,20,20,3000,OK,
m0028_dir+1_steps020_int3000_20261001_122237_169731,63,4.182854,950.175964,487.864014,backward,0,0,0,-22.510000,0.923795346,0.382886614,61,1,20,20,3000,OK,
m0028_dir+1_steps020_int3000_20261001_122237_169731,64,4.240568,949.976074,486.808014,backward,0,0,0,-22.510000,0.923795346,0.382886614,61,1,20,20,3000,OK,
m0028_dir+1_steps020_int3000_20261001_122237_169731,65,4.279994,949.696045,487.464020,backward,0,0,0,-22.510000,0.923795346,0.382886614,61,1,20,20,3000,OK,
m0028_dir+1_steps020_int3000_20261001_122237_169731,66,4.331308,947.271973,485.776001,backward,0,0,0,-22.510000,0.923795346,0.382886614,61,1,20,20,3000,OK,
m0028_dir+1_steps020_int3000_20261001_122237_169731,67,4.438960,946.216064,486.032013,backward,0,0,0,-22.510000,0.923795346,0.382886614,61,1,20,20,3000,OK,
m0028_dir+1_steps020_int3000_20261001_122237_169731,68,4.514601,944.560059,485.239990,backward,0,0,0,-22.510000,0.923795346,0.382886614,61,1,20,20,3000,OK,
m0028_dir+1_steps020_int3000_20261001_122237_169731,69,4.571730,941.096069,484.280029,backward,0,0,0,-22.510000,0.923795346,0.382886614,61,1,20,20,3000,OK,
m0028_dir+1_steps020_int3000_20261001_122237_169731,70,4.626281,938.320007,482.704010,backward,0,0,0,-22.510000,0.923795346,0.382886614,61,1,20,20,3000,OK,
m0028_dir+1_steps020_int3000_20261001_122237_169731,71,4.837238,933.807983,481.088013,backward,0,0,0,-22.510000,0.923795346,0.382886614,61,1,20,20,3000,OK,
m0028_dir+1_steps020_int3000_20261001_122237_169731,72,4.914065,929.807983,481.608032,backward,0,0,0,-22.510000,0.923795346,0.382886614,61,1,20,20,3000,OK,
m0028_dir+1_steps020_int3000_20261001_122237_169731,73,4.961632,922.064026,477.351990,backward,0,0,0,-22.510000,0.923795346,0.382886614,61,1,20,20,3000,OK,
m0028_dir+1_steps020_int3000_20261001_122237_169731,74,5.003142,916.468018,474.008026,backward,0,0,0,-22.510000,0.923795346,0.382886614,61,1,20,20,3000,OK,
m0028_dir+1_steps020_int3000_20261001_122237_169731,75,5.053211,912.854004,472.911987,backward,0,0,0,-22.510000,0.923795346,0.382886614,61,1,20,20,3000,OK,
m0028_dir+1_steps020_int3000_20261001_122237_169731,76,5.103406,907.291992,469.007996,backward,0,0,0,-22.510000,0.923795346,0.382886614,61,1,20,20,3000,OK,
m0028_dir+1_steps020_int3000_20261001_122237_169731,77,5.143817,904.261963,467.515991,backward,0,0,0,-22.510000,0.923795346,0.382886614,61,1,20,20,3000,OK,
m0028_dir+1_steps020_int3000_20261001_122237_169731,78,5.193800,901.196045,467.615997,backward,0,0,0,-22.510000,0.923795346,0.382886614,61,1,20,20,3000,OK,
m0028_dir+1_steps020_int3000_20261001_122237_169731,79,5.237103,895.666016,465.063995,backward,0,0,0,-22.510000,0.923795346,0.382886614,61,1,20,20,3000,OK,
m0028_dir+1_steps020_int3000_20261001_122237_169731,80,5.285187,883.296021,461.712006,backward,0,0,0,-22.510000,0.923795346,0.382886614,61,1,20,20,3000,OK,
m0028_dir+1_steps020_int3000_20261001_122237_169731,81,5.390231,879.458008,459.833984,backward,0,0,0,-22.510000,0.923795346,0.382886614,61,1,20,20,3000,OK,
m0028_dir+1_steps020_int3000_20261001_122237_169731,82,5.436974,873.424011,457.790009,backward,0,0,0,-22.510000,0.923795346,0.382886614,61,1,20,20,3000,OK,
m0028_dir+1_steps020_int3000_20261001_122237_169731,83,5.509520,869.942017,457.395996,backward,0,0,0,-22.510000,0.923795346,0.382886614,61,1,20,20,3000,OK,
m0028_dir+1_steps020_int3000_20261001_122237_169731,84,5.560631,863.609985,452.028015,backward,0,0,0,-22.510000,0.923795346,0.382886614,61,1,20,20,3000,OK,
m0028_dir+1_steps020_int3000_20261001_122237_169731,85,5.612871,861.569946,451.572021,backward,0,0,0,-22.510000,0.923795346,0.382886614,61,1,20,20,3000,OK,
m0028_dir+1_steps020_int3000_20261001_122237_169731,86,5.674729,854.972046,448.272003,backward,0,0,0,-22.510000,0.923795346,0.382886614,61,1,20,20,3000,OK,
m0028_dir+1_steps020_int3000_20261001_122237_169731,87,5.748911,851.536011,447.164001,backward,0,0,0,-22.510000,0.923795346,0.382886614,61,1,20,20,3000,OK,
m0028_dir+1_steps020_int3000_20261001_122237_169731,88,5.805879,843.212036,441.973999,backward,0,0,0,-22.510000,0.923795346,0.382886614,61,1,20,20,3000,OK,
m0028_dir+1_steps020_int3000_20261001_122237_169731,89,5.919869,839.348022,441.638000,backward,0,0,0,-22.510000,0.923795346,0.382886614,61,1,20,20,3000,OK,
m0028_dir+1_steps020_int3000_20261001_122237_169731,90,5.967877,831.937988,438.667999,backward,0,0,0,-22.510000,0.923795346,0.382886614,61,1,20,20,3000,OK,
m0028_dir+1_steps020_int3000_20261001_122237_169731,91,6.030587,829.063965,435.953979,backward,0,0,0,-22.510000,0.923795346,0.382886614,61,1,20,20,3000,OK,
m0028_dir+1_steps020_int3000_20261001_122237_169731,92,6.094477,822.839966,435.220001,backward,0,0,0,-22.510000,0.923795346,0.382886614,61,1,20,20,3000,OK,
m0028_dir+1_steps020_int3000_20261001_122237_169731,93,6.143865,820.599976,431.239990,backward,0,0,0,-22.510000,0.923795346,0.382886614,61,1,20,20,3000,OK,
m0028_dir+1_steps020_int3000_20261001_122237_169731,94,6.214663,813.599976,429.600006,backward,0,0,0,-22.510000,0.923795346,0.382886614,61,1,20,20,3000,OK,
m0028_dir+1_steps020_int3000_20261001_122237_169731,95,6.266203,804.939941,425.299988,backward,0,0,0,-22.510000,0.923795346,0.382886614,61,1,20,20,3000,OK,
m0028_dir+1_steps020_int3000_20261001_122237_169731,96,6.375769,801.080017,425.260010,backward,0,0,0,-22.510000,0.923795346,0.382886614,61,1,20,20,3000,OK,
m0028_dir+1_steps020_int3000_20261001_122237_169731,97,6.422050,796.619995,422.239990,backward,0,0,0,-22.510000,0.923795346,0.382886614,61,1,20,20,3000,OK,
m0028_dir+1_steps020_int3000_20261001_122237_169731,98,6.499648,794.539978,422.380005,backward,0,0,0,-22.510000,0.923795346,0.382886614,61,1,20,20,3000,OK,
m0028_dir+1_steps020_int3000_20261001_122237_169731,99,6.566274,790.919983,417.798004,backward,0,0,0,-22.510000,0.923795346,0.382886614,61,1,20,20,3000,OK,
m0028_dir+1_steps020_int3000_20261001_122237_169731,100,6.612073,786.106018,418.033997,backward,0,0,0,-22.510000,0.923795346,0.382886614,61,1,20,20,3000,OK,
m0028_dir+1_steps020_int3000_20261001_122237_169731,101,6.679389,776.825989,412.908020,backward,0,0,0,-22.510000,0.923795346,0.382886614,61,1,20,20,3000,OK,
m0028_dir+1_steps020_int3000_20261001_122237_169731,102,6.781911,774.195984,412.682007,backward,0,0,0,-22.510000,0.923795346,0.382886614,61,1,20,20,3000,OK,
m0028_dir+1_steps020_int3000_20261001_122237_169731,103,6.844405,767.455994,410.020020,backward,0,0,0,-22.510000,0.923795346,0.382886614,61,1,20,20,3000,OK,
m0028_dir+1_steps020_int3000_20261001_122237_169731,104,6.896976,766.670044,406.734009,backward,0,0,0,-22.510000,0.923795346,0.382886614,61,1,20,20,3000,OK,
m0028_dir+1_steps020_int3000_20261001_122237_169731,105,6.954100,758.696045,406.109985,backward,0,0,0,-22.510000,0.923795346,0.382886614,61,1,20,20,3000,OK,
m0028_dir+1_steps020_int3000_20261001_122237_169731,106,7.023296,754.560059,405.220001,backward,0,0,0,-22.510000,0.923795346,0.382886614,61,1,20,20,3000,OK,
m0028_dir+1_steps020_int3000_20261001_122237_169731,107,7.063384,745.440002,401.239990,backward,0,0,0,-22.510000,0.923795346,0.382886614,61,1,20,20,3000,OK,
m0028_dir+1_steps020_int3000_20261001_122237_169731,108,7.189083,743.559998,401.799988,backward,0,0,0,-22.510000,0.923795346,0.382886614,61,1,20,20,3000,OK,
m0028_dir+1_steps020_int3000_20261001_122237_169731,109,7.235107,739.339966,400.000000,backward,0,0,0,-22.510000,0.923795346,0.382886614,61,1,20,20,3000,OK,
m0028_dir+1_steps020_int3000_20261001_122237_169731,110,7.314444,737.359985,400.100006,backward,0,0,0,-22.510000,0.923795346,0.382886614,61,1,20,20,3000,OK,
m0028_dir+1_steps020_int3000_20261001_122237_169731,111,7.373545,733.540039,398.940002,backward,0,0,0,-22.510000,0.923795346,0.382886614,61,1,20,20,3000,OK,
m0028_dir+1_steps020_int3000_20261001_122237_169731,112,7.419690,732.420044,398.599976,backward,0,0,0,-22.510000,0.923795346,0.382886614,61,1,20,20,3000,OK,
m0028_dir+1_steps020_int3000_20261001_122237_169731,113,7.488576,729.659973,398.020020,backward,0,0,0,-22.510000,0.923795346,0.382886614,61,1,20,20,3000,OK,
m0028_dir+1_steps020_int3000_20261001_122237_169731,114,7.531168,726.299988,396.119995,backward,0,0,0,-22.510000,0.923795346,0.382886614,61,1,20,20,3000,OK,
m0028_dir+1_steps020_int3000_20261001_122237_169731,115,7.662816,726.800049,397.360016,backward,0,0,0,-22.510000,0.923795346,0.382886614,61,1,20,20,3000,OK,
m0028_dir+1_steps020_int3000_20261001_122237_169731,116,7.711513,725.934021,396.317993,backward,0,0,1,-22.510000,0.923795346,0.382886614,61,1,20,20,3000,OK,
