epoch,time,train/box_loss,train/cls_loss,train/dfl_loss,metrics/precision(B),metrics/recall(B),metrics/mAP50(B),metrics/mAP50-95(B),val/box_loss,val/cls_loss,val/dfl_loss,lr/pg0,lr/pg1,lr/pg2
1,4.86493,1.86528,12.2018,1.5326,0,0,0,0,1.59916,11.507,1.32012,0.000102,0.000102,0.000102
2,6.72114,1.5026,11.6014,1.30239,0,0,0,0,1.29785,10.8432,1.03232,0.000219541,0.000219541,0.000219541
3,9.73066,1.25982,10.8211,1.09652,0.00342,0.01157,0.00268,0.00205,1.12717,10.3177,0.91051,0.000335512,0.000335512,0.000335512
4,11.925,1.20993,10.1273,1.01447,0.04996,0.52778,0.05672,0.02969,1.31145,10.2317,0.97921,0.000349931,0.000349931,0.000349931
5,14.5726,1.16281,9.47517,1.02759,0.03855,0.75231,0.06748,0.0351,1.44031,10.0841,1.06639,0.000347575,0.000347575,0.000347575
6,17.6443,1.14484,9.031,1.03332,0.06109,0.86343,0.07455,0.05086,1.10525,9.32132,0.95036,0.000345219,0.000345219,0.000345219
7,19.7631,1.16423,8.88447,1.07705,0.0423,0.87037,0.06862,0.04449,1.29271,9.08055,1.03179,0.000342863,0.000342863,0.000342863
8,21.9665,1.07184,8.32,1.02233,0.04195,0.92824,0.09042,0.06133,1.21448,8.80092,1.03525,0.000340507,0.000340507,0.000340507
9,24.3537,1.08356,8.01837,1.04604,0.04124,0.9537,0.09973,0.06581,1.25586,8.75571,1.06167,0.00033815,0.00033815,0.00033815
10,26.4976,1.06664,7.59891,1.05641,0.04097,0.96759,0.12141,0.07167,1.40968,8.75974,1.13333,0.000335794,0.000335794,0.000335794
11,29.5277,1.1023,7.51472,1.03165,0.04008,0.96065,0.14707,0.09638,1.29831,8.42801,1.09983,0.000333438,0.000333438,0.000333438
12,32.878,1.05164,7.12542,1.03157,0.23284,0.23687,0.17186,0.12604,1.02876,7.91156,1.01253,0.000331082,0.000331082,0.000331082
13,35.4932,0.99786,6.77845,1.04632,0.33372,0.22308,0.18871,0.13942,1.0106,7.67573,1.02419,0.000328726,0.000328726,0.000328726
14,37.5552,1.0413,6.38034,1.05555,0.21673,0.33355,0.23385,0.16532,1.06438,7.08439,1.07617,0.000326369,0.000326369,0.000326369
15,39.732,1.0068,6.07667,1.0335,0.18628,0.42268,0.24976,0.19078,0.94551,6.62108,1.05013,0.000324013,0.000324013,0.000324013
16,42.2989,0.99711,5.93964,1.03094,0.22503,0.52386,0.2966,0.22689,0.95025,6.10652,1.07395,0.000321657,0.000321657,0.000321657
17,45.3328,0.94879,5.40756,1.02272,0.23103,0.58086,0.3126,0.23545,0.98543,5.79709,1.10745,0.000319301,0.000319301,0.000319301
18,47.5926,0.95314,5.45417,1.02265,0.25055,0.67635,0.33227,0.24461,1.02661,5.24465,1.12232,0.000316945,0.000316945,0.000316945
19,49.67,0.98475,5.38426,1.03624,0.23848,0.6913,0.3411,0.25503,0.95806,5.07167,1.09845,0.000314588,0.000314588,0.000314588
20,51.8692,0.95939,5.09648,1.03605,0.24302,0.75288,0.34204,0.23745,1.16566,4.79172,1.21767,0.000312232,0.000312232,0.000312232
21,54.063,1.00112,4.90527,1.08053,0.24064,0.75844,0.33915,0.23388,1.19168,4.62279,1.21532,0.000309876,0.000309876,0.000309876
22,57.1934,0.93564,4.7581,1.01923,0.25435,0.78814,0.36535,0.28,0.96762,4.24532,1.08624,0.00030752,0.00030752,0.00030752
23,59.6702,0.99028,4.50279,1.06953,0.27277,0.74751,0.38095,0.29361,0.94898,4.02426,1.08419,0.000305164,0.000305164,0.000305164
24,61.8717,0.9123,4.37796,1.02847,0.2717,0.78351,0.37875,0.26946,1.11308,3.99993,1.14576,0.000302807,0.000302807,0.000302807
25,64.0429,0.92129,4.5053,1.01252,0.28127,0.75116,0.37384,0.27227,1.03895,3.99977,1.11252,0.000300451,0.000300451,0.000300451
26,66.1432,0.97446,4.50565,1.03447,0.26065,0.74063,0.38245,0.29715,0.90965,3.95538,1.06823,0.000298095,0.000298095,0.000298095
27,68.4076,0.95241,4.22888,1.05976,0.2568,0.81267,0.39835,0.31377,0.8704,3.76363,1.0533,0.000295739,0.000295739,0.000295739
28,71.5928,0.88402,4.14253,1.01865,0.29051,0.78985,0.4311,0.33557,0.90753,3.54719,1.08222,0.000293383,0.000293383,0.000293383
29,73.9171,0.99619,4.16955,1.0451,0.29052,0.80467,0.42964,0.34086,0.84354,3.49112,1.0622,0.000291026,0.000291026,0.000291026
30,76.0301,0.87824,4.02812,1.00536,0.28493,0.76926,0.42343,0.3437,0.78734,3.52361,1.0315,0.00028867,0.00028867,0.00028867
31,78.1759,0.90626,4.02403,1.01346,0.29777,0.78574,0.42319,0.3331,0.86854,3.66221,1.05168,0.000286314,0.000286314,0.000286314
32,80.3526,0.87023,3.85684,0.98914,0.29061,0.78106,0.41638,0.32421,0.89037,3.58403,1.05455,0.000283958,0.000283958,0.000283958
33,82.5225,0.86537,3.80854,0.99682,0.26999,0.82496,0.42266,0.33808,0.83176,3.48746,1.04356,0.000281602,0.000281602,0.000281602
34,85.7478,0.85319,3.58173,1.01961,0.31168,0.80544,0.45368,0.36507,0.80089,3.27599,1.03734,0.000279245,0.000279245,0.000279245
35,87.9021,0.84824,3.79974,0.98062,0.33601,0.81007,0.47962,0.38127,0.82954,3.28847,1.04325,0.000276889,0.000276889,0.000276889
36,90.0281,0.84905,3.73215,0.99653,0.32092,0.84554,0.47062,0.38503,0.77522,3.40197,1.02105,0.000274533,0.000274533,0.000274533
37,92.2526,0.81246,3.60157,0.97888,0.30988,0.8375,0.45895,0.3732,0.78301,3.37972,1.01843,0.000272177,0.000272177,0.000272177
38,94.3074,0.79988,3.52465,0.98296,0.31293,0.8489,0.47457,0.38375,0.81577,3.2018,1.02404,0.000269821,0.000269821,0.000269821
39,96.9096,0.81529,3.5587,0.96595,0.3393,0.82864,0.49534,0.40505,0.78353,3.08636,1.02932,0.000267464,0.000267464,0.000267464
40,100.083,0.87119,3.5461,1.02212,0.32648,0.8441,0.51338,0.41449,0.81656,3.01114,1.02547,0.000265108,0.000265108,0.000265108
41,102.339,0.85237,3.48821,0.98171,0.32877,0.84028,0.51367,0.40286,0.89387,3.049,1.04249,0.000262752,0.000262752,0.000262752
42,104.413,0.8428,3.3402,0.97294,0.32461,0.86488,0.50497,0.41113,0.79466,3.09422,1.01066,0.000260396,0.000260396,0.000260396
43,106.39,0.78905,3.29812,0.9687,0.34355,0.87146,0.52743,0.42198,0.82967,2.98818,1.02315,0.00025804,0.00025804,0.00025804
44,108.638,0.81278,3.46212,0.95918,0.35474,0.86195,0.52266,0.40044,0.93733,2.9607,1.06558,0.000255683,0.000255683,0.000255683
45,111.532,0.7953,3.39022,0.95172,0.37041,0.83671,0.52097,0.41189,0.86346,2.94656,1.03476,0.000253327,0.000253327,0.000253327
46,114.238,0.81109,3.30674,0.97071,0.4089,0.74621,0.53303,0.43327,0.79843,2.96243,0.99577,0.000250971,0.000250971,0.000250971
47,116.36,0.80289,3.31919,0.9741,0.3856,0.79755,0.52687,0.3854,1.05465,3.07309,1.07115,0.000248615,0.000248615,0.000248615
48,118.491,0.79729,3.26826,0.95817,0.34986,0.83603,0.52895,0.42507,0.82522,2.99477,0.99143,0.000246259,0.000246259,0.000246259
49,120.597,0.77108,3.15259,0.96461,0.35409,0.84617,0.53321,0.43998,0.74796,2.95709,0.9723,0.000243902,0.000243902,0.000243902
50,122.808,0.78935,3.28379,0.9633,0.39602,0.82634,0.55781,0.446,0.81472,2.87513,1.00203,0.000241546,0.000241546,0.000241546
51,126.095,0.79157,3.24838,0.94868,0.44877,0.79073,0.58782,0.47928,0.77028,2.77881,0.99294,0.00023919,0.00023919,0.00023919
52,128.533,0.74697,3.18097,0.96779,0.4349,0.81846,0.61012,0.50649,0.73865,2.76883,0.97793,0.000236834,0.000236834,0.000236834
53,130.71,0.75796,3.11736,0.94116,0.40578,0.84818,0.60344,0.49428,0.7632,2.79799,0.97632,0.000234478,0.000234478,0.000234478
54,132.847,0.74149,3.02712,0.94324,0.41469,0.79403,0.6141,0.49708,0.79433,2.7756,0.98746,0.000232121,0.000232121,0.000232121
55,135.115,0.74827,3.09194,0.95115,0.43201,0.81574,0.62176,0.5176,0.72712,2.75336,0.97571,0.000229765,0.000229765,0.000229765
56,137.5,0.76151,3.18973,0.95249,0.41103,0.8111,0.61695,0.51557,0.72992,2.75928,0.97602,0.000227409,0.000227409,0.000227409
57,140.766,0.75252,3.11795,0.97296,0.42894,0.80031,0.6203,0.50453,0.78148,2.73985,0.98919,0.000225053,0.000225053,0.000225053
58,142.923,0.73696,2.99632,0.95665,0.48181,0.83469,0.61905,0.51865,0.72627,2.75379,0.97585,0.000222697,0.000222697,0.000222697
59,145.065,0.77374,3.09722,0.95231,0.4452,0.86466,0.62923,0.52972,0.71477,2.76901,0.98467,0.00022034,0.00022034,0.00022034
60,147.215,0.72745,3.0272,0.93648,0.46093,0.83915,0.63478,0.52578,0.73149,2.66666,0.99053,0.000217984,0.000217984,0.000217984
61,149.511,0.72902,2.93275,0.94632,0.4496,0.83149,0.648,0.53249,0.75717,2.65024,0.99718,0.000215628,0.000215628,0.000215628
62,152.193,0.70292,2.89203,0.9377,0.47953,0.79016,0.63316,0.53182,0.71164,2.6681,0.98027,0.000213272,0.000213272,0.000213272
63,155.128,0.72211,2.96643,0.9362,0.47615,0.76182,0.61291,0.51583,0.71114,2.75242,0.96856,0.000210916,0.000210916,0.000210916
64,157.306,0.72175,2.90746,0.94117,0.44371,0.76523,0.61293,0.50008,0.784,2.76937,0.98664,0.000208559,0.000208559,0.000208559
65,159.474,0.71204,2.87211,0.92071,0.42719,0.79625,0.62906,0.51094,0.79107,2.72233,0.98688,0.000206203,0.000206203,0.000206203
66,161.589,0.72589,2.81667,0.92747,0.40611,0.87412,0.63691,0.53499,0.71359,2.69008,0.96707,0.000203847,0.000203847,0.000203847
67,163.726,0.7254,2.82788,0.93568,0.42331,0.82473,0.63103,0.52465,0.72719,2.67064,0.9718,0.000201491,0.000201491,0.000201491
68,166.648,0.71745,2.86711,0.92931,0.42803,0.79852,0.64726,0.54475,0.70337,2.63697,0.9653,0.000199135,0.000199135,0.000199135
69,169.294,0.7362,2.85352,0.94603,0.42295,0.78921,0.64026,0.54214,0.68514,2.65909,0.96179,0.000196778,0.000196778,0.000196778
70,171.294,0.70902,2.86212,0.93391,0.42658,0.84849,0.62283,0.52417,0.6888,2.68917,0.9584,0.000194422,0.000194422,0.000194422
71,173.529,0.70498,2.7608,0.9339,0.50246,0.80901,0.6659,0.55595,0.70132,2.62637,0.96373,0.000192066,0.000192066,0.000192066
72,175.674,0.70371,2.76698,0.92602,0.52881,0.78512,0.69765,0.58105,0.72135,2.61457,0.98798,0.00018971,0.00018971,0.00018971
73,177.803,0.68609,2.80691,0.92483,0.52156,0.82191,0.69175,0.57065,0.75594,2.62565,1.00556,0.000187354,0.000187354,0.000187354
74,181.003,0.72705,2.78538,0.95069,0.45673,0.87143,0.68332,0.58046,0.68915,2.5852,0.97228,0.000184997,0.000184997,0.000184997
75,183.485,0.70654,2.86619,0.92857,0.47709,0.83606,0.67651,0.5588,0.74187,2.59864,0.98232,0.000182641,0.000182641,0.000182641
76,185.711,0.72478,2.79321,0.93803,0.49526,0.82205,0.69042,0.5801,0.70441,2.57606,0.97187,0.000180285,0.000180285,0.000180285
77,187.825,0.71888,2.7617,0.95075,0.51382,0.84747,0.69928,0.58821,0.7011,2.57784,0.96969,0.000177929,0.000177929,0.000177929
78,189.908,0.69265,2.79966,0.92902,0.52921,0.84073,0.72626,0.61028,0.69681,2.5568,0.96439,0.000175573,0.000175573,0.000175573
79,192.349,0.69346,2.75366,0.93326,0.48288,0.82201,0.69049,0.57796,0.72292,2.55043,0.9697,0.000173216,0.000173216,0.000173216
80,195.612,0.672,2.71122,0.90925,0.4537,0.86992,0.67504,0.56092,0.72254,2.56902,0.96476,0.00017086,0.00017086,0.00017086
81,197.661,0.66697,2.7241,0.92552,0.43831,0.89346,0.6922,0.5746,0.72,2.55586,0.9605,0.000168504,0.000168504,0.000168504
82,199.78,0.66462,2.69042,0.90611,0.41761,0.89942,0.69415,0.57871,0.72099,2.55544,0.95685,0.000166148,0.000166148,0.000166148
83,201.819,0.66841,2.64491,0.92072,0.48642,0.84294,0.70068,0.58439,0.71731,2.50186,0.96377,0.000163792,0.000163792,0.000163792
84,203.904,0.65313,2.69009,0.91434,0.53293,0.83271,0.72291,0.61513,0.68153,2.44663,0.94706,0.000161435,0.000161435,0.000161435
85,206.371,0.67085,2.77124,0.92016,0.49083,0.85119,0.70199,0.59628,0.6704,2.48635,0.94373,0.000159079,0.000159079,0.000159079
86,209.548,0.66026,2.68307,0.91267,0.48735,0.85217,0.70254,0.59917,0.66657,2.54365,0.93887,0.000156723,0.000156723,0.000156723
87,211.703,0.66383,2.63781,0.9068,0.53809,0.84257,0.72659,0.61117,0.68504,2.4912,0.94239,0.000154367,0.000154367,0.000154367
88,213.985,0.6643,2.66566,0.90408,0.48315,0.81544,0.70237,0.59645,0.66615,2.49111,0.94431,0.000152011,0.000152011,0.000152011
89,216.104,0.69243,2.6292,0.91922,0.46411,0.81508,0.68521,0.58341,0.66896,2.51611,0.94962,0.000149654,0.000149654,0.000149654
90,218.228,0.71252,2.75164,0.93339,0.4991,0.81947,0.68598,0.58214,0.67454,2.52112,0.95448,0.000147298,0.000147298,0.000147298
91,220.731,0.67792,2.65315,0.93541,0.53346,0.83842,0.72078,0.61226,0.67257,2.46963,0.95283,0.000144942,0.000144942,0.000144942
92,223.738,0.69021,2.65501,0.91396,0.50469,0.86371,0.72407,0.61461,0.67993,2.45829,0.95374,0.000142586,0.000142586,0.000142586
93,225.9,0.65352,2.61388,0.90651,0.53035,0.8502,0.72686,0.61909,0.6644,2.44555,0.94799,0.00014023,0.00014023,0.00014023
94,228.147,0.66325,2.65922,0.9084,0.55488,0.83758,0.74681,0.63611,0.67552,2.42676,0.95509,0.000137873,0.000137873,0.000137873
95,230.227,0.67581,2.6253,0.91342,0.55663,0.83945,0.74606,0.63623,0.66783,2.40663,0.95334,0.000135517,0.000135517,0.000135517
96,232.404,0.64271,2.56571,0.91537,0.5354,0.83755,0.72423,0.60921,0.69081,2.41149,0.9654,0.000133161,0.000133161,0.000133161
97,235.06,0.68228,2.57072,0.91587,0.51545,0.86247,0.72523,0.60966,0.69141,2.41405,0.96718,0.000130805,0.000130805,0.000130805
98,237.833,0.66257,2.57604,0.9125,0.51023,0.86447,0.7264,0.61963,0.66786,2.43341,0.95948,0.000128449,0.000128449,0.000128449
99,240.066,0.64729,2.54945,0.90409,0.52379,0.82331,0.71453,0.59746,0.71549,2.48173,0.9657,0.000126092,0.000126092,0.000126092
100,242.152,0.6533,2.56386,0.91107,0.53766,0.84047,0.7177,0.61143,0.65619,2.44502,0.94376,0.000123736,0.000123736,0.000123736
101,244.344,0.64329,2.56509,0.92067,0.54849,0.878,0.72731,0.61571,0.67346,2.41298,0.94703,0.00012138,0.00012138,0.00012138
102,246.426,0.66981,2.54718,0.90757,0.56889,0.84101,0.75188,0.62838,0.70356,2.37988,0.95486,0.000119024,0.000119024,0.000119024
103,249.123,0.63447,2.54784,0.89806,0.55462,0.87383,0.75714,0.64991,0.6523,2.36186,0.93946,0.000116668,0.000116668,0.000116668
104,252.121,0.66479,2.55422,0.91757,0.51081,0.9009,0.76323,0.65251,0.66989,2.36649,0.94323,0.000114311,0.000114311,0.000114311
105,254.33,0.64634,2.52776,0.90673,0.51094,0.89502,0.76253,0.64754,0.67812,2.36445,0.94674,0.000111955,0.000111955,0.000111955
106,256.372,0.6582,2.61931,0.91062,0.50587,0.87966,0.74447,0.62201,0.7235,2.38872,0.95871,0.000109599,0.000109599,0.000109599
107,258.432,0.69102,2.56328,0.91118,0.50116,0.84329,0.72532,0.60532,0.7137,2.39971,0.95475,0.000107243,0.000107243,0.000107243
108,260.738,0.62557,2.48118,0.90341,0.51766,0.84391,0.73093,0.61816,0.67746,2.37493,0.9463,0.000104887,0.000104887,0.000104887
109,263.8,0.62362,2.49262,0.89904,0.54797,0.84479,0.73947,0.62989,0.66165,2.36711,0.9406,0.00010253,0.00010253,0.00010253
110,266.47,0.66135,2.56243,0.90657,0.58393,0.85349,0.74692,0.62917,0.68764,2.37469,0.94765,0.000100174,0.000100174,0.000100174
111,268.572,0.65877,2.62723,0.91194,0.60902,0.85019,0.76128,0.62702,0.76186,2.37852,0.97131,9.7818e-05,9.7818e-05,9.7818e-05
112,270.613,0.65556,2.53381,0.902,0.59581,0.85128,0.76565,0.6358,0.73462,2.3575,0.96531,9.54618e-05,9.54618e-05,9.54618e-05
113,272.881,0.63955,2.51858,0.90234,0.59081,0.84106,0.76321,0.64404,0.69501,2.34818,0.95685,9.31056e-05,9.31056e-05,9.31056e-05
114,275.047,0.63536,2.4717,0.89777,0.57791,0.86333,0.76126,0.64923,0.65566,2.34058,0.94866,9.07494e-05,9.07494e-05,9.07494e-05
115,278.343,0.6029,2.45675,0.89875,0.57082,0.88333,0.75947,0.64557,0.67016,2.34294,0.94893,8.83932e-05,8.83932e-05,8.83932e-05
116,280.741,0.61472,2.54289,0.90495,0.56758,0.85257,0.75133,0.6293,0.71624,2.36701,0.96156,8.6037e-05,8.6037e-05,8.6037e-05
117,282.797,0.65956,2.52012,0.92561,0.56514,0.84513,0.75209,0.62948,0.70686,2.3696,0.95891,8.36808e-05,8.36808e-05,8.36808e-05
118,285,0.61853,2.48412,0.88741,0.5549,0.84634,0.75198,0.64308,0.65826,2.36769,0.94466,8.13246e-05,8.13246e-05,8.13246e-05
119,287.111,0.66704,2.54624,0.92477,0.5484,0.8569,0.76934,0.66109,0.64593,2.34064,0.94408,7.89684e-05,7.89684e-05,7.89684e-05
120,289.615,0.61215,2.46282,0.89511,0.57313,0.85761,0.77776,0.66076,0.67384,2.33202,0.95096,7.66122e-05,7.66122e-05,7.66122e-05
121,292.733,0.60509,2.49874,0.90437,0.57863,0.85157,0.77695,0.65585,0.69277,2.33139,0.95647,7.4256e-05,7.4256e-05,7.4256e-05
122,295.015,0.63958,2.5075,0.90833,0.58921,0.84278,0.77908,0.66185,0.67109,2.32315,0.95006,7.18998e-05,7.18998e-05,7.18998e-05
123,297.008,0.62099,2.48124,0.89949,0.59292,0.84297,0.77329,0.66331,0.64403,2.32221,0.94278,6.95436e-05,6.95436e-05,6.95436e-05
124,299.298,0.65059,2.47964,0.90895,0.59016,0.85291,0.77351,0.66062,0.64953,2.32009,0.94559,6.71874e-05,6.71874e-05,6.71874e-05
125,301.414,0.62964,2.49217,0.93207,0.60158,0.83085,0.77473,0.66593,0.64736,2.31563,0.94538,6.48312e-05,6.48312e-05,6.48312e-05
126,304.085,0.61813,2.47352,0.8875,0.58487,0.84433,0.76811,0.66095,0.64551,2.31825,0.9432,6.2475e-05,6.2475e-05,6.2475e-05
127,306.903,0.63716,2.47983,0.89584,0.58855,0.82668,0.7704,0.66063,0.65015,2.33457,0.94722,6.01188e-05,6.01188e-05,6.01188e-05
128,309.051,0.62868,2.55079,0.90019,0.5788,0.83666,0.76277,0.65139,0.65457,2.31921,0.94882,5.77626e-05,5.77626e-05,5.77626e-05
129,311.205,0.63029,2.52871,0.89355,0.57563,0.83564,0.76945,0.65546,0.66124,2.30949,0.95135,5.54064e-05,5.54064e-05,5.54064e-05
130,313.357,0.61625,2.47509,0.90291,0.57893,0.86691,0.77729,0.66128,0.66671,2.30154,0.9493,5.30502e-05,5.30502e-05,5.30502e-05
131,315.612,0.6125,2.42729,0.90277,0.59076,0.85928,0.77951,0.67191,0.64313,2.29497,0.93742,5.0694e-05,5.0694e-05,5.0694e-05
132,318.77,0.65751,2.51688,0.92404,0.5952,0.84405,0.77846,0.67173,0.64231,2.30364,0.93712,4.83378e-05,4.83378e-05,4.83378e-05
133,321.238,0.6515,2.53833,0.9109,0.59064,0.84608,0.77787,0.67136,0.64228,2.30466,0.93665,4.59816e-05,4.59816e-05,4.59816e-05
134,323.418,0.64087,2.56224,0.90594,0.58731,0.84266,0.77152,0.66475,0.64613,2.30718,0.93583,4.36254e-05,4.36254e-05,4.36254e-05
135,325.641,0.5903,2.40366,0.88061,0.58502,0.83257,0.7671,0.65935,0.64863,2.30933,0.93835,4.12692e-05,4.12692e-05,4.12692e-05
136,327.677,0.58181,2.46506,0.8827,0.58028,0.86253,0.76194,0.65743,0.63917,2.30374,0.93718,3.8913e-05,3.8913e-05,3.8913e-05
137,329.985,0.60667,2.44278,0.90424,0.57373,0.87439,0.76255,0.6573,0.63679,2.30502,0.93801,3.65568e-05,3.65568e-05,3.65568e-05
138,333.222,0.60987,2.46367,0.89708,0.58594,0.87104,0.77165,0.66627,0.63609,2.30384,0.93821,3.42006e-05,3.42006e-05,3.42006e-05
139,335.565,0.64149,2.49672,0.90626,0.58795,0.86566,0.77563,0.66749,0.63643,2.29416,0.93688,3.18444e-05,3.18444e-05,3.18444e-05
140,337.699,0.61929,2.48286,0.90142,0.60517,0.86585,0.78773,0.67907,0.64164,2.28386,0.93678,2.94882e-05,2.94882e-05,2.94882e-05
141,341.923,0.54902,2.51221,0.88859,0.59635,0.85903,0.78974,0.67793,0.64789,2.28189,0.93905,2.7132e-05,2.7132e-05,2.7132e-05
142,344.5,0.54871,2.46672,0.88466,0.59449,0.85578,0.79025,0.6739,0.66366,2.28215,0.94441,2.47758e-05,2.47758e-05,2.47758e-05
143,347.621,0.54749,2.48615,0.8848,0.59354,0.84345,0.78392,0.66297,0.68184,2.29155,0.95026,2.24196e-05,2.24196e-05,2.24196e-05
144,349.789,0.56197,2.36629,0.88348,0.60133,0.84391,0.77788,0.65995,0.67076,2.30304,0.94733,2.00634e-05,2.00634e-05,2.00634e-05
145,351.761,0.5561,2.37234,0.87533,0.60065,0.84083,0.7741,0.66095,0.66327,2.31321,0.94574,1.77072e-05,1.77072e-05,1.77072e-05
146,354.044,0.60024,2.42801,0.88038,0.60014,0.83132,0.77129,0.66043,0.65229,2.32485,0.94395,1.5351e-05,1.5351e-05,1.5351e-05
147,356.048,0.54103,2.35868,0.8631,0.60006,0.83497,0.77235,0.66308,0.64691,2.33719,0.94425,1.29948e-05,1.29948e-05,1.29948e-05
148,358.432,0.54706,2.34097,0.8699,0.60147,0.83782,0.77238,0.66275,0.64713,2.33934,0.94519,1.06386e-05,1.06386e-05,1.06386e-05
149,361.513,0.56579,2.38088,0.89374,0.60455,0.84641,0.77357,0.66303,0.6483,2.33745,0.94593,8.2824e-06,8.2824e-06,8.2824e-06
150,363.95,0.58119,2.34112,0.89115,0.59991,0.84416,0.77338,0.66374,0.64985,2.33549,0.949,5.9262e-06,5.9262e-06,5.9262e-06
