group_id,best_class,max_conf,x_center,y_center,width,height,Leanbot_0,Leanbot_p15,Leanbot_p30,Leanbot_p45,Leanbot_p60,Leanbot_p75,Leanbot_p90,Leanbot_p105,Leanbot_p120,Leanbot_p135,Leanbot_p150,Leanbot_p165,Leanbot_p180,Leanbot_p195,Leanbot_m150,Leanbot_m135,Leanbot_m120,Leanbot_m105,Leanbot_m90,Leanbot_m75,Leanbot_m60,Leanbot_m45,Leanbot_m30,Leanbot_m15,x1,y1,x2
1,Leanbot_p195,0.61,260.89,334.18,55.04,35.50,0.34,0.02,0.00,0.00,0.00,0.00,0.00,0.00,0.00,0.00,0.00,0.01,0.00,0.61,0.00,0.00,0.00,0.01,0.00,0.00,0.00,0.00,0.00,0.01,233.37,316.43,288.41
1,Leanbot_p195,0.52,260.56,334.08,55.32,36.46,0.18,0.00,0.00,0.00,0.00,0.00,0.01,0.00,0.00,0.00,0.00,0.00,0.01,0.52,0.00,0.00,0.00,0.00,0.00,0.00,0.00,0.00,0.00,0.05,232.90,315.85,288.22
1,Leanbot_p195,0.38,261.21,334.14,54.82,36.14,0.22,0.04,0.00,0.01,0.00,0.00,0.00,0.00,0.00,0.00,0.00,0.04,0.00,0.38,0.00,0.00,0.00,0.01,0.00,0.00,0.00,0.00,0.00,0.01,233.80,316.07,288.62
1,Leanbot_0,0.36,260.97,334.01,54.67,35.09,0.36,0.01,0.00,0.00,0.00,0.00,0.00,0.00,0.00,0.00,0.00,0.00,0.00,0.13,0.00,0.00,0.00,0.00,0.01,0.00,0.00,0.00,0.00,0.01,233.64,316.46,288.31
1,Leanbot_0,0.33,261.13,334.08,54.60,35.78,0.33,0.01,0.00,0.00,0.00,0.00,0.00,0.00,0.00,0.00,0.00,0.01,0.00,0.13,0.00,0.00,0.00,0.00,0.01,0.00,0.00,0.00,0.00,0.02,233.83,316.19,288.43
1,Leanbot_p195,0.31,261.13,333.89,54.86,34.65,0.22,0.01,0.00,0.00,0.00,0.00,0.00,0.00,0.00,0.00,0.00,0.03,0.00,0.31,0.00,0.00,0.00,0.01,0.00,0.00,0.00,0.00,0.00,0.00,233.70,316.56,288.56
1,Leanbot_p195,0.20,260.38,334.37,54.64,36.16,0.11,0.00,0.00,0.00,0.00,0.00,0.01,0.00,0.00,0.00,0.00,0.00,0.03,0.20,0.00,0.00,0.00,0.00,0.00,0.00,0.00,0.00,0.00,0.02,233.06,316.29,287.70
1,Leanbot_0,0.09,261.02,333.62,54.61,34.97,0.09,0.01,0.00,0.00,0.00,0.00,0.00,0.00,0.00,0.00,0.00,0.00,0.00,0.03,0.00,0.00,0.00,0.00,0.00,0.00,0.00,0.00,0.00,0.00,233.71,316.13,288.32
1,Leanbot_m15,0.08,261.31,333.92,54.24,35.45,0.00,0.00,0.00,0.00,0.00,0.00,0.00,0.00,0.00,0.00,0.00,0.00,0.01,0.00,0.00,0.00,0.00,0.00,0.00,0.00,0.00,0.00,0.00,0.08,234.19,316.19,288.43
1,Leanbot_p180,0.06,261.39,334.01,54.12,35.64,0.00,0.00,0.00,0.00,0.00,0.00,0.00,0.00,0.00,0.00,0.00,0.00,0.06,0.00,0.00,0.00,0.00,0.00,0.00,0.00,0.00,0.00,0.00,0.01,234.33,316.19,288.45
1,Leanbot_m15,0.05,261.78,333.73,54.79,35.53,0.00,0.00,0.00,0.00,0.00,0.00,0.00,0.00,0.00,0.00,0.00,0.00,0.01,0.01,0.00,0.00,0.00,0.00,0.00,0.00,0.00,0.00,0.00,0.05,234.38,315.97,289.17
1,Leanbot_m15,0.03,261.39,334.07,54.08,35.66,0.00,0.00,0.00,0.00,0.00,0.00,0.00,0.00,0.00,0.00,0.00,0.00,0.00,0.00,0.00,0.00,0.00,0.00,0.00,0.00,0.00,0.00,0.00,0.03,234.35,316.24,288.43
1,Leanbot_p180,0.03,261.18,333.86,54.55,35.44,0.00,0.00,0.00,0.00,0.00,0.00,0.00,0.00,0.00,0.00,0.00,0.00,0.03,0.00,0.00,0.00,0.00,0.00,0.00,0.00,0.00,0.00,0.00,0.03,233.91,316.14,288.45
1,Leanbot_m15,0.03,261.46,333.99,52.69,36.13,0.00,0.00,0.00,0.00,0.00,0.00,0.00,0.00,0.00,0.00,0.00,0.00,0.00,0.00,0.00,0.00,0.00,0.00,0.00,0.00,0.00,0.00,0.00,0.03,235.11,315.93,287.80
1,Leanbot_p180,0.02,261.32,333.73,54.16,35.44,0.00,0.00,0.00,0.00,0.00,0.00,0.00,0.00,0.00,0.00,0.00,0.00,0.02,0.02,0.00,0.00,0.00,0.00,0.00,0.00,0.00,0.00,0.00,0.02,234.24,316.01,288.40
1,Leanbot_p180,0.02,262.07,333.17,53.18,35.01,0.00,0.00,0.00,0.00,0.00,0.00,0.00,0.00,0.00,0.00,0.00,0.00,0.02,0.00,0.00,0.00,0.00,0.00,0.00,0.00,0.00,0.00,0.00,0.00,235.48,315.67,288.66
1,Leanbot_p195,0.02,260.71,333.68,53.40,34.39,0.00,0.00,0.00,0.00,0.00,0.00,0.00,0.00,0.00,0.00,0.00,0.00,0.00,0.02,0.00,0.00,0.00,0.00,0.00,0.00,0.00,0.00,0.00,0.01,234.01,316.49,287.41
1,Leanbot_p180,0.02,261.42,334.09,53.87,35.25,0.00,0.00,0.00,0.00,0.00,0.00,0.00,0.00,0.00,0.00,0.00,0.00,0.02,0.00,0.00,0.00,0.00,0.00,0.00,0.00,0.00,0.00,0.00,0.01,234.49,316.46,288.36
2,Leanbot_p195,0.57,353.88,261.39,46.30,26.38,0.00,0.00,0.00,0.00,0.00,0.00,0.00,0.00,0.00,0.00,0.00,0.00,0.01,0.57,0.00,0.00,0.00,0.00,0.00,0.00,0.00,0.00,0.00,0.13,330.73,248.20,377.03
2,Leanbot_p180,0.47,353.87,261.26,46.57,26.82,0.00,0.00,0.00,0.00,0.00,0.00,0.00,0.00,0.00,0.00,0.00,0.02,0.47,0.03,0.01,0.00,0.00,0.00,0.00,0.00,0.00,0.00,0.00,0.26,330.58,247.85,377.16
2,Leanbot_m15,0.39,353.85,261.42,46.06,26.38,0.00,0.00,0.00,0.00,0.00,0.00,0.00,0.00,0.00,0.00,0.01,0.00,0.04,0.05,0.00,0.00,0.00,0.00,0.00,0.00,0.00,0.00,0.00,0.39,330.82,248.23,376.88
2,Leanbot_m15,0.36,353.87,261.35,46.86,26.68,0.00,0.00,0.00,0.00,0.00,0.00,0.00,0.00,0.00,0.00,0.01,0.00,0.08,0.01,0.00,0.00,0.00,0.00,0.00,0.00,0.00,0.00,0.00,0.36,330.44,248.01,377.30
2,Leanbot_p195,0.31,353.78,261.54,45.89,26.64,0.00,0.00,0.00,0.00,0.00,0.00,0.00,0.00,0.00,0.00,0.00,0.00,0.19,0.31,0.01,0.00,0.00,0.00,0.00,0.00,0.00,0.00,0.00,0.30,330.83,248.22,376.72
2,Leanbot_p180,0.28,353.88,261.71,46.01,27.07,0.00,0.00,0.00,0.00,0.00,0.00,0.00,0.00,0.00,0.00,0.00,0.00,0.28,0.01,0.02,0.00,0.00,0.00,0.00,0.00,0.00,0.00,0.00,0.06,330.88,248.17,376.88
2,Leanbot_p180,0.22,354.25,261.25,46.29,26.69,0.00,0.00,0.00,0.00,0.00,0.00,0.00,0.00,0.00,0.00,0.00,0.04,0.22,0.00,0.00,0.00,0.00,0.00,0.00,0.00,0.00,0.00,0.00,0.07,331.11,247.91,377.39
2,Leanbot_p195,0.13,353.56,261.29,45.54,26.19,0.00,0.00,0.00,0.00,0.00,0.00,0.00,0.00,0.00,0.00,0.00,0.00,0.00,0.13,0.00,0.00,0.00,0.00,0.00,0.00,0.00,0.00,0.00,0.12,330.79,248.20,376.33
2,Leanbot_p180,0.12,353.80,261.68,46.03,27.08,0.00,0.00,0.00,0.00,0.00,0.00,0.00,0.00,0.00,0.00,0.00,0.00,0.12,0.06,0.02,0.00,0.00,0.00,0.00,0.00,0.00,0.00,0.00,0.08,330.79,248.14,376.81
2,Leanbot_m15,0.10,354.49,261.73,44.99,26.25,0.00,0.00,0.00,0.00,0.00,0.00,0.00,0.00,0.00,0.00,0.00,0.00,0.05,0.00,0.00,0.00,0.00,0.00,0.00,0.00,0.00,0.00,0.00,0.10,332.00,248.61,376.99
2,Leanbot_m15,0.10,354.31,261.20,46.69,26.37,0.00,0.00,0.00,0.00,0.00,0.00,0.00,0.00,0.00,0.00,0.00,0.00,0.08,0.00,0.00,0.00,0.00,0.00,0.00,0.00,0.00,0.00,0.00,0.10,330.97,248.01,377.65
2,Leanbot_p195,0.07,353.67,261.58,46.58,26.80,0.03,0.00,0.00,0.00,0.00,0.00,0.00,0.00,0.00,0.00,0.00,0.00,0.00,0.07,0.00,0.00,0.00,0.00,0.00,0.00,0.00,0.00,0.00,0.00,330.38,248.18,376.96
2,Leanbot_p195,0.06,353.71,261.75,46.14,26.86,0.03,0.00,0.00,0.00,0.00,0.00,0.00,0.00,0.00,0.00,0.00,0.01,0.00,0.06,0.00,0.00,0.00,0.00,0.00,0.00,0.00,0.00,0.00,0.00,330.64,248.32,376.78
2,Leanbot_0,0.04,354.32,261.52,48.54,26.21,0.04,0.00,0.00,0.00,0.00,0.00,0.00,0.00,0.00,0.00,0.00,0.00,0.00,0.02,0.00,0.00,0.00,0.00,0.00,0.00,0.00,0.00,0.00,0.01,330.05,248.41,378.59
2,Leanbot_p195,0.03,353.89,261.48,46.21,26.36,0.00,0.00,0.00,0.00,0.00,0.00,0.00,0.00,0.00,0.00,0.00,0.00,0.01,0.03,0.00,0.00,0.00,0.00,0.00,0.00,0.00,0.00,0.00,0.01,330.78,248.30,377.00
2,Leanbot_p195,0.03,353.84,261.25,45.90,27.70,0.01,0.00,0.00,0.00,0.00,0.00,0.00,0.00,0.00,0.00,0.00,0.00,0.00,0.03,0.00,0.00,0.00,0.00,0.00,0.00,0.00,0.00,0.00,0.00,330.89,247.40,376.79
2,Leanbot_p195,0.03,353.95,261.33,46.04,27.84,0.01,0.00,0.00,0.00,0.00,0.00,0.00,0.00,0.00,0.00,0.00,0.01,0.00,0.03,0.00,0.00,0.00,0.00,0.00,0.00,0.00,0.00,0.00,0.00,330.93,247.41,376.97
2,Leanbot_p180,0.02,354.12,261.35,46.58,25.30,0.00,0.00,0.00,0.00,0.00,0.00,0.00,0.00,0.00,0.00,0.00,0.01,0.02,0.00,0.00,0.00,0.00,0.00,0.00,0.00,0.00,0.00,0.00,0.02,330.83,248.70,377.41
2,Leanbot_0,0.02,354.94,260.85,47.10,25.92,0.02,0.00,0.00,0.00,0.00,0.00,0.00,0.00,0.00,0.00,0.00,0.00,0.00,0.02,0.00,0.00,0.00,0.00,0.00,0.00,0.00,0.00,0.00,0.00,331.39,247.89,378.49
2,Leanbot_m15,0.02,354.23,261.08,46.58,25.27,0.00,0.00,0.00,0.00,0.00,0.00,0.00,0.00,0.00,0.00,0.00,0.00,0.01,0.00,0.00,0.00,0.00,0.00,0.00,0.00,0.00,0.00,0.00,0.02,330.94,248.44,377.52
2,Leanbot_p195,0.01,351.46,261.52,42.92,24.36,0.00,0.00,0.00,0.00,0.00,0.00,0.00,0.00,0.00,0.00,0.00,0.00,0.00,0.01,0.00,0.00,0.00,0.00,0.00,0.00,0.00,0.00,0.00,0.01,330.00,249.34,372.92
3,Leanbot_p195,0.56,438.42,258.48,50.64,27.55,0.00,0.00,0.00,0.00,0.00,0.00,0.00,0.00,0.00,0.00,0.00,0.00,0.09,0.56,0.00,0.00,0.00,0.00,0.00,0.00,0.00,0.00,0.00,0.31,413.10,244.71,463.74
3,Leanbot_p195,0.40,437.13,258.61,49.25,26.55,0.00,0.00,0.00,0.00,0.00,0.00,0.00,0.00,0.00,0.00,0.00,0.00,0.00,0.40,0.00,0.00,0.00,0.00,0.00,0.00,0.00,0.00,0.00,0.08,412.50,245.34,461.75
3,Leanbot_p180,0.35,439.12,259.10,47.99,27.61,0.00,0.00,0.00,0.00,0.00,0.00,0.00,0.00,0.00,0.00,0.00,0.00,0.35,0.03,0.02,0.00,0.00,0.00,0.00,0.00,0.00,0.00,0.00,0.10,415.12,245.30,463.12
3,Leanbot_p180,0.31,438.52,258.74,49.82,27.47,0.00,0.00,0.00,0.00,0.00,0.00,0.00,0.00,0.00,0.00,0.01,0.00,0.31,0.13,0.01,0.00,0.00,0.00,0.00,0.00,0.00,0.00,0.00,0.21,413.61,245.00,463.43
3,Leanbot_p180,0.28,439.11,258.69,48.97,27.19,0.00,0.00,0.00,0.00,0.00,0.00,0.00,0.00,0.00,0.00,0.00,0.00,0.28,0.02,0.00,0.00,0.00,0.00,0.00,0.00,0.00,0.00,0.00,0.05,414.62,245.09,463.60
3,Leanbot_p180,0.24,438.39,258.90,48.92,27.83,0.00,0.00,0.00,0.00,0.00,0.00,0.00,0.00,0.00,0.00,0.00,0.00,0.24,0.13,0.05,0.00,0.00,0.00,0.00,0.00,0.00,0.00,0.00,0.20,413.93,244.98,462.85
3,Leanbot_p195,0.20,438.25,258.32,49.55,28.65,0.05,0.00,0.00,0.00,0.00,0.00,0.00,0.00,0.00,0.00,0.00,0.01,0.00,0.20,0.00,0.00,0.00,0.01,0.00,0.00,0.00,0.00,0.00,0.01,413.48,244.00,463.02
3,Leanbot_p195,0.18,438.49,258.53,50.03,27.67,0.00,0.00,0.00,0.00,0.00,0.00,0.00,0.00,0.00,0.00,0.00,0.00,0.03,0.18,0.02,0.00,0.00,0.00,0.00,0.00,0.01,0.00,0.00,0.10,413.48,244.69,463.50
3,Leanbot_m15,0.16,438.33,258.64,50.48,27.42,0.00,0.00,0.00,0.00,0.00,0.00,0.00,0.00,0.00,0.00,0.01,0.00,0.01,0.05,0.00,0.00,0.00,0.00,0.00,0.00,0.00,0.00,0.00,0.16,413.09,244.93,463.57
3,Leanbot_m15,0.14,438.47,258.64,50.24,27.37,0.00,0.00,0.00,0.00,0.00,0.00,0.00,0.00,0.00,0.00,0.01,0.00,0.07,0.01,0.00,0.00,0.00,0.00,0.00,0.00,0.00,0.00,0.00,0.14,413.35,244.95,463.59
3,Leanbot_p195,0.11,438.17,258.20,51.01,28.70,0.06,0.00,0.00,0.00,0.00,0.00,0.00,0.00,0.00,0.00,0.00,0.01,0.00,0.11,0.00,0.00,0.00,0.01,0.00,0.00,0.00,0.00,0.00,0.00,412.67,243.85,463.68
3,Leanbot_m15,0.08,439.45,258.85,47.43,25.89,0.00,0.00,0.00,0.00,0.00,0.00,0.00,0.00,0.00,0.00,0.00,0.01,0.03,0.00,0.00,0.00,0.00,0.00,0.00,0.00,0.00,0.00,0.00,0.08,415.74,245.91,463.16
3,Leanbot_p195,0.07,438.33,258.34,49.75,28.49,0.02,0.01,0.00,0.00,0.00,0.00,0.00,0.00,0.00,0.00,0.00,0.01,0.00,0.07,0.00,0.00,0.00,0.00,0.00,0.00,0.00,0.00,0.00,0.00,413.45,244.09,463.20
3,Leanbot_p180,0.06,438.52,258.77,49.49,26.33,0.00,0.00,0.00,0.00,0.00,0.00,0.00,0.00,0.00,0.00,0.00,0.01,0.06,0.00,0.00,0.00,0.00,0.00,0.00,0.00,0.00,0.00,0.00,0.05,413.77,245.60,463.26
3,Leanbot_p195,0.05,438.21,258.13,50.66,28.11,0.04,0.01,0.00,0.00,0.00,0.00,0.00,0.00,0.00,0.00,0.00,0.01,0.00,0.05,0.00,0.00,0.00,0.00,0.00,0.00,0.00,0.00,0.00,0.01,412.88,244.07,463.54
3,Leanbot_p195,0.05,437.03,258.93,48.39,26.36,0.00,0.00,0.00,0.00,0.00,0.00,0.00,0.00,0.00,0.00,0.00,0.00,0.00,0.05,0.00,0.00,0.00,0.00,0.00,0.00,0.00,0.00,0.00,0.03,412.83,245.75,461.22
3,Leanbot_p180,0.04,438.98,258.87,49.22,26.70,0.00,0.00,0.00,0.00,0.00,0.00,0.00,0.00,0.00,0.00,0.00,0.00,0.04,0.00,0.00,0.00,0.00,0.00,0.00,0.00,0.00,0.00,0.00,0.04,414.37,245.52,463.59
3,Leanbot_p195,0.04,437.07,258.71,48.24,26.49,0.00,0.00,0.00,0.00,0.00,0.00,0.00,0.00,0.00,0.00,0.00,0.00,0.00,0.04,0.00,0.00,0.00,0.00,0.00,0.00,0.00,0.00,0.00,0.02,412.95,245.46,461.19
3,Leanbot_p195,0.03,438.30,258.17,50.02,28.58,0.01,0.00,0.00,0.00,0.00,0.00,0.00,0.00,0.00,0.00,0.00,0.00,0.00,0.03,0.00,0.00,0.00,0.00,0.00,0.00,0.00,0.00,0.00,0.00,413.29,243.88,463.31
3,Leanbot_m15,0.02,444.84,258.22,36.99,23.64,0.00,0.00,0.00,0.00,0.00,0.00,0.00,0.00,0.00,0.00,0.00,0.00,0.00,0.00,0.00,0.00,0.00,0.00,0.01,0.00,0.00,0.00,0.00,0.02,426.34,246.40,463.33
3,Leanbot_p195,0.02,438.22,258.72,50.15,28.30,0.01,0.00,0.00,0.00,0.00,0.00,0.00,0.00,0.00,0.00,0.00,0.01,0.00,0.02,0.00,0.00,0.00,0.00,0.00,0.00,0.00,0.00,0.00,0.00,413.15,244.57,463.30
4,Leanbot_p180,0.48,501.77,417.02,72.37,53.32,0.00,0.00,0.00,0.00,0.00,0.00,0.00,0.00,0.00,0.00,0.00,0.00,0.48,0.01,0.04,0.00,0.00,0.00,0.00,0.00,0.00,0.00,0.00,0.07,465.58,390.36,537.95
4,Leanbot_m15,0.27,502.33,416.74,73.27,53.55,0.00,0.00,0.00,0.00,0.00,0.00,0.00,0.00,0.00,0.00,0.00,0.00,0.05,0.02,0.00,0.00,0.00,0.00,0.00,0.00,0.00,0.00,0.00,0.27,465.69,389.97,538.97
4,Leanbot_p180,0.21,501.98,416.42,71.97,54.11,0.00,0.00,0.00,0.00,0.00,0.00,0.00,0.00,0.00,0.00,0.00,0.00,0.21,0.02,0.00,0.01,0.00,0.00,0.00,0.00,0.00,0.00,0.00,0.14,466.00,389.37,537.97
4,Leanbot_p180,0.19,501.73,416.88,72.11,53.71,0.00,0.00,0.00,0.00,0.00,0.00,0.00,0.00,0.00,0.00,0.00,0.00,0.19,0.00,0.00,0.00,0.00,0.00,0.00,0.00,0.00,0.00,0.00,0.13,465.68,390.02,537.78
4,Leanbot_p195,0.19,500.83,416.48,72.93,50.09,0.01,0.00,0.00,0.00,0.00,0.00,0.00,0.00,0.00,0.00,0.00,0.00,0.06,0.19,0.01,0.00,0.00,0.00,0.00,0.00,0.00,0.00,0.00,0.02,464.37,391.44,537.29
4,Leanbot_p195,0.18,501.21,417.33,71.07,52.34,0.01,0.01,0.00,0.00,0.00,0.00,0.00,0.00,0.00,0.00,0.00,0.04,0.00,0.18,0.00,0.00,0.00,0.00,0.00,0.00,0.00,0.00,0.00,0.00,465.67,391.16,536.75
4,Leanbot_p165,0.18,501.20,417.51,71.23,53.49,0.00,0.00,0.00,0.00,0.00,0.00,0.00,0.00,0.00,0.00,0.00,0.18,0.00,0.02,0.00,0.00,0.00,0.00,0.00,0.00,0.00,0.00,0.01,0.00,465.58,390.76,536.81
4,Leanbot_p195,0.15,501.17,417.46,71.09,53.30,0.00,0.00,0.00,0.00,0.00,0.00,0.00,0.00,0.00,0.00,0.00,0.07,0.00,0.15,0.00,0.00,0.00,0.00,0.00,0.00,0.00,0.00,0.01,0.00,465.62,390.81,536.72
4,Leanbot_p195,0.14,501.00,416.58,72.90,50.46,0.02,0.00,0.00,0.00,0.00,0.00,0.00,0.00,0.00,0.00,0.00,0.00,0.04,0.14,0.00,0.00,0.00,0.00,0.00,0.00,0.00,0.00,0.00,0.03,464.55,391.35,537.45
4,Leanbot_p195,0.14,500.53,415.89,72.68,49.56,0.03,0.00,0.01,0.00,0.00,0.00,0.00,0.00,0.00,0.00,0.00,0.00,0.05,0.14,0.02,0.00,0.00,0.00,0.00,0.00,0.00,0.00,0.00,0.03,464.19,391.11,536.87
4,Leanbot_p180,0.11,502.38,417.12,69.87,53.00,0.00,0.00,0.00,0.00,0.00,0.00,0.00,0.00,0.00,0.00,0.00,0.00,0.11,0.00,0.01,0.00,0.00,0.00,0.00,0.00,0.00,0.00,0.00,0.01,467.44,390.62,537.32
4,Leanbot_p180,0.10,501.55,416.96,73.15,53.39,0.00,0.00,0.00,0.00,0.00,0.00,0.00,0.00,0.00,0.00,0.00,0.00,0.10,0.00,0.00,0.00,0.00,0.00,0.00,0.00,0.00,0.00,0.00,0.02,464.98,390.26,538.12
4,Leanbot_p195,0.09,500.75,416.83,72.49,51.69,0.01,0.00,0.00,0.00,0.00,0.00,0.00,0.00,0.00,0.00,0.00,0.00,0.06,0.09,0.00,0.00,0.00,0.00,0.00,0.00,0.00,0.00,0.00,0.01,464.50,390.99,537.00
4,Leanbot_p180,0.08,502.40,416.94,69.64,53.01,0.00,0.00,0.00,0.00,0.00,0.00,0.00,0.00,0.00,0.00,0.00,0.00,0.08,0.00,0.01,0.00,0.00,0.00,0.00,0.00,0.00,0.00,0.00,0.01,467.58,390.44,537.22
4,Leanbot_p180,0.06,502.12,416.49,69.97,54.10,0.00,0.00,0.00,0.00,0.00,0.00,0.00,0.00,0.00,0.00,0.00,0.00,0.06,0.00,0.00,0.01,0.00,0.00,0.00,0.00,0.00,0.00,0.00,0.02,467.13,389.44,537.11
4,Leanbot_m15,0.06,501.82,417.34,71.87,51.49,0.00,0.00,0.00,0.00,0.00,0.00,0.00,0.00,0.00,0.00,0.00,0.00,0.00,0.01,0.00,0.00,0.00,0.00,0.00,0.00,0.00,0.00,0.00,0.06,465.88,391.59,537.75
4,Leanbot_p165,0.05,501.30,418.00,70.11,52.99,0.00,0.00,0.00,0.00,0.00,0.00,0.00,0.00,0.00,0.00,0.00,0.05,0.00,0.00,0.00,0.00,0.00,0.00,0.00,0.00,0.00,0.00,0.00,0.00,466.25,391.50,536.36
4,Leanbot_p195,0.05,501.18,417.36,70.75,51.87,0.01,0.00,0.00,0.00,0.00,0.00,0.00,0.00,0.00,0.00,0.00,0.01,0.00,0.05,0.00,0.00,0.00,0.00,0.00,0.00,0.00,0.00,0.00,0.00,465.81,391.43,536.56
4,Leanbot_m15,0.04,499.71,417.27,68.94,52.45,0.00,0.00,0.00,0.00,0.00,0.00,0.00,0.00,0.00,0.00,0.00,0.00,0.00,0.00,0.00,0.00,0.00,0.00,0.00,0.00,0.00,0.00,0.00,0.04,465.24,391.04,534.18
4,Leanbot_m15,0.04,502.98,417.48,71.85,50.66,0.00,0.00,0.00,0.00,0.00,0.00,0.00,0.00,0.00,0.00,0.00,0.00,0.01,0.00,0.00,0.00,0.00,0.00,0.00,0.00,0.00,0.00,0.00,0.04,467.06,392.15,538.90
4,Leanbot_p165,0.03,501.25,417.47,72.08,53.50,0.01,0.01,0.00,0.00,0.00,0.00,0.00,0.00,0.00,0.00,0.00,0.03,0.00,0.01,0.00,0.00,0.00,0.01,0.00,0.00,0.00,0.00,0.00,0.00,465.21,390.72,537.29
4,Leanbot_p195,0.03,501.45,417.68,70.59,52.71,0.00,0.00,0.00,0.00,0.00,0.00,0.00,0.00,0.00,0.00,0.00,0.01,0.00,0.03,0.00,0.00,0.00,0.00,0.00,0.00,0.00,0.00,0.00,0.00,466.15,391.32,536.75
4,Leanbot_m15,0.03,499.02,417.65,67.09,52.32,0.00,0.00,0.00,0.00,0.00,0.00,0.00,0.00,0.00,0.00,0.00,0.00,0.00,0.00,0.00,0.00,0.00,0.00,0.00,0.00,0.00,0.00,0.00,0.03,465.47,391.49,532.56
4,Leanbot_p165,0.02,501.34,417.70,70.57,52.90,0.00,0.00,0.00,0.00,0.00,0.00,0.00,0.00,0.00,0.00,0.00,0.02,0.00,0.00,0.00,0.00,0.00,0.00,0.00,0.00,0.00,0.00,0.00,0.00,466.05,391.25,536.62
4,Leanbot_p180,0.02,500.93,416.92,70.63,52.83,0.00,0.00,0.00,0.00,0.00,0.00,0.00,0.00,0.00,0.00,0.00,0.00,0.02,0.00,0.00,0.00,0.00,0.00,0.00,0.00,0.00,0.00,0.00,0.01,465.62,390.50,536.25
4,Leanbot_p180,0.02,503.07,416.99,68.53,50.95,0.00,0.00,0.00,0.00,0.00,0.00,0.00,0.00,0.00,0.00,0.00,0.00,0.02,0.00,0.00,0.00,0.00,0.00,0.00,0.00,0.00,0.00,0.00,0.01,468.81,391.51,537.34
4,Leanbot_p180,0.01,502.83,415.79,68.40,50.15,0.00,0.00,0.00,0.00,0.00,0.00,0.00,0.00,0.00,0.00,0.00,0.00,0.01,0.00,0.00,0.00,0.00,0.00,0.00,0.00,0.00,0.00,0.00,0.00,468.63,390.72,537.03
5,Leanbot_p195,0.42,369.53,419.34,67.19,44.95,0.08,0.00,0.00,0.00,0.00,0.00,0.00,0.00,0.00,0.00,0.00,0.01,0.00,0.42,0.00,0.00,0.00,0.00,0.00,0.00,0.00,0.00,0.00,0.00,335.93,396.86,403.12
5,Leanbot_p195,0.33,369.00,419.18,67.00,45.13,0.03,0.00,0.00,0.00,0.00,0.00,0.01,0.00,0.00,0.00,0.00,0.00,0.15,0.33,0.00,0.00,0.00,0.00,0.00,0.00,0.00,0.00,0.00,0.03,335.50,396.62,402.50
5,Leanbot_m15,0.21,369.48,419.16,67.98,46.71,0.00,0.00,0.00,0.00,0.00,0.00,0.00,0.00,0.00,0.00,0.00,0.00,0.05,0.00,0.00,0.00,0.00,0.00,0.00,0.00,0.00,0.00,0.00,0.21,335.49,395.81,403.47
5,Leanbot_p195,0.18,369.48,419.26,67.26,45.06,0.04,0.00,0.00,0.00,0.00,0.00,0.00,0.00,0.00,0.00,0.00,0.02,0.00,0.18,0.00,0.00,0.00,0.01,0.00,0.00,0.00,0.00,0.00,0.00,335.85,396.73,403.11
5,Leanbot_p195,0.15,369.43,419.64,66.88,44.90,0.02,0.00,0.00,0.00,0.00,0.00,0.00,0.00,0.00,0.00,0.00,0.00,0.00,0.15,0.00,0.00,0.00,0.00,0.00,0.00,0.00,0.00,0.00,0.00,335.99,397.19,402.87
5,Leanbot_p195,0.14,368.67,419.23,67.65,44.28,0.04,0.00,0.00,0.00,0.00,0.00,0.00,0.00,0.00,0.00,0.00,0.00,0.06,0.14,0.01,0.00,0.00,0.00,0.00,0.00,0.00,0.00,0.00,0.02,334.85,397.09,402.50
5,Leanbot_p195,0.12,368.81,419.21,66.36,43.29,0.04,0.00,0.00,0.00,0.00,0.00,0.00,0.00,0.00,0.00,0.00,0.00,0.03,0.12,0.00,0.00,0.00,0.00,0.00,0.00,0.00,0.00,0.00,0.03,335.63,397.56,401.99
5,Leanbot_m15,0.10,369.21,419.24,67.65,45.62,0.00,0.00,0.00,0.00,0.00,0.00,0.00,0.00,0.00,0.00,0.00,0.00,0.01,0.00,0.00,0.00,0.00,0.00,0.00,0.00,0.00,0.00,0.00,0.10,335.38,396.43,403.03
5,Leanbot_m15,0.07,369.26,419.25,68.15,46.33,0.00,0.00,0.00,0.00,0.00,0.00,0.00,0.00,0.00,0.00,0.00,0.00,0.06,0.00,0.00,0.00,0.00,0.00,0.00,0.00,0.00,0.00,0.00,0.07,335.19,396.08,403.33
5,Leanbot_p180,0.07,368.92,419.31,69.85,46.71,0.00,0.00,0.00,0.00,0.00,0.00,0.00,0.00,0.00,0.00,0.00,0.00,0.07,0.00,0.00,0.00,0.00,0.00,0.00,0.00,0.00,0.00,0.00,0.02,334.00,395.95,403.85
5,Leanbot_m15,0.07,368.89,419.23,69.54,46.36,0.00,0.00,0.00,0.00,0.00,0.00,0.00,0.00,0.00,0.00,0.00,0.00,0.04,0.00,0.00,0.00,0.00,0.00,0.00,0.00,0.00,0.00,0.00,0.07,334.12,396.05,403.66
5,Leanbot_p195,0.06,369.30,419.68,67.28,44.52,0.02,0.00,0.00,0.00,0.00,0.00,0.00,0.00,0.00,0.00,0.00,0.01,0.00,0.06,0.00,0.00,0.00,0.00,0.00,0.00,0.00,0.00,0.00,0.00,335.66,397.42,402.94
5,Leanbot_m15,0.05,369.39,419.22,68.00,46.49,0.00,0.00,0.00,0.00,0.00,0.00,0.00,0.00,0.00,0.00,0.00,0.00,0.01,0.00,0.00,0.00,0.00,0.00,0.00,0.00,0.00,0.00,0.00,0.05,335.39,395.98,403.39
5,Leanbot_p195,0.05,368.50,419.20,68.19,46.17,0.02,0.00,0.00,0.00,0.00,0.00,0.00,0.00,0.00,0.00,0.00,0.00,0.02,0.05,0.00,0.00,0.00,0.00,0.00,0.00,0.00,0.00,0.00,0.01,334.40,396.12,402.60
5,Leanbot_m15,0.04,368.66,419.17,66.85,46.29,0.00,0.00,0.00,0.00,0.00,0.00,0.00,0.00,0.00,0.00,0.00,0.00,0.01,0.00,0.00,0.00,0.00,0.00,0.00,0.00,0.00,0.00,0.00,0.04,335.24,396.03,402.09
5,Leanbot_p180,0.04,368.52,419.72,68.75,45.13,0.00,0.00,0.00,0.00,0.00,0.00,0.00,0.00,0.00,0.00,0.00,0.00,0.04,0.00,0.00,0.00,0.00,0.00,0.00,0.00,0.00,0.00,0.00,0.00,334.14,397.16,402.89
5,Leanbot_p195,0.04,369.22,419.46,67.39,43.95,0.01,0.00,0.00,0.00,0.00,0.00,0.00,0.00,0.00,0.00,0.00,0.01,0.00,0.04,0.00,0.00,0.00,0.00,0.00,0.00,0.00,0.00,0.00,0.00,335.53,397.48,402.92
5,Leanbot_p180,0.04,368.64,418.84,69.19,45.91,0.00,0.00,0.00,0.00,0.00,0.00,0.00,0.00,0.00,0.00,0.00,0.00,0.04,0.00,0.00,0.00,0.00,0.00,0.00,0.00,0.00,0.00,0.00,0.01,334.04,395.88,403.24
5,Leanbot_m15,0.04,368.94,419.31,69.87,44.89,0.00,0.00,0.00,0.00,0.00,0.00,0.00,0.00,0.00,0.00,0.00,0.00,0.01,0.00,0.00,0.00,0.00,0.00,0.00,0.00,0.00,0.00,0.00,0.04,334.00,396.87,403.88
5,Leanbot_p195,0.03,369.58,419.45,67.23,45.28,0.02,0.00,0.00,0.00,0.00,0.00,0.00,0.00,0.00,0.00,0.00,0.01,0.00,0.03,0.00,0.00,0.00,0.00,0.00,0.00,0.00,0.00,0.00,0.00,335.96,396.81,403.19
5,Leanbot_p195,0.03,368.35,419.45,65.28,44.72,0.02,0.01,0.00,0.00,0.00,0.00,0.00,0.00,0.00,0.00,0.00,0.02,0.00,0.03,0.00,0.00,0.00,0.01,0.00,0.00,0.00,0.00,0.00,0.00,335.71,397.09,400.99
5,Leanbot_p180,0.02,369.29,419.26,67.87,44.38,0.00,0.00,0.00,0.00,0.00,0.00,0.00,0.00,0.00,0.00,0.00,0.00,0.02,0.00,0.00,0.00,0.00,0.00,0.00,0.00,0.00,0.00,0.00,0.00,335.36,397.07,403.23
5,Leanbot_0,0.02,368.58,419.48,65.27,44.66,0.02,0.00,0.00,0.00,0.00,0.00,0.00,0.00,0.00,0.00,0.00,0.01,0.00,0.01,0.00,0.00,0.00,0.00,0.00,0.01,0.00,0.00,0.00,0.00,335.94,397.15,401.21
5,Leanbot_m15,0.02,369.33,419.44,66.97,44.64,0.00,0.00,0.00,0.00,0.00,0.00,0.00,0.00,0.00,0.00,0.00,0.00,0.00,0.00,0.00,0.00,0.00,0.00,0.00,0.00,0.00,0.00,0.00,0.02,335.84,397.12,402.81
5,Leanbot_0,0.02,368.40,418.44,66.72,43.46,0.02,0.00,0.00,0.00,0.00,0.00,0.00,0.00,0.00,0.00,0.00,0.00,0.00,0.01,0.00,0.00,0.00,0.00,0.00,0.00,0.00,0.00,0.00,0.00,335.04,396.71,401.76
5,Leanbot_m15,0.01,365.82,419.14,60.14,44.33,0.00,0.00,0.00,0.00,0.00,0.00,0.00,0.00,0.00,0.00,0.00,0.00,0.00,0.00,0.00,0.00,0.00,0.00,0.00,0.00,0.00,0.00,0.00,0.01,335.75,396.97,395.89
6,Leanbot_p195,0.39,243.65,424.61,64.34,45.54,0.17,0.01,0.00,0.00,0.00,0.00,0.00,0.00,0.00,0.00,0.00,0.01,0.00,0.39,0.00,0.00,0.00,0.01,0.01,0.00,0.00,0.00,0.00,0.01,211.48,401.84,275.82
6,Leanbot_p195,0.37,243.37,424.71,64.47,45.54,0.21,0.01,0.00,0.00,0.00,0.00,0.00,0.00,0.00,0.00,0.00,0.00,0.00,0.37,0.00,0.00,0.00,0.00,0.01,0.00,0.00,0.00,0.00,0.01,211.13,401.94,275.61
6,Leanbot_p195,0.32,243.31,424.06,64.49,44.14,0.05,0.00,0.00,0.00,0.00,0.00,0.01,0.00,0.00,0.00,0.00,0.00,0.11,0.32,0.00,0.00,0.00,0.00,0.00,0.00,0.00,0.00,0.00,0.02,211.06,401.99,275.56
6,Leanbot_p195,0.31,243.43,423.82,64.32,44.05,0.14,0.00,0.00,0.00,0.00,0.00,0.00,0.00,0.00,0.00,0.00,0.00,0.06,0.31,0.01,0.00,0.00,0.00,0.00,0.00,0.00,0.00,0.00,0.02,211.27,401.80,275.59
6,Leanbot_0,0.18,243.61,424.62,64.86,45.39,0.18,0.00,0.00,0.00,0.00,0.00,0.00,0.00,0.00,0.00,0.00,0.00,0.00,0.06,0.00,0.00,0.00,0.00,0.01,0.00,0.00,0.00,0.00,0.01,211.18,401.93,276.04
6,Leanbot_p195,0.11,243.61,424.55,64.27,45.27,0.05,0.00,0.00,0.00,0.00,0.00,0.00,0.00,0.00,0.00,0.00,0.01,0.00,0.11,0.00,0.00,0.00,0.00,0.01,0.00,0.00,0.00,0.00,0.00,211.48,401.92,275.75
6,Leanbot_p195,0.10,243.71,424.40,64.90,45.65,0.06,0.01,0.01,0.00,0.00,0.00,0.00,0.00,0.00,0.00,0.00,0.01,0.00,0.10,0.00,0.00,0.00,0.01,0.00,0.00,0.00,0.00,0.00,0.00,211.26,401.57,276.16
6,Leanbot_p180,0.10,243.98,423.97,63.63,45.77,0.00,0.00,0.00,0.00,0.00,0.00,0.00,0.00,0.00,0.00,0.00,0.00,0.10,0.00,0.00,0.00,0.00,0.00,0.00,0.00,0.00,0.00,0.00,0.01,212.16,401.09,275.80
6,Leanbot_0,0.10,243.42,424.19,64.79,45.10,0.10,0.01,0.00,0.00,0.00,0.00,0.00,0.00,0.00,0.00,0.00,0.00,0.00,0.01,0.00,0.00,0.00,0.00,0.01,0.00,0.00,0.00,0.00,0.01,211.02,401.64,275.81
6,Leanbot_m15,0.07,243.44,423.81,64.10,45.91,0.00,0.00,0.00,0.00,0.00,0.00,0.00,0.00,0.00,0.00,0.00,0.00,0.01,0.00,0.00,0.00,0.00,0.00,0.00,0.00,0.00,0.00,0.00,0.07,211.39,400.86,275.49
6,Leanbot_p180,0.07,243.96,423.46,63.73,45.51,0.00,0.00,0.00,0.00,0.00,0.00,0.00,0.00,0.00,0.00,0.00,0.00,0.07,0.00,0.00,0.00,0.00,0.00,0.00,0.00,0.00,0.00,0.00,0.01,212.09,400.70,275.82
6,Leanbot_0,0.07,242.70,424.29,64.13,45.09,0.07,0.01,0.00,0.00,0.00,0.00,0.00,0.00,0.00,0.00,0.00,0.00,0.00,0.02,0.00,0.00,0.00,0.00,0.01,0.00,0.00,0.00,0.00,0.01,210.63,401.75,274.76
6,Leanbot_0,0.06,243.41,423.98,64.43,45.48,0.06,0.00,0.00,0.00,0.00,0.00,0.00,0.00,0.00,0.00,0.00,0.00,0.00,0.02,0.00,0.00,0.00,0.01,0.01,0.00,0.00,0.00,0.00,0.00,211.19,401.24,275.62
6,Leanbot_p195,0.05,243.53,424.70,64.17,45.09,0.03,0.01,0.00,0.00,0.00,0.00,0.00,0.00,0.00,0.00,0.00,0.01,0.00,0.05,0.00,0.00,0.00,0.00,0.00,0.00,0.00,0.00,0.00,0.00,211.44,402.15,275.62
6,Leanbot_p180,0.05,244.18,423.78,63.04,45.06,0.00,0.00,0.00,0.00,0.00,0.00,0.00,0.00,0.00,0.00,0.00,0.00,0.05,0.00,0.00,0.00,0.00,0.00,0.00,0.00,0.00,0.00,0.00,0.01,212.66,401.25,275.70
6,Leanbot_m15,0.04,243.69,423.91,62.72,45.83,0.00,0.00,0.00,0.00,0.00,0.00,0.00,0.00,0.00,0.00,0.00,0.00,0.01,0.00,0.00,0.00,0.00,0.00,0.00,0.00,0.00,0.00,0.00,0.04,212.33,401.00,275.05
6,Leanbot_m15,0.04,243.41,424.15,64.71,46.14,0.00,0.00,0.00,0.00,0.00,0.00,0.00,0.00,0.00,0.00,0.00,0.00,0.02,0.00,0.00,0.00,0.00,0.00,0.00,0.00,0.00,0.00,0.00,0.04,211.06,401.08,275.76
6,Leanbot_p180,0.03,244.26,423.43,62.65,45.18,0.00,0.00,0.00,0.00,0.00,0.00,0.00,0.00,0.00,0.00,0.00,0.00,0.03,0.00,0.00,0.00,0.00,0.00,0.00,0.00,0.00,0.00,0.00,0.00,212.94,400.84,275.58
6,Leanbot_m15,0.03,243.22,424.72,64.39,44.64,0.00,0.00,0.00,0.00,0.00,0.00,0.00,0.00,0.00,0.00,0.00,0.00,0.00,0.00,0.00,0.00,0.00,0.00,0.00,0.00,0.00,0.00,0.00,0.03,211.03,402.40,275.42
6,Leanbot_m15,0.02,243.97,424.82,65.00,43.71,0.00,0.00,0.00,0.00,0.00,0.00,0.00,0.00,0.00,0.00,0.00,0.00,0.00,0.00,0.00,0.00,0.00,0.00,0.00,0.00,0.00,0.00,0.00,0.02,211.47,402.96,276.47
6,Leanbot_m15,0.02,242.91,431.40,62.16,31.43,0.00,0.00,0.00,0.00,0.00,0.00,0.00,0.00,0.00,0.00,0.00,0.00,0.00,0.00,0.00,0.00,0.00,0.00,0.00,0.00,0.00,0.00,0.00,0.02,211.83,415.69,273.99
7,Leanbot_p195,0.29,266.09,264.62,43.74,24.82,0.20,0.01,0.00,0.00,0.00,0.00,0.01,0.00,0.00,0.00,0.00,0.00,0.04,0.29,0.00,0.00,0.00,0.00,0.00,0.00,0.00,0.00,0.00,0.02,244.22,252.21,287.96
7,Leanbot_m15,0.20,266.48,263.69,43.57,26.43,0.00,0.00,0.00,0.00,0.00,0.00,0.00,0.00,0.00,0.00,0.00,0.00,0.03,0.05,0.00,0.00,0.00,0.00,0.00,0.00,0.00,0.00,0.00,0.20,244.70,250.47,288.27
7,Leanbot_p195,0.18,266.47,264.21,43.46,26.71,0.16,0.00,0.00,0.00,0.00,0.00,0.00,0.00,0.00,0.00,0.00,0.01,0.00,0.18,0.00,0.00,0.00,0.00,0.00,0.00,0.00,0.00,0.00,0.01,244.74,250.85,288.20
7,Leanbot_0,0.18,266.39,264.53,43.61,26.75,0.18,0.00,0.00,0.00,0.00,0.00,0.00,0.00,0.00,0.00,0.00,0.01,0.00,0.16,0.00,0.00,0.00,0.00,0.00,0.00,0.00,0.00,0.00,0.01,244.58,251.15,288.19
7,Leanbot_p180,0.17,266.47,263.62,43.58,26.94,0.00,0.00,0.00,0.00,0.00,0.00,0.00,0.00,0.00,0.00,0.00,0.00,0.17,0.00,0.00,0.00,0.00,0.00,0.00,0.00,0.00,0.00,0.00,0.12,244.68,250.15,288.26
7,Leanbot_p180,0.15,266.68,263.75,43.43,27.10,0.00,0.00,0.00,0.00,0.00,0.00,0.00,0.00,0.00,0.00,0.00,0.00,0.15,0.00,0.00,0.00,0.00,0.00,0.00,0.00,0.00,0.00,0.00,0.05,244.97,250.20,288.39
7,Leanbot_p195,0.13,266.09,263.61,43.10,26.86,0.00,0.00,0.00,0.00,0.00,0.00,0.00,0.00,0.00,0.00,0.00,0.00,0.00,0.13,0.00,0.00,0.00,0.00,0.00,0.00,0.00,0.00,0.00,0.10,244.54,250.18,287.64
7,Leanbot_0,0.12,266.10,264.61,44.27,26.32,0.12,0.01,0.00,0.00,0.00,0.00,0.00,0.00,0.00,0.00,0.00,0.02,0.00,0.08,0.00,0.00,0.00,0.01,0.01,0.01,0.00,0.00,0.00,0.01,243.97,251.45,288.24
7,Leanbot_p195,0.07,266.46,263.67,43.11,26.80,0.00,0.00,0.00,0.00,0.00,0.00,0.00,0.00,0.00,0.00,0.00,0.00,0.03,0.07,0.00,0.00,0.00,0.00,0.00,0.00,0.00,0.00,0.00,0.06,244.90,250.27,288.01
7,Leanbot_p180,0.07,266.67,263.63,43.84,26.64,0.00,0.00,0.00,0.00,0.00,0.00,0.00,0.00,0.00,0.00,0.00,0.00,0.07,0.00,0.00,0.00,0.00,0.00,0.00,0.00,0.00,0.00,0.00,0.04,244.75,250.31,288.59
7,Leanbot_p195,0.05,266.46,263.57,43.50,27.01,0.00,0.00,0.00,0.00,0.00,0.00,0.00,0.00,0.00,0.00,0.00,0.00,0.00,0.05,0.00,0.00,0.00,0.00,0.00,0.00,0.00,0.00,0.00,0.03,244.71,250.06,288.21
7,Leanbot_p180,0.04,266.64,263.76,43.42,27.12,0.00,0.00,0.00,0.00,0.00,0.00,0.00,0.00,0.00,0.00,0.00,0.00,0.04,0.00,0.00,0.00,0.00,0.00,0.00,0.00,0.00,0.00,0.00,0.03,244.93,250.20,288.35
7,Leanbot_p195,0.04,263.39,264.53,50.65,25.71,0.02,0.00,0.00,0.00,0.00,0.00,0.00,0.00,0.00,0.00,0.00,0.00,0.01,0.04,0.00,0.00,0.00,0.00,0.00,0.00,0.00,0.00,0.00,0.01,238.06,251.67,288.71
7,Leanbot_p195,0.02,266.41,262.80,43.24,30.60,0.01,0.00,0.00,0.00,0.00,0.00,0.00,0.00,0.00,0.00,0.00,0.00,0.00,0.02,0.00,0.00,0.00,0.00,0.00,0.00,0.00,0.00,0.00,0.00,244.79,247.50,288.03
7,Leanbot_m15,0.01,266.61,264.17,43.59,26.58,0.00,0.00,0.00,0.00,0.00,0.00,0.00,0.00,0.00,0.00,0.00,0.00,0.00,0.00,0.00,0.00,0.00,0.00,0.00,0.00,0.00,0.00,0.00,0.01,244.81,250.88,288.41
7,Leanbot_m15,0.01,266.65,264.14,43.88,26.30,0.00,0.00,0.00,0.00,0.00,0.00,0.00,0.00,0.00,0.00,0.00,0.00,0.00,0.00,0.00,0.00,0.00,0.00,0.00,0.00,0.00,0.00,0.00,0.01,244.71,250.99,288.59
8,Leanbot_p195,0.29,460.99,324.58,54.82,32.80,0.06,0.01,0.00,0.00,0.00,0.00,0.00,0.00,0.00,0.00,0.00,0.02,0.00,0.29,0.00,0.00,0.00,0.01,0.00,0.00,0.00,0.00,0.00,0.00,433.58,308.18,488.40
8,Leanbot_m15,0.22,461.32,324.49,55.80,32.28,0.00,0.00,0.00,0.00,0.00,0.00,0.00,0.00,0.00,0.00,0.00,0.00,0.02,0.00,0.00,0.00,0.00,0.00,0.00,0.00,0.00,0.00,0.00,0.22,433.42,308.35,489.22
8,Leanbot_m15,0.17,461.22,324.66,56.46,32.52,0.00,0.00,0.00,0.00,0.00,0.00,0.00,0.00,0.00,0.00,0.00,0.00,0.01,0.06,0.00,0.00,0.00,0.00,0.00,0.00,0.00,0.00,0.00,0.17,432.99,308.40,489.45
8,Leanbot_p195,0.14,461.01,324.26,54.73,32.70,0.08,0.00,0.00,0.00,0.00,0.00,0.00,0.00,0.00,0.00,0.00,0.01,0.00,0.14,0.00,0.00,0.00,0.00,0.00,0.01,0.00,0.00,0.00,0.00,433.64,307.91,488.38
8,Leanbot_m15,0.10,461.53,324.60,56.26,32.80,0.00,0.00,0.00,0.00,0.00,0.00,0.00,0.00,0.00,0.00,0.00,0.00,0.01,0.02,0.00,0.00,0.00,0.00,0.00,0.00,0.00,0.00,0.00,0.10,433.40,308.20,489.66
8,Leanbot_m15,0.09,461.16,324.69,55.80,32.29,0.00,0.00,0.00,0.00,0.00,0.00,0.00,0.00,0.00,0.00,0.00,0.00,0.02,0.02,0.00,0.00,0.00,0.00,0.00,0.00,0.00,0.00,0.00,0.09,433.26,308.55,489.06
8,Leanbot_p195,0.08,461.40,323.42,53.87,31.37,0.03,0.00,0.00,0.00,0.00,0.00,0.00,0.00,0.00,0.00,0.00,0.00,0.01,0.08,0.00,0.00,0.00,0.00,0.00,0.00,0.00,0.00,0.00,0.01,434.46,307.74,488.33
8,Leanbot_p195,0.08,460.65,324.11,55.51,32.13,0.03,0.00,0.00,0.00,0.00,0.00,0.00,0.00,0.00,0.00,0.00,0.01,0.00,0.08,0.00,0.00,0.00,0.00,0.00,0.00,0.00,0.00,0.00,0.00,432.89,308.05,488.40
8,Leanbot_p195,0.08,458.78,324.45,52.40,31.65,0.00,0.00,0.00,0.00,0.00,0.00,0.00,0.00,0.00,0.00,0.00,0.00,0.00,0.08,0.00,0.00,0.00,0.00,0.00,0.00,0.00,0.00,0.00,0.07,432.58,308.62,484.98
8,Leanbot_m15,0.06,462.08,324.84,53.79,31.60,0.00,0.00,0.00,0.00,0.00,0.00,0.00,0.00,0.00,0.00,0.00,0.00,0.01,0.00,0.00,0.00,0.00,0.00,0.00,0.00,0.00,0.00,0.00,0.06,435.19,309.04,488.97
8,Leanbot_m15,0.05,458.44,324.97,50.85,31.50,0.00,0.00,0.00,0.00,0.00,0.00,0.00,0.00,0.00,0.00,0.00,0.00,0.00,0.02,0.00,0.00,0.00,0.00,0.00,0.00,0.00,0.00,0.00,0.05,433.01,309.22,483.87
8,Leanbot_p195,0.05,460.20,324.49,55.35,33.03,0.04,0.01,0.00,0.00,0.00,0.00,0.00,0.00,0.00,0.00,0.00,0.02,0.00,0.05,0.00,0.00,0.00,0.00,0.00,0.00,0.00,0.00,0.00,0.00,432.52,307.98,487.88
8,Leanbot_p180,0.04,462.05,324.82,53.34,31.98,0.00,0.00,0.00,0.00,0.00,0.00,0.00,0.00,0.00,0.00,0.00,0.00,0.04,0.01,0.00,0.00,0.00,0.00,0.00,0.00,0.00,0.00,0.00,0.04,435.38,308.83,488.72
8,Leanbot_p195,0.04,460.62,324.43,55.69,32.54,0.02,0.00,0.00,0.00,0.00,0.00,0.00,0.00,0.00,0.00,0.00,0.01,0.00,0.04,0.00,0.00,0.00,0.00,0.00,0.00,0.00,0.00,0.00,0.00,432.77,308.16,488.47
8,Leanbot_m15,0.04,460.94,324.48,54.89,33.16,0.00,0.00,0.00,0.00,0.00,0.00,0.00,0.00,0.00,0.00,0.00,0.00,0.01,0.01,0.00,0.00,0.00,0.00,0.00,0.00,0.00,0.00,0.00,0.04,433.50,307.90,488.38
8,Leanbot_m15,0.03,462.28,324.59,52.41,32.35,0.00,0.00,0.00,0.00,0.00,0.00,0.00,0.00,0.00,0.00,0.00,0.00,0.02,0.00,0.00,0.00,0.00,0.00,0.00,0.00,0.00,0.00,0.00,0.03,436.07,308.41,488.48
8,Leanbot_m15,0.03,463.99,324.57,49.24,29.79,0.00,0.00,0.00,0.00,0.00,0.00,0.00,0.00,0.00,0.00,0.00,0.00,0.00,0.00,0.00,0.00,0.00,0.00,0.00,0.00,0.00,0.00,0.00,0.03,439.37,309.68,488.61
8,Leanbot_m15,0.02,462.80,324.53,52.42,29.94,0.00,0.00,0.00,0.00,0.00,0.00,0.00,0.00,0.00,0.00,0.00,0.00,0.01,0.00,0.00,0.00,0.00,0.00,0.00,0.00,0.00,0.00,0.00,0.02,436.59,309.56,489.01
8,Leanbot_p195,0.02,457.16,323.23,49.39,29.65,0.00,0.00,0.00,0.00,0.00,0.00,0.00,0.00,0.00,0.00,0.00,0.00,0.00,0.02,0.00,0.00,0.00,0.00,0.00,0.00,0.00,0.00,0.00,0.01,432.47,308.41,481.86
8,Leanbot_0,0.02,460.20,324.60,55.78,32.35,0.02,0.00,0.00,0.00,0.00,0.00,0.00,0.00,0.00,0.00,0.00,0.01,0.00,0.02,0.00,0.00,0.00,0.00,0.00,0.00,0.00,0.00,0.00,0.01,432.31,308.43,488.09
8,Leanbot_0,0.02,461.28,323.99,54.94,30.53,0.02,0.00,0.00,0.00,0.00,0.00,0.00,0.00,0.00,0.00,0.00,0.00,0.00,0.01,0.00,0.00,0.00,0.00,0.00,0.00,0.00,0.00,0.00,0.00,433.81,308.73,488.75
8,Leanbot_p195,0.02,460.46,323.88,54.89,31.80,0.00,0.00,0.00,0.00,0.00,0.00,0.00,0.00,0.00,0.00,0.00,0.00,0.01,0.02,0.00,0.00,0.00,0.00,0.00,0.00,0.00,0.00,0.00,0.02,433.01,307.98,487.90
8,Leanbot_m15,0.02,462.88,324.77,52.87,29.75,0.00,0.00,0.00,0.00,0.00,0.00,0.00,0.00,0.00,0.00,0.00,0.00,0.00,0.00,0.00,0.00,0.00,0.00,0.00,0.00,0.00,0.00,0.00,0.02,436.44,309.89,489.31
8,Leanbot_0,0.02,462.05,323.99,53.48,30.56,0.02,0.00,0.00,0.00,0.00,0.00,0.00,0.00,0.00,0.00,0.00,0.00,0.00,0.01,0.00,0.00,0.00,0.00,0.00,0.01,0.00,0.00,0.00,0.00,435.31,308.71,488.79
8,Leanbot_p195,0.01,452.16,324.07,39.99,30.28,0.00,0.00,0.00,0.00,0.00,0.00,0.00,0.00,0.00,0.00,0.00,0.00,0.00,0.01,0.00,0.00,0.00,0.00,0.00,0.00,0.00,0.00,0.00,0.01,432.17,308.93,472.16
9,Leanbot_p195,0.19,357.95,321.23,53.55,33.57,0.03,0.01,0.00,0.00,0.00,0.00,0.00,0.00,0.00,0.00,0.00,0.01,0.00,0.19,0.00,0.00,0.00,0.00,0.00,0.00,0.00,0.00,0.00,0.00,331.18,304.44,384.72
9,Leanbot_p195,0.18,359.06,320.77,55.12,33.53,0.00,0.00,0.00,0.00,0.00,0.00,0.00,0.00,0.00,0.00,0.00,0.00,0.03,0.18,0.00,0.00,0.00,0.00,0.00,0.00,0.00,0.00,0.00,0.10,331.50,304.00,386.62
9,Leanbot_p195,0.18,358.25,321.15,54.25,33.72,0.07,0.00,0.00,0.00,0.00,0.00,0.00,0.00,0.00,0.00,0.00,0.02,0.00,0.18,0.00,0.00,0.00,0.01,0.00,0.00,0.00,0.00,0.00,0.00,331.12,304.29,385.38
9,Leanbot_p180,0.18,358.79,320.79,52.11,34.85,0.00,0.00,0.00,0.00,0.00,0.00,0.00,0.00,0.00,0.00,0.00,0.00,0.18,0.01,0.01,0.00,0.00,0.00,0.00,0.00,0.00,0.00,0.00,0.02,332.74,303.37,384.85
9,Leanbot_p195,0.15,358.16,321.12,53.89,31.52,0.00,0.00,0.00,0.00,0.00,0.00,0.00,0.00,0.00,0.00,0.00,0.00,0.00,0.15,0.00,0.00,0.00,0.00,0.00,0.00,0.00,0.00,0.00,0.03,331.22,305.36,385.11
9,Leanbot_p180,0.12,358.50,320.74,54.07,33.90,0.00,0.00,0.00,0.00,0.00,0.00,0.00,0.00,0.00,0.00,0.00,0.00,0.12,0.02,0.00,0.00,0.00,0.00,0.00,0.00,0.00,0.00,0.00,0.05,331.46,303.79,385.54
9,Leanbot_p180,0.11,358.86,320.64,53.61,34.18,0.00,0.00,0.00,0.00,0.00,0.00,0.00,0.00,0.00,0.00,0.00,0.00,0.11,0.00,0.00,0.00,0.00,0.00,0.00,0.00,0.00,0.00,0.00,0.01,332.06,303.55,385.67
9,Leanbot_p195,0.10,358.78,320.77,54.30,33.74,0.00,0.00,0.00,0.00,0.00,0.00,0.00,0.00,0.00,0.00,0.00,0.00,0.02,0.10,0.01,0.00,0.00,0.00,0.00,0.00,0.01,0.00,0.00,0.03,331.63,303.90,385.93
9,Leanbot_p195,0.08,358.60,321.32,52.19,33.38,0.02,0.00,0.00,0.00,0.00,0.00,0.00,0.00,0.00,0.00,0.00,0.00,0.01,0.08,0.00,0.00,0.00,0.00,0.00,0.00,0.00,0.00,0.00,0.02,332.50,304.63,384.70
9,Leanbot_m15,0.08,358.79,320.73,54.99,33.82,0.00,0.00,0.00,0.00,0.00,0.00,0.00,0.00,0.00,0.00,0.01,0.00,0.03,0.00,0.00,0.00,0.00,0.00,0.00,0.00,0.00,0.00,0.00,0.08,331.30,303.82,386.29
9,Leanbot_m15,0.06,358.58,320.85,54.13,33.06,0.00,0.00,0.00,0.00,0.00,0.00,0.00,0.00,0.00,0.00,0.00,0.00,0.01,0.01,0.00,0.00,0.00,0.00,0.00,0.00,0.00,0.00,0.00,0.06,331.51,304.32,385.64
9,Leanbot_p195,0.05,357.84,321.14,54.28,33.46,0.02,0.01,0.00,0.00,0.00,0.00,0.00,0.00,0.00,0.00,0.00,0.00,0.00,0.05,0.00,0.00,0.00,0.00,0.00,0.00,0.00,0.00,0.00,0.00,330.70,304.41,384.98
9,Leanbot_p195,0.04,357.98,321.40,53.56,33.63,0.01,0.01,0.00,0.00,0.00,0.00,0.00,0.00,0.00,0.00,0.00,0.02,0.00,0.04,0.00,0.00,0.00,0.00,0.00,0.00,0.00,0.00,0.00,0.00,331.20,304.58,384.76
9,Leanbot_p180,0.04,358.32,320.64,53.68,34.26,0.00,0.00,0.00,0.00,0.00,0.00,0.00,0.00,0.00,0.00,0.00,0.00,0.04,0.03,0.02,0.00,0.00,0.00,0.00,0.00,0.00,0.00,0.00,0.02,331.48,303.51,385.16
9,Leanbot_p195,0.04,358.24,321.09,53.51,31.67,0.00,0.00,0.00,0.00,0.00,0.00,0.00,0.00,0.00,0.00,0.00,0.00,0.00,0.04,0.00,0.00,0.00,0.00,0.00,0.00,0.00,0.00,0.00,0.01,331.49,305.25,385.00
9,Leanbot_p180,0.04,358.64,320.71,54.04,32.97,0.00,0.00,0.00,0.00,0.00,0.00,0.00,0.00,0.00,0.00,0.00,0.00,0.04,0.00,0.00,0.00,0.00,0.00,0.00,0.00,0.00,0.00,0.00,0.01,331.62,304.22,385.66
9,Leanbot_p165,0.03,357.94,321.46,53.36,33.46,0.01,0.00,0.00,0.00,0.00,0.00,0.00,0.00,0.00,0.00,0.00,0.03,0.00,0.01,0.00,0.00,0.00,0.00,0.00,0.00,0.00,0.00,0.00,0.00,331.26,304.73,384.62
9,Leanbot_p195,0.03,358.00,321.28,53.86,33.89,0.01,0.00,0.00,0.00,0.00,0.00,0.00,0.00,0.00,0.00,0.00,0.00,0.00,0.03,0.00,0.00,0.00,0.00,0.00,0.00,0.00,0.00,0.00,0.00,331.07,304.33,384.93
9,Leanbot_m15,0.03,358.71,320.91,52.26,34.45,0.00,0.00,0.00,0.00,0.00,0.00,0.00,0.00,0.00,0.00,0.00,0.00,0.02,0.00,0.00,0.00,0.00,0.00,0.00,0.00,0.00,0.00,0.00,0.03,332.58,303.69,384.84
9,Leanbot_p180,0.02,358.86,320.70,54.10,33.50,0.00,0.00,0.00,0.00,0.00,0.00,0.00,0.00,0.00,0.00,0.00,0.00,0.02,0.00,0.00,0.00,0.00,0.00,0.00,0.00,0.00,0.00,0.00,0.02,331.81,303.95,385.91
9,Leanbot_p195,0.02,357.78,322.15,52.25,33.47,0.01,0.00,0.00,0.00,0.00,0.00,0.00,0.00,0.00,0.00,0.00,0.00,0.00,0.02,0.00,0.00,0.00,0.00,0.00,0.00,0.00,0.00,0.00,0.01,331.65,305.41,383.90
9,Leanbot_p180,0.02,361.26,318.56,45.90,30.60,0.00,0.00,0.00,0.00,0.00,0.00,0.00,0.00,0.00,0.00,0.00,0.00,0.02,0.00,0.00,0.00,0.00,0.00,0.00,0.00,0.00,0.00,0.00,0.01,338.31,303.26,384.21
9,Leanbot_p195,0.02,358.31,320.08,52.14,32.64,0.00,0.00,0.00,0.00,0.00,0.00,0.00,0.00,0.00,0.00,0.00,0.00,0.00,0.02,0.00,0.00,0.00,0.00,0.00,0.00,0.00,0.00,0.00,0.00,332.24,303.76,384.38
10,Leanbot_0,0.01,480.53,206.08,29.12,21.65,0.01,0.00,0.00,0.00,0.00,0.00,0.00,0.00,0.00,0.00,0.00,0.01,0.00,0.01,0.00,0.00,0.00,0.00,0.00,0.00,0.00,0.00,0.00,0.00,465.97,195.26,495.09
11,Leanbot_m15,0.01,449.54,255.43,27.30,18.13,0.00,0.00,0.00,0.00,0.00,0.00,0.00,0.00,0.00,0.00,0.00,0.00,0.00,0.00,0.00,0.00,0.00,0.00,0.00,0.00,0.00,0.00,0.00,0.01,435.89,246.37,463.19
