measurement_id,direction,steps,signed_steps,intervalMs,heading,duration,raw_trajectory_file
m0001_dir+0_steps000_int1500_20260930_162531_004350,0,0,0,1500,-10.86,5.665915966033936,trajectories\m0001_dir+0_steps000_int1500_20260930_162531_004350.csv
m0002_dir+0_steps000_int1750_20260930_162536_670623,0,0,0,1750,-10.61,6.157034635543823,trajectories\m0002_dir+0_steps000_int1750_20260930_162536_670623.csv
m0003_dir+0_steps000_int2000_20260930_162542_828487,0,0,0,2000,-10.28,6.670462608337402,trajectories\m0003_dir+0_steps000_int2000_20260930_162542_828487.csv
m0004_dir+0_steps000_int2250_20260930_162549_499193,0,0,0,2250,-10.47,7.155075311660767,trajectories\m0004_dir+0_steps000_int2250_20260930_162549_499193.csv
m0005_dir+0_steps000_int2500_20260930_162556_655072,0,0,0,2500,-10.88,7.668280601501465,trajectories\m0005_dir+0_steps000_int2500_20260930_162556_655072.csv
m0006_dir+0_steps000_int2750_20260930_162604_323570,0,0,0,2750,-11.92,8.1393563747406,trajectories\m0006_dir+0_steps000_int2750_20260930_162604_323570.csv
m0007_dir+0_steps000_int3000_20260930_162612_463196,0,0,0,3000,-12.2,8.68199610710144,trajectories\m0007_dir+0_steps000_int3000_20260930_162612_463196.csv
m0008_dir+1_steps010_int1500_20260930_162622_317150,1,10,10,1500,-11.28,5.649195194244385,trajectories\m0008_dir+1_steps010_int1500_20260930_162622_317150.csv
m0009_dir+1_steps010_int1750_20260930_162627_966740,1,10,10,1750,-11.64,6.142995595932007,trajectories\m0009_dir+1_steps010_int1750_20260930_162627_966740.csv
m0010_dir+1_steps010_int2000_20260930_162634_110019,1,10,10,2000,-11.31,6.621581554412842,trajectories\m0010_dir+1_steps010_int2000_20260930_162634_110019.csv
m0011_dir+1_steps010_int2250_20260930_162640_731929,1,10,10,2250,-11.35,7.125871658325195,trajectories\m0011_dir+1_steps010_int2250_20260930_162640_731929.csv
m0012_dir+1_steps010_int2500_20260930_162647_858176,1,10,10,2500,-11.81,10.70842719078064,trajectories\m0012_dir+1_steps010_int2500_20260930_162647_858176.csv
m0013_dir+1_steps010_int2750_20260930_162658_566884,1,10,10,2750,-12.69,8.140567541122437,trajectories\m0013_dir+1_steps010_int2750_20260930_162658_566884.csv
m0014_dir+1_steps010_int3000_20260930_162706_707723,1,10,10,3000,-13.3,8.789032697677612,trajectories\m0014_dir+1_steps010_int3000_20260930_162706_707723.csv
m0015_dir-1_steps010_int1500_20260930_162716_635800,-1,10,0,1500,-11.48,5.655823469161987,trajectories\m0015_dir-1_steps010_int1500_20260930_162716_635800.csv
m0016_dir-1_steps010_int1750_20260930_162722_291879,-1,10,0,1750,-12.15,6.1222312450408936,trajectories\m0016_dir-1_steps010_int1750_20260930_162722_291879.csv
m0017_dir-1_steps010_int2000_20260930_162728_414387,-1,10,0,2000,-12.07,6.779243230819702,trajectories\m0017_dir-1_steps010_int2000_20260930_162728_414387.csv
m0018_dir-1_steps010_int2250_20260930_162735_193922,-1,10,0,2250,-12.1,7.16267991065979,trajectories\m0018_dir-1_steps010_int2250_20260930_162735_193922.csv
m0019_dir-1_steps010_int2500_20260930_162742_357079,-1,10,0,2500,-12.41,7.650522947311401,trajectories\m0019_dir-1_steps010_int2500_20260930_162742_357079.csv
m0020_dir-1_steps010_int2750_20260930_162750_007885,-1,10,0,2750,-13.26,8.163766384124756,trajectories\m0020_dir-1_steps010_int2750_20260930_162750_007885.csv
m0021_dir-1_steps010_int3000_20260930_162758_172318,-1,10,0,3000,-13.97,8.683685779571533,trajectories\m0021_dir-1_steps010_int3000_20260930_162758_172318.csv
m0022_dir+1_steps020_int1500_20260930_162808_369375,1,20,20,1500,-13.73,5.709012031555176,trajectories\m0022_dir+1_steps020_int1500_20260930_162808_369375.csv
m0023_dir+1_steps020_int1750_20260930_162814_079906,1,20,20,1750,-14.46,6.180830001831055,trajectories\m0023_dir+1_steps020_int1750_20260930_162814_079906.csv
m0024_dir+1_steps020_int2000_20260930_162820_261350,1,20,20,2000,-14.18,6.666387557983398,trajectories\m0024_dir+1_steps020_int2000_20260930_162820_261350.csv
m0025_dir+1_steps020_int2250_20260930_162826_928268,1,20,20,2250,-14.15,7.165705919265747,trajectories\m0025_dir+1_steps020_int2250_20260930_162826_928268.csv
m0026_dir+1_steps020_int2500_20260930_162834_094840,1,20,20,2500,-14.48,7.731404304504394,trajectories\m0026_dir+1_steps020_int2500_20260930_162834_094840.csv
m0027_dir+1_steps020_int2750_20260930_162841_826599,1,20,20,2750,-15.0,8.16325306892395,trajectories\m0027_dir+1_steps020_int2750_20260930_162841_826599.csv
m0028_dir+1_steps020_int3000_20260930_162849_990120,1,20,20,3000,-15.46,8.711818933486938,trajectories\m0028_dir+1_steps020_int3000_20260930_162849_990120.csv
m0029_dir-1_steps020_int1500_20260930_162900_244082,-1,20,0,1500,-14.25,5.660385847091675,trajectories\m0029_dir-1_steps020_int1500_20260930_162900_244082.csv
m0030_dir-1_steps020_int1750_20260930_162905_904800,-1,20,0,1750,-14.6,6.137467622756958,trajectories\m0030_dir-1_steps020_int1750_20260930_162905_904800.csv
m0031_dir-1_steps020_int2000_20260930_162912_064007,-1,20,0,2000,-14.08,6.660269498825073,trajectories\m0031_dir-1_steps020_int2000_20260930_162912_064007.csv
m0032_dir-1_steps020_int2250_20260930_162918_724656,-1,20,0,2250,-14.1,7.213717937469482,trajectories\m0032_dir-1_steps020_int2250_20260930_162918_724656.csv
m0033_dir-1_steps020_int2500_20260930_162925_948999,-1,20,0,2500,-14.13,7.663714170455933,trajectories\m0033_dir-1_steps020_int2500_20260930_162925_948999.csv
m0034_dir-1_steps020_int2750_20260930_162933_613013,-1,20,0,2750,-14.66,8.178081512451172,trajectories\m0034_dir-1_steps020_int2750_20260930_162933_613013.csv
m0035_dir-1_steps020_int3000_20260930_162941_792305,-1,20,0,3000,-15.23,8.71752643585205,trajectories\m0035_dir-1_steps020_int3000_20260930_162941_792305.csv
m0036_dir+1_steps030_int1500_20260930_162952_442076,1,30,30,1500,-16.27,5.731931209564209,trajectories\m0036_dir+1_steps030_int1500_20260930_162952_442076.csv
m0037_dir+1_steps030_int1750_20260930_162958_216575,1,30,30,1750,-16.79,6.202301502227783,trajectories\m0037_dir+1_steps030_int1750_20260930_162958_216575.csv
m0038_dir+1_steps030_int2000_20260930_163004_419405,1,30,30,2000,-16.14,6.7363269329071045,trajectories\m0038_dir+1_steps030_int2000_20260930_163004_419405.csv
m0039_dir+1_steps030_int2250_20260930_163011_156259,1,30,30,2250,-15.86,7.12810492515564,trajectories\m0039_dir+1_steps030_int2250_20260930_163011_156259.csv
m0040_dir+1_steps030_int2500_20260930_163018_284648,1,30,30,2500,-16.21,7.747374534606934,trajectories\m0040_dir+1_steps030_int2500_20260930_163018_284648.csv
m0041_dir+1_steps030_int2750_20260930_163026_032309,1,30,30,2750,-16.45,8.277682304382324,trajectories\m0041_dir+1_steps030_int2750_20260930_163026_032309.csv
m0042_dir+1_steps030_int3000_20260930_163034_311083,1,30,30,3000,-17.04,8.726526737213135,trajectories\m0042_dir+1_steps030_int3000_20260930_163034_311083.csv
m0043_dir-1_steps030_int1500_20260930_163044_972615,-1,30,0,1500,-15.66,5.6327173709869385,trajectories\m0043_dir-1_steps030_int1500_20260930_163044_972615.csv
m0044_dir-1_steps030_int1750_20260930_163050_605615,-1,30,0,1750,-15.95,6.115124940872192,trajectories\m0044_dir-1_steps030_int1750_20260930_163050_605615.csv
m0045_dir-1_steps030_int2000_20260930_163056_721028,-1,30,0,2000,-15.56,6.6388044357299805,trajectories\m0045_dir-1_steps030_int2000_20260930_163056_721028.csv
m0046_dir-1_steps030_int2250_20260930_163103_360203,-1,30,0,2250,-15.17,7.17135214805603,trajectories\m0046_dir-1_steps030_int2250_20260930_163103_360203.csv
m0047_dir-1_steps030_int2500_20260930_163110_531909,-1,30,0,2500,-15.06,7.7008466720581055,trajectories\m0047_dir-1_steps030_int2500_20260930_163110_531909.csv
m0048_dir-1_steps030_int2750_20260930_163118_233020,-1,30,0,2750,-15.37,8.147723197937012,trajectories\m0048_dir-1_steps030_int2750_20260930_163118_233020.csv
m0049_dir-1_steps030_int3000_20260930_163126_381069,-1,30,0,3000,-16.04,8.668649435043335,trajectories\m0049_dir-1_steps030_int3000_20260930_163126_381069.csv
m0050_dir+1_steps040_int1500_20260930_163137_462762,1,40,40,1500,-18.05,6.001036167144775,trajectories\m0050_dir+1_steps040_int1500_20260930_163137_462762.csv
m0051_dir+1_steps040_int1750_20260930_163143_464220,1,40,40,1750,-18.44,6.215232849121094,trajectories\m0051_dir+1_steps040_int1750_20260930_163143_464220.csv
m0052_dir+1_steps040_int2000_20260930_163149_679794,1,40,40,2000,-17.79,6.634113073348999,trajectories\m0052_dir+1_steps040_int2000_20260930_163149_679794.csv
m0053_dir+1_steps040_int2250_20260930_163156_314395,1,40,40,2250,-17.19,7.118950366973877,trajectories\m0053_dir+1_steps040_int2250_20260930_163156_314395.csv
m0054_dir+1_steps040_int2500_20260930_163203_433713,1,40,40,2500,-17.59,7.648440361022949,trajectories\m0054_dir+1_steps040_int2500_20260930_163203_433713.csv
m0055_dir+1_steps040_int2750_20260930_163211_082494,1,40,40,2750,-17.95,8.182953596115112,trajectories\m0055_dir+1_steps040_int2750_20260930_163211_082494.csv
m0056_dir+1_steps040_int3000_20260930_163219_266107,1,40,40,3000,-18.48,8.693933486938477,trajectories\m0056_dir+1_steps040_int3000_20260930_163219_266107.csv
m0057_dir-1_steps040_int1500_20260930_163230_303130,-1,40,0,1500,-17.33,5.656267166137695,trajectories\m0057_dir-1_steps040_int1500_20260930_163230_303130.csv
m0058_dir-1_steps040_int1750_20260930_163235_962077,-1,40,0,1750,-17.49,6.19456148147583,trajectories\m0058_dir-1_steps040_int1750_20260930_163235_962077.csv
m0059_dir-1_steps040_int2000_20260930_163242_173944,-1,40,0,2000,-16.78,6.7500176429748535,trajectories\m0059_dir-1_steps040_int2000_20260930_163242_173944.csv
m0060_dir-1_steps040_int2250_20260930_163248_924383,-1,40,0,2250,-16.28,7.242552280426025,trajectories\m0060_dir-1_steps040_int2250_20260930_163248_924383.csv
m0061_dir-1_steps040_int2500_20260930_163256_179553,-1,40,0,2500,-16.21,7.659330129623413,trajectories\m0061_dir-1_steps040_int2500_20260930_163256_179553.csv
m0062_dir-1_steps040_int2750_20260930_163303_839127,-1,40,0,2750,-16.4,8.3081693649292,trajectories\m0062_dir-1_steps040_int2750_20260930_163303_839127.csv
m0063_dir-1_steps040_int3000_20260930_163312_147816,-1,40,0,3000,-16.98,8.695626020431519,trajectories\m0063_dir-1_steps040_int3000_20260930_163312_147816.csv
m0064_dir+1_steps050_int1500_20260930_163323_547331,1,50,50,1500,-19.67,5.695986270904541,trajectories\m0064_dir+1_steps050_int1500_20260930_163323_547331.csv
m0065_dir+1_steps050_int1750_20260930_163329_243675,1,50,50,1750,-19.95,6.156255006790161,trajectories\m0065_dir+1_steps050_int1750_20260930_163329_243675.csv
m0066_dir+1_steps050_int2000_20260930_163335_404683,1,50,50,2000,-19.48,6.736989974975586,trajectories\m0066_dir+1_steps050_int2000_20260930_163335_404683.csv
m0067_dir+1_steps050_int2250_20260930_163342_142884,1,50,50,2250,-18.78,7.165158987045288,trajectories\m0067_dir+1_steps050_int2250_20260930_163342_142884.csv
m0068_dir+1_steps050_int2500_20260930_163349_308415,1,50,50,2500,-18.95,7.749206781387329,trajectories\m0068_dir+1_steps050_int2500_20260930_163349_308415.csv
m0069_dir+1_steps050_int2750_20260930_163357_065109,1,50,50,2750,-19.14,8.207145690917969,trajectories\m0069_dir+1_steps050_int2750_20260930_163357_065109.csv
m0070_dir+1_steps050_int3000_20260930_163405_272544,1,50,50,3000,-19.96,8.66618013381958,trajectories\m0070_dir+1_steps050_int3000_20260930_163405_272544.csv
m0071_dir-1_steps050_int1500_20260930_163416_680277,-1,50,0,1500,-18.72,5.64179801940918,trajectories\m0071_dir-1_steps050_int1500_20260930_163416_680277.csv
m0072_dir-1_steps050_int1750_20260930_163422_322371,-1,50,0,1750,-19.07,6.141180276870728,trajectories\m0072_dir-1_steps050_int1750_20260930_163422_322371.csv
m0073_dir-1_steps050_int2000_20260930_163428_464618,-1,50,0,2000,-18.69,6.629888534545898,trajectories\m0073_dir-1_steps050_int2000_20260930_163428_464618.csv
m0074_dir-1_steps050_int2250_20260930_163435_096260,-1,50,0,2250,-18.12,7.15708327293396,trajectories\m0074_dir-1_steps050_int2250_20260930_163435_096260.csv
m0075_dir-1_steps050_int2500_20260930_163442_254202,-1,50,0,2500,-17.82,7.6544365882873535,trajectories\m0075_dir-1_steps050_int2500_20260930_163442_254202.csv
m0076_dir-1_steps050_int2750_20260930_163449_909165,-1,50,0,2750,-17.99,8.201168537139893,trajectories\m0076_dir-1_steps050_int2750_20260930_163449_909165.csv
m0077_dir-1_steps050_int3000_20260930_163458_117127,-1,50,0,3000,-18.44,8.674252033233643,trajectories\m0077_dir-1_steps050_int3000_20260930_163458_117127.csv
m0078_dir+1_steps060_int1500_20260930_163509_917865,1,60,60,1500,-22.04,5.671485662460327,trajectories\m0078_dir+1_steps060_int1500_20260930_163509_917865.csv
m0079_dir+1_steps060_int1750_20260930_163515_589714,1,60,60,1750,-21.57,6.18371319770813,trajectories\m0079_dir+1_steps060_int1750_20260930_163515_589714.csv
m0080_dir+1_steps060_int2000_20260930_163521_774718,1,60,60,2000,-21.66,6.6517417430877686,trajectories\m0080_dir+1_steps060_int2000_20260930_163521_774718.csv
m0081_dir+1_steps060_int2250_20260930_163528_426993,1,60,60,2250,-20.56,7.195134162902832,trajectories\m0081_dir+1_steps060_int2250_20260930_163528_426993.csv
m0082_dir+1_steps060_int2500_20260930_163535_622550,1,60,60,2500,-20.72,7.691551685333252,trajectories\m0082_dir+1_steps060_int2500_20260930_163535_622550.csv
m0083_dir+1_steps060_int2750_20260930_163543_314478,1,60,60,2750,-21.13,8.155414342880249,trajectories\m0083_dir+1_steps060_int2750_20260930_163543_314478.csv
m0084_dir+1_steps060_int3000_20260930_163551_489526,1,60,60,3000,-21.8,8.698028564453125,trajectories\m0084_dir+1_steps060_int3000_20260930_163551_489526.csv
m0085_dir-1_steps060_int1500_20260930_163603_394777,-1,60,0,1500,-20.09,5.643987655639648,trajectories\m0085_dir-1_steps060_int1500_20260930_163603_394777.csv
m0086_dir-1_steps060_int1750_20260930_163609_039342,-1,60,0,1750,-20.66,6.164730310440064,trajectories\m0086_dir-1_steps060_int1750_20260930_163609_039342.csv
m0087_dir-1_steps060_int2000_20260930_163615_204318,-1,60,0,2000,-20.12,6.648920297622681,trajectories\m0087_dir-1_steps060_int2000_20260930_163615_204318.csv
m0088_dir-1_steps060_int2250_20260930_163621_853656,-1,60,0,2250,-19.65,7.165777921676636,trajectories\m0088_dir-1_steps060_int2250_20260930_163621_853656.csv
m0089_dir-1_steps060_int2500_20260930_163629_019778,-1,60,0,2500,-19.25,7.650467157363892,trajectories\m0089_dir-1_steps060_int2500_20260930_163629_019778.csv
m0090_dir-1_steps060_int2750_20260930_163636_671162,-1,60,0,2750,-19.49,8.204349756240845,trajectories\m0090_dir-1_steps060_int2750_20260930_163636_671162.csv
m0091_dir-1_steps060_int3000_20260930_163644_875737,-1,60,0,3000,-19.55,8.659197330474854,trajectories\m0091_dir-1_steps060_int3000_20260930_163644_875737.csv
