steps,intervalMs,heading,duration
0,1000,99.33,3.7085602283477783
0,1500,97.97,4.9292778968811035
0,2000,97.58,5.724083423614502
0,2500,97.74,6.76807165145874
0,3000,97.95,7.851693153381348
200,1000,82.17,3.69871187210083
200,1500,84.3,4.719858646392822
200,2000,84.18,5.708362102508545
200,2500,83.54,6.746082544326782
200,3000,83.77,7.752945423126221
400,1000,69.9,3.7016053199768066
400,1500,70.61,4.760633707046509
400,2000,70.58,5.786230802536011
400,2500,70.98,6.757680416107178
400,3000,70.66,7.788977146148682
600,1000,58.32,3.7294044494628906
600,1500,57.97,4.725546360015869
600,2000,57.73,5.713353633880615
600,2500,57.54,6.760699033737183
600,3000,57.39,8.028260231018066
800,1000,48.29,3.761343479156494
800,1500,45.63,4.757317781448364
800,2000,47.29,5.765626430511475
800,2500,45.5,6.743736982345581
800,3000,45.26,7.841068744659424
1000,1000,26.67,3.7632346153259277
1000,1500,40.13,4.798614263534546
1000,2000,37.41,5.791229486465454
1000,2500,36.51,6.776492357254028
1000,3000,36.01,7.813808917999268
1200,1000,24.8,3.7302463054656982
1200,1500,28.39,4.774077653884888
1200,2000,28.19,5.772749662399292
1200,2500,27.69,6.739629030227661
1200,3000,27.05,7.760124444961548
1400,1000,17.96,3.7106733322143555
1400,1500,17.45,4.738766670227051
1400,2000,18.79,5.784553527832031
1400,2500,18.58,6.72978663444519
1400,3000,18.11,7.728754043579102
1600,1000,3.95,3.914846420288086
1600,1500,8.23,4.7340052127838135
1600,2000,8.46,5.734256267547607
1600,2500,8.51,6.745833396911621
1600,3000,8.34,7.797003507614136
1800,1000,-4.79,3.693420648574829
1800,1500,-0.84,4.699542760848999
1800,2000,-1.05,5.7163050174713135
1800,2500,-0.82,6.8222856521606445
1800,3000,-1.23,7.86309027671814
2000,1000,-12.63,3.7278692722320557
2000,1500,-9.69,4.815166473388672
2000,2000,-10.2,5.787995338439941
2000,2500,-9.34,6.887705087661743
2000,3000,-9.61,7.80450439453125
