frame_id,timestamp,mode,input_width,input_height,inf_time_ms,end_to_end_time_ms,cpu_load_pct,end_to_end_cpu_load_pct,fps,x_center,y_center,width,height,vector_magnitude,angle,best_conf,tracking_lost
236,16:57:22.070,FULL,640,640,23.07,26.93,0.0,29.0,37.13,591.25,236.88,117.03,75.47,1.8575,-7.6561,0.7871,0
237,16:57:22.105,FULL,640,640,24.50,28.14,0.0,13.875,35.53,591.56,236.88,117.03,75.47,1.8646,-7.9744,0.7920,0
238,16:57:22.141,FULL,640,640,29.50,33.30,48.125,35.2,30.03,591.56,236.88,116.88,75.62,1.8413,-7.6361,0.7822,0
239,16:57:22.186,FULL,640,640,23.94,27.79,35.15,14.05,35.99,591.25,236.72,116.56,75.94,1.7150,-8.0477,0.7500,0
240,16:57:22.223,FULL,640,640,29.45,33.40,40.675,23.4,29.94,591.25,236.72,116.56,75.94,1.7150,-8.0477,0.7500,0
241,16:57:22.264,FULL,640,640,23.90,27.95,0.0,13.975,35.77,591.88,236.56,116.56,75.78,1.8056,-7.7588,0.7695,0
242,16:57:22.301,FULL,640,640,26.44,30.31,0.0,12.9,32.99,591.88,236.56,117.19,75.78,1.8476,-7.6689,0.7817,0
243,16:57:22.339,FULL,640,640,27.02,30.98,49.45,25.225,32.28,591.56,237.19,117.03,75.00,1.8112,-7.4931,0.7744,0
244,16:57:22.379,FULL,640,640,23.17,27.48,45.75,0.0,36.40,591.56,236.88,117.34,74.84,1.8495,-7.4246,0.7866,0
245,16:57:22.416,FULL,640,640,24.98,29.61,41.775,26.375,33.77,591.56,236.88,117.03,75.16,1.7932,-7.5405,0.7646,0
246,16:57:22.454,FULL,640,640,21.98,26.62,90.125,14.675,37.57,591.56,236.88,117.03,75.16,1.7932,-7.5405,0.7646,0
247,16:57:22.489,FULL,640,640,37.39,42.04,0.0,9.275,23.79,591.25,236.88,117.34,75.62,1.8661,-7.5823,0.7949,0
248,16:57:22.539,FULL,640,640,23.89,27.93,0.0,13.975,35.80,591.88,237.19,117.03,75.16,1.8895,-7.7323,0.8013,0
249,16:57:22.576,FULL,640,640,23.01,27.02,45.5,28.925,37.01,591.88,237.03,117.19,75.31,1.8024,-7.6624,0.7671,0
250,16:57:22.610,FULL,640,640,21.19,26.03,54.2,30.025,38.42,591.88,237.03,116.56,76.56,1.9626,-8.1104,0.7666,0
251,16:57:22.644,FULL,640,640,20.77,25.08,52.0,0.0,39.86,591.88,236.88,116.41,75.62,1.8270,-8.0389,0.7837,0
252,16:57:22.677,FULL,640,640,19.63,23.89,0.0,0.0,41.85,591.88,236.88,116.41,75.62,1.8270,-8.0389,0.7837,0
253,16:57:22.708,FULL,640,640,21.22,24.59,0.0,0.0,40.66,591.88,237.03,116.25,75.31,1.7905,-7.9808,0.7642,0
254,16:57:22.739,FULL,640,640,22.40,26.60,0.0,0.0,37.59,591.88,237.19,116.25,76.09,1.9646,-7.6868,0.7744,0
255,16:57:22.773,FULL,640,640,21.53,24.94,0.0,15.675,40.10,591.56,237.19,116.88,74.84,1.8218,-7.7130,0.7769,0
256,16:57:22.806,FULL,640,640,21.29,24.18,0.0,0.0,41.36,591.56,236.88,117.03,75.00,1.8745,-7.5745,0.7939,0
257,16:57:22.838,FULL,640,640,22.00,25.03,0.0,15.6,39.95,591.56,237.03,117.66,74.69,1.8837,-7.0338,0.7905,0
258,16:57:22.871,FULL,640,640,22.11,25.63,0.0,30.475,39.02,591.56,237.03,117.66,74.69,1.8837,-7.0338,0.7905,0
259,16:57:22.905,FULL,640,640,23.52,27.73,0.0,14.075,36.06,591.25,236.88,117.34,75.16,1.8495,-7.2350,0.7744,0
260,16:57:22.941,FULL,640,640,21.30,25.35,0.0,0.0,39.45,591.56,237.03,117.34,74.69,1.9228,-7.4892,0.8037,0
261,16:57:22.975,FULL,640,640,21.87,24.73,0.0,0.0,40.43,591.88,236.88,116.88,75.47,1.8466,-7.1897,0.7793,0
262,16:57:23.007,FULL,640,640,24.56,28.81,0.0,0.0,34.71,591.88,236.88,116.72,76.41,1.9887,-7.1749,0.7852,0
263,16:57:23.043,FULL,640,640,22.55,26.20,0.0,14.9,38.17,591.88,236.88,117.03,75.47,1.8411,-7.4371,0.7744,0
264,16:57:23.079,FULL,640,640,23.10,26.84,0.0,14.55,37.26,591.88,236.88,117.03,75.47,1.8411,-7.4371,0.7744,0
265,16:57:23.113,FULL,640,640,25.62,30.17,55.225,0.0,33.15,591.88,236.88,117.19,75.16,1.8419,-7.5660,0.7783,0
266,16:57:23.152,FULL,640,640,23.59,27.40,0.0,57.025,36.50,591.25,236.88,117.81,75.16,1.8415,-7.3250,0.7788,0
267,16:57:23.187,FULL,640,640,22.49,27.16,0.0,28.775,36.82,591.56,236.88,117.66,75.16,1.8631,-7.7822,0.7939,0
268,16:57:23.223,FULL,640,640,23.98,28.41,44.925,0.0,35.19,591.56,236.72,117.66,75.31,1.8478,-7.5752,0.7871,0
269,16:57:23.260,FULL,640,640,24.35,29.00,44.575,0.0,34.48,591.88,236.88,116.56,76.25,2.0370,-8.3438,0.7817,0
270,16:57:23.297,FULL,640,640,23.39,28.00,0.0,13.95,35.71,591.88,236.88,116.72,76.25,1.9840,-8.2135,0.7739,0
271,16:57:23.335,FULL,640,640,24.19,28.38,41.225,13.775,35.24,591.88,237.03,116.88,76.56,1.9527,-8.2232,0.7642,0
272,16:57:23.372,FULL,640,640,25.83,29.98,0.0,0.0,33.35,591.88,236.56,117.03,75.78,1.8324,-7.8195,0.7739,0
273,16:57:23.410,FULL,640,640,23.63,28.24,49.75,27.65,35.41,591.88,236.56,117.03,75.78,1.8324,-7.8195,0.7739,0
274,16:57:23.446,FULL,640,640,24.17,28.30,46.45,13.8,35.34,591.88,236.88,116.41,75.62,1.8319,-7.9582,0.7793,0
275,16:57:23.483,FULL,640,640,24.32,28.48,0.0,0.0,35.11,591.25,236.56,117.34,75.62,1.8876,-7.2522,0.7891,0
276,16:57:23.520,FULL,640,640,24.19,28.31,90.35,41.4,35.33,591.25,236.88,117.50,75.47,1.8647,-7.8899,0.7915,0
277,16:57:23.557,FULL,640,640,22.13,26.93,0.0,14.5,37.13,591.25,237.03,117.81,75.31,1.8689,-7.9254,0.7974,0
278,16:57:23.593,FULL,640,640,22.80,27.29,0.0,0.0,36.64,591.25,236.88,117.50,75.16,1.8763,-7.4956,0.7900,0
279,16:57:23.628,FULL,640,640,31.34,35.34,0.0,11.05,28.30,591.25,237.03,117.50,75.00,1.8445,-7.5284,0.7773,0
280,16:57:23.672,FULL,640,640,23.04,26.98,47.625,14.475,37.07,591.25,237.03,117.50,75.00,1.8445,-7.5284,0.7773,0
281,16:57:23.706,FULL,640,640,23.28,26.84,0.0,0.0,37.26,591.88,237.19,116.88,75.00,1.8466,-7.9239,0.7852,0
282,16:57:23.741,FULL,640,640,24.60,28.53,0.0,13.7,35.05,591.88,237.03,117.19,74.69,1.8729,-7.6601,0.7866,0
283,16:57:23.777,FULL,640,640,27.23,32.20,0.0,0.0,31.05,591.56,237.03,117.03,75.31,1.8525,-8.2158,0.7891,0
284,16:57:23.819,FULL,640,640,24.03,28.06,0.0,0.0,35.64,591.88,237.19,116.56,76.41,2.0110,-8.4325,0.7793,0
285,16:57:23.855,FULL,640,640,22.81,26.76,0.0,0.0,37.37,592.19,237.03,116.41,76.56,1.9989,-8.2105,0.7676,0
286,16:57:23.892,FULL,640,640,24.91,29.44,38.85,0.0,33.97,592.19,237.03,116.41,76.56,1.9989,-8.2105,0.7676,0
287,16:57:23.929,FULL,640,640,21.66,26.58,50.025,14.7,37.62,591.88,237.19,116.72,76.25,2.0135,-7.9934,0.7744,0
288,16:57:23.966,FULL,640,640,24.97,28.34,36.75,0.0,35.29,591.56,236.88,117.50,75.16,1.8477,-7.8327,0.7827,0
289,16:57:24.002,FULL,640,640,23.33,26.94,0.0,0.0,37.12,591.25,237.03,117.81,75.31,1.8523,-7.1802,0.7817,0
290,16:57:24.038,FULL,640,640,23.20,26.50,0.0,14.725,37.73,591.56,236.88,117.66,75.62,1.8688,-7.0534,0.7852,0
291,16:57:24.073,FULL,640,640,24.32,28.32,0.0,0.0,35.31,591.56,236.88,117.34,76.41,2.0177,-7.0797,0.7925,0
292,16:57:24.110,FULL,640,640,25.33,30.29,45.35,0.0,33.01,591.56,236.88,117.34,76.41,2.0177,-7.0797,0.7925,0
293,16:57:24.151,FULL,640,640,26.88,30.90,35.725,12.6,32.37,591.88,237.19,117.19,76.09,2.0147,-8.2034,0.7783,0
294,16:57:24.193,FULL,640,640,23.84,28.31,35.325,0.0,35.32,592.50,237.03,117.03,76.56,1.9751,-7.7363,0.7710,0
295,16:57:24.231,FULL,640,640,23.84,28.30,0.0,13.8,35.33,592.81,237.19,117.03,76.88,1.9715,-7.7402,0.7866,0
296,16:57:24.268,FULL,640,640,24.19,28.18,43.325,13.85,35.49,594.38,237.81,116.72,76.41,2.0469,-7.1062,0.7905,0
297,16:57:24.305,FULL,640,640,24.22,28.43,0.0,27.475,35.18,595.00,238.28,116.56,76.25,2.1139,-5.6254,0.8291,0
298,16:57:24.342,FULL,640,640,26.27,30.46,0.0,0.0,32.83,595.31,237.97,116.09,76.56,2.1590,-4.0815,0.8584,0
299,16:57:24.382,FULL,640,640,26.05,32.13,0.0,12.15,31.13,595.62,237.81,116.09,76.41,2.0508,-5.2253,0.8237,0
300,16:57:24.425,FULL,640,640,24.34,28.53,0.0,0.0,35.05,596.25,238.59,116.25,75.94,1.9382,-5.8885,0.8032,0
301,16:57:24.463,FULL,640,640,26.13,30.78,0.0,12.7,32.49,596.25,238.59,116.25,75.94,1.9382,-5.8885,0.8032,0
302,16:57:24.502,FULL,640,640,27.51,31.59,0.0,12.375,31.65,597.19,238.44,116.25,74.53,1.8928,-7.6144,0.7852,0
303,16:57:24.543,FULL,640,640,24.56,29.78,0.0,26.225,33.58,598.75,238.12,115.94,73.59,1.7027,-6.2592,0.7368,0
304,16:57:24.581,FULL,640,640,23.71,27.72,0.0,56.375,36.08,600.62,237.97,116.88,74.69,2.0361,-4.6963,0.8213,0
305,16:57:24.618,FULL,640,640,21.98,24.61,0.0,0.0,40.63,601.25,238.44,116.72,75.47,2.0706,-6.2990,0.8115,0
306,16:57:24.650,FULL,640,640,21.81,24.87,0.0,15.7,40.21,602.50,238.44,116.88,74.69,2.2636,-7.4175,0.8398,0
307,16:57:24.683,FULL,640,640,21.30,24.83,0.0,15.725,40.27,602.50,238.44,116.88,74.69,2.2636,-7.4175,0.8398,0
308,16:57:24.716,FULL,640,640,20.50,23.52,0.0,16.6,42.51,603.12,238.44,116.56,74.69,2.2926,-8.5051,0.8408,0
309,16:57:24.748,FULL,640,640,24.08,28.68,0.0,13.625,34.87,604.69,238.12,118.28,74.22,2.4510,-6.9998,0.8999,0
310,16:57:24.783,FULL,640,640,19.84,22.61,54.675,17.275,44.24,606.25,238.59,118.75,74.06,2.2727,-7.9726,0.8818,0
311,16:57:24.814,FULL,640,640,21.45,25.30,50.85,0.0,39.53,609.38,238.75,120.47,73.44,2.1449,-7.4711,0.8569,0
312,16:57:24.847,FULL,640,640,21.66,25.16,0.0,0.0,39.74,610.62,239.06,118.44,73.28,2.1279,-9.6022,0.8774,0
313,16:57:24.880,FULL,640,640,23.00,26.30,0.0,0.0,38.02,610.62,239.06,118.44,73.28,2.1279,-9.6022,0.8774,0
314,16:57:24.916,FULL,640,640,26.14,31.97,0.0,0.0,31.28,612.50,239.38,117.81,72.50,2.1444,-10.9596,0.8750,0
315,16:57:24.956,FULL,640,640,21.50,25.32,0.0,0.0,39.49,613.75,239.06,117.66,72.34,2.1709,-10.3854,0.8735,0
316,16:57:24.987,FULL,640,640,21.27,23.88,60.875,0.0,41.88,617.81,239.06,120.00,73.75,2.0236,-9.9370,0.8296,0
317,16:57:25.019,FULL,640,640,21.25,24.94,0.0,15.675,40.09,619.06,240.00,120.78,72.97,2.1213,-12.2363,0.8604,0
318,16:57:25.051,FULL,640,640,19.87,22.52,0.0,0.0,44.41,620.62,240.47,120.31,73.44,2.0678,-10.3672,0.8813,0
319,16:57:25.080,FULL,640,640,21.27,26.54,0.0,0.0,37.68,620.62,240.47,120.31,73.44,2.0678,-10.3672,0.8813,0
320,16:57:25.117,FULL,640,640,33.45,37.42,0.0,10.45,26.72,623.12,240.31,121.88,74.84,2.4384,-10.7648,0.9062,0
321,16:57:25.162,FULL,640,640,24.97,29.26,0.0,40.05,34.18,623.75,240.62,120.00,74.69,2.4241,-11.4676,0.9175,0
322,16:57:25.200,FULL,640,640,24.80,29.29,0.0,13.35,34.14,625.94,241.09,120.62,75.94,2.5275,-14.0826,0.9219,0
323,16:57:25.238,FULL,640,640,26.12,29.87,0.0,13.075,33.48,628.12,241.88,121.56,75.78,2.8544,-14.4987,0.9551,0
324,16:57:25.277,FULL,640,640,21.12,25.74,0.0,15.175,38.85,629.38,242.34,121.56,76.56,2.7394,-15.7213,0.9570,0
325,16:57:25.310,FULL,640,640,22.31,27.27,0.0,0.0,36.68,629.38,242.34,121.56,76.56,2.7394,-15.7213,0.9570,0
326,16:57:25.345,FULL,640,640,23.64,28.33,51.875,13.75,35.30,630.62,243.12,119.06,75.00,2.8135,-16.0727,0.9482,0
327,16:57:25.381,FULL,640,640,23.94,27.40,0.0,0.0,36.49,631.88,242.81,114.69,76.72,2.8060,-19.7749,0.9116,0
328,16:57:25.418,FULL,640,640,24.33,27.66,0.0,14.125,36.16,633.12,243.59,114.06,76.56,2.6677,-18.6156,0.9209,0
329,16:57:25.454,FULL,640,640,25.65,28.82,45.175,0.0,34.70,634.38,244.38,115.00,75.78,2.8161,-23.3537,0.8867,0
330,16:57:25.490,FULL,640,640,24.71,31.41,0.0,0.0,31.83,636.88,245.00,117.19,76.88,2.6624,-21.4809,0.9053,0
331,16:57:25.531,FULL,640,640,22.07,25.47,0.0,0.0,39.26,642.19,246.88,118.75,79.84,2.8009,-22.7762,0.8989,0
332,16:57:25.563,FULL,640,640,19.44,22.80,56.675,17.125,43.85,645.00,248.12,118.44,79.84,2.8478,-30.0113,0.8071,0
333,16:57:25.593,FULL,640,640,20.09,24.69,53.875,0.0,40.50,646.25,247.97,119.06,80.94,2.9029,-26.8106,0.8540,0
334,16:57:25.640,FULL,640,640,19.10,21.71,17.425,0.0,46.07,648.12,249.06,119.06,80.47,2.8477,-28.8788,0.8491,0
335,16:57:25.672,FULL,640,640,19.96,22.76,40.175,0.0,43.94,648.12,249.06,119.06,80.47,2.8477,-28.8788,0.8491,0
336,16:57:25.704,FULL,640,640,19.62,22.40,42.675,0.0,44.65,650.00,249.69,119.06,80.78,2.9340,-30.6594,0.8354,0
337,16:57:25.736,FULL,640,640,18.92,21.70,38.025,0.0,46.08,652.50,250.16,119.06,81.56,2.8040,-30.1419,0.8135,0
338,16:57:25.769,FULL,640,640,23.12,26.08,0.0,0.0,38.34,653.75,250.78,117.50,83.44,2.7895,-33.1284,0.8267,0
339,16:57:25.806,FULL,640,640,23.81,26.53,0.0,29.45,37.69,654.38,250.94,116.56,81.72,2.9844,-33.1816,0.8589,0
340,16:57:25.840,FULL,640,640,23.25,28.01,0.0,0.0,35.70,656.25,251.56,115.94,83.12,2.9558,-35.4374,0.8613,0
341,16:57:25.875,FULL,640,640,20.55,23.23,0.0,16.8,43.04,656.25,251.56,115.94,83.12,2.9558,-35.4374,0.8613,0
342,16:57:25.904,FULL,640,640,19.54,22.28,68.8,0.0,44.89,657.81,252.19,116.88,84.38,2.7543,-35.5608,0.8276,0
343,16:57:25.933,FULL,640,640,18.89,21.60,0.0,18.075,46.29,658.75,253.44,116.25,86.25,2.8695,-38.1917,0.8135,0
344,16:57:25.961,FULL,640,640,19.64,22.64,0.0,0.0,44.16,660.00,254.06,115.62,86.72,2.9404,-43.9480,0.8032,0
345,16:57:25.992,FULL,640,640,20.67,23.39,0.0,0.0,42.75,661.88,255.00,116.88,87.34,2.8783,-43.1853,0.8008,0
346,16:57:26.042,FULL,640,640,20.38,23.08,0.0,16.925,43.33,664.06,255.94,116.88,88.59,2.9434,-43.7388,0.8291,0
347,16:57:26.072,FULL,640,640,19.98,22.77,0.0,17.15,43.92,664.06,255.94,116.88,88.59,2.9434,-43.7388,0.8291,0
348,16:57:26.106,FULL,640,640,19.38,22.45,0.0,0.0,44.55,665.94,256.72,115.00,89.69,2.9104,-46.7820,0.8286,0
349,16:57:26.137,FULL,640,640,19.79,22.36,0.0,17.475,44.73,666.88,257.50,115.94,90.16,2.9514,-47.4692,0.8345,0
350,16:57:26.169,FULL,640,640,18.78,21.39,0.0,18.25,46.74,668.75,257.97,115.62,90.31,3.1489,-47.1602,0.8618,0
351,16:57:26.202,FULL,640,640,23.22,26.85,0.0,0.0,37.24,670.00,259.06,115.31,91.25,2.9721,-47.0302,0.8330,0
352,16:57:26.237,FULL,640,640,22.94,27.54,0.0,0.0,36.31,671.88,259.84,115.31,92.19,2.7825,-43.6051,0.7852,0
353,16:57:26.270,FULL,640,640,19.56,22.19,0.0,17.6,45.07,671.88,259.84,115.31,92.19,2.7825,-43.6051,0.7852,0
354,16:57:26.300,FULL,640,640,18.71,21.32,0.0,0.0,46.90,674.06,260.94,112.50,93.12,3.0121,-45.4463,0.8447,0
355,16:57:26.328,FULL,640,640,19.17,22.44,58.675,0.0,44.55,675.00,262.03,111.88,93.44,2.7621,-46.9138,0.8604,0
356,16:57:26.360,FULL,640,640,22.31,24.99,40.8,0.0,40.02,675.94,263.28,111.25,95.31,3.0347,-46.8130,0.8442,0
357,16:57:26.410,FULL,640,640,19.43,22.35,0.0,17.475,44.75,677.50,264.38,110.31,96.09,3.0649,-48.1794,0.8701,0
358,16:57:26.442,FULL,640,640,24.98,28.90,38.4,0.0,34.61,679.38,264.84,111.25,97.81,3.3532,-48.1925,0.9136,0
359,16:57:26.483,FULL,640,640,21.95,25.36,0.0,0.0,39.43,679.38,264.84,111.25,97.81,3.3532,-48.1925,0.9136,0
360,16:57:26.517,FULL,640,640,25.51,32.04,0.0,0.0,31.21,681.25,266.56,112.19,100.00,3.2181,-48.8790,0.9014,0
361,16:57:26.556,FULL,640,640,25.13,28.57,0.0,54.7,35.01,681.88,266.88,110.94,101.25,3.1260,-49.2632,0.8887,0
362,16:57:26.595,FULL,640,640,24.10,28.60,37.725,27.325,34.97,683.12,267.81,110.00,102.66,2.8616,-51.8219,0.8398,0
363,16:57:26.633,FULL,640,640,23.66,27.86,0.0,0.0,35.89,684.06,269.06,108.75,102.34,2.7909,-54.4939,0.8252,0
364,16:57:26.670,FULL,640,640,21.51,24.46,0.0,0.0,40.88,684.69,270.00,106.25,103.12,3.1064,-51.8281,0.8857,0
365,16:57:26.704,FULL,640,640,21.36,26.48,41.725,0.0,37.76,684.69,270.00,106.25,103.12,3.1064,-51.8281,0.8857,0
366,16:57:26.740,FULL,640,640,25.14,30.32,0.0,12.875,32.98,685.62,271.25,106.88,103.75,3.0374,-52.1435,0.8789,0
367,16:57:26.778,FULL,640,640,24.58,29.48,0.0,13.25,33.92,686.88,272.66,107.19,101.56,2.8314,-50.7374,0.8408,0
368,16:57:26.816,FULL,640,640,23.73,28.67,0.0,0.0,34.88,689.38,272.19,106.25,101.25,2.9618,-50.8362,0.8882,0
369,16:57:26.852,FULL,640,640,18.18,21.48,0.0,18.15,46.56,690.00,273.12,105.00,101.41,2.7237,-51.6318,0.8662,0
370,16:57:26.879,FULL,640,640,19.16,22.34,0.0,17.475,44.76,691.88,275.62,103.44,104.22,2.4427,-54.5018,0.8018,0
371,16:57:26.908,FULL,640,640,19.04,21.87,0.0,0.0,45.73,691.88,275.62,103.44,104.22,2.4427,-54.5018,0.8018,0
372,16:57:26.937,FULL,640,640,18.14,20.65,0.0,0.0,48.42,693.12,277.50,103.44,105.16,3.1743,-49.4335,0.8569,0
373,16:57:26.965,FULL,640,640,17.86,21.86,0.0,18.05,45.75,693.75,278.44,102.19,104.53,2.9633,-51.7425,0.8115,0
374,16:57:26.992,FULL,640,640,21.50,24.07,0.0,0.0,41.55,695.00,279.38,101.25,105.62,2.5077,-56.1200,0.7700,0
375,16:57:27.022,FULL,640,640,22.84,25.82,0.0,15.125,38.73,695.94,280.62,99.38,107.03,2.6316,-57.3111,0.8203,0
376,16:57:27.054,FULL,640,640,21.38,24.43,0.0,16.0,40.93,696.88,281.25,98.75,106.56,2.4276,-65.3965,0.8599,0
377,16:57:27.085,FULL,640,640,22.33,25.43,0.0,15.375,39.33,696.88,281.25,98.75,106.56,2.4276,-65.3965,0.8599,0
378,16:57:27.118,FULL,640,640,18.88,21.51,0.0,18.175,46.50,697.19,283.12,98.12,105.62,2.3847,-62.8185,0.8193,0
379,16:57:27.147,FULL,640,640,19.22,22.82,0.0,17.125,43.81,698.12,285.00,96.56,105.94,2.3835,-65.1459,0.8354,0
380,16:57:27.177,FULL,640,640,19.44,22.54,0.0,0.0,44.37,699.38,285.62,95.62,105.16,2.3375,-64.1623,0.8140,0
381,16:57:27.209,FULL,640,640,20.11,23.33,0.0,16.75,42.86,700.62,286.25,94.69,105.31,2.2585,-68.3546,0.7939,0
382,16:57:27.241,FULL,640,640,22.68,26.20,0.0,0.0,38.17,700.62,287.50,94.06,104.69,2.6990,-69.9245,0.8540,0
383,16:57:27.276,FULL,640,640,23.85,27.81,0.0,14.05,35.96,701.88,289.06,92.19,104.53,2.8954,-75.1778,0.8921,0
384,16:57:27.312,FULL,640,640,24.62,28.54,0.0,0.0,35.03,701.88,289.06,92.19,104.53,2.8954,-75.1778,0.8921,0
385,16:57:27.350,FULL,640,640,24.40,28.72,40.1,13.6,34.81,701.88,290.00,91.56,104.22,2.9114,-78.0528,0.8843,0
386,16:57:27.387,FULL,640,640,22.56,25.92,0.0,30.125,38.58,702.50,291.56,92.19,104.53,2.9774,-77.3355,0.8960,0
387,16:57:27.420,FULL,640,640,23.56,27.25,0.0,14.325,36.70,703.75,292.81,89.69,104.38,3.0233,-78.0875,0.9004,0
388,16:57:27.455,FULL,640,640,21.34,24.88,48.375,62.8,40.20,703.75,293.75,90.94,104.84,2.7476,-77.0727,0.8584,0
389,16:57:27.488,FULL,640,640,22.68,26.60,0.0,14.675,37.59,705.62,295.62,88.44,105.94,2.8179,-78.9608,0.8730,0
390,16:57:27.523,FULL,640,640,23.47,27.36,0.0,0.0,36.55,705.62,295.62,88.44,105.94,2.8179,-78.9608,0.8730,0
391,16:57:27.558,FULL,640,640,22.87,26.58,0.0,14.7,37.62,706.25,296.25,87.81,105.94,2.8804,-79.8185,0.8770,0
392,16:57:27.593,FULL,640,640,23.12,27.21,0.0,14.35,36.75,706.88,297.81,89.38,106.25,2.5915,-80.2036,0.8325,0
393,16:57:27.629,FULL,640,640,22.61,26.74,90.275,0.0,37.39,707.50,298.44,89.06,106.72,2.2879,-78.2330,0.8232,0
394,16:57:27.664,FULL,640,640,21.80,25.65,0.0,30.45,38.98,708.12,300.00,88.44,108.91,2.4048,-77.5747,0.8433,0
395,16:57:27.698,FULL,640,640,21.98,25.91,0.0,45.25,38.60,709.38,301.56,87.50,111.72,2.4976,-76.5599,0.8657,0
396,16:57:27.733,FULL,640,640,27.62,32.37,43.35,60.325,30.89,709.38,301.56,87.50,111.72,2.4976,-76.5599,0.8657,0
397,16:57:27.773,FULL,640,640,23.10,27.01,0.0,14.475,37.03,709.38,301.56,87.50,111.72,2.4976,-76.5599,0.8657,0
398,16:57:27.808,FULL,640,640,23.03,26.96,0.0,0.0,37.09,710.00,304.06,85.94,109.38,2.2736,-78.9898,0.8115,0
399,16:57:27.842,FULL,640,640,22.98,27.06,0.0,14.425,36.96,710.00,305.00,83.75,107.81,2.1811,-83.2178,0.8267,0
400,16:57:27.878,FULL,640,640,22.65,27.42,45.925,0.0,36.47,711.25,307.19,86.25,109.53,2.4257,-79.6092,0.8354,0
401,16:57:27.915,FULL,640,640,21.44,25.13,0.0,62.175,39.79,711.25,307.81,83.44,106.88,2.2281,-83.7420,0.8354,0
402,16:57:27.948,FULL,640,640,21.89,26.18,0.0,0.0,38.20,711.25,307.81,83.44,106.88,2.2281,-83.7420,0.8354,0
403,16:57:27.983,FULL,640,640,22.83,26.65,0.0,0.0,37.52,711.56,308.75,85.62,109.06,2.6028,-80.9036,0.8511,0
404,16:57:28.018,FULL,640,640,22.51,26.30,0.0,29.7,38.02,711.25,310.31,84.69,106.41,2.4503,-83.8492,0.8735,0
405,16:57:28.052,FULL,640,640,25.21,29.31,46.45,0.0,34.12,710.00,310.62,85.31,105.94,2.4955,-84.0765,0.8735,0
406,16:57:28.089,FULL,640,640,23.52,27.02,0.0,14.45,37.01,710.94,311.88,85.00,105.62,2.3753,-83.9233,0.8574,0
407,16:57:28.124,FULL,640,640,22.29,26.14,0.0,0.0,38.26,711.56,312.81,85.62,103.59,2.3121,-84.7411,0.8374,0
408,16:57:28.159,FULL,640,640,23.56,27.42,44.175,42.75,36.47,711.56,312.81,85.62,103.59,2.3121,-84.7411,0.8374,0
409,16:57:28.195,FULL,640,640,22.83,28.04,87.925,27.875,35.66,711.56,312.81,85.62,103.59,2.3121,-84.7411,0.8374,0
410,16:57:28.230,FULL,640,640,22.08,26.13,0.0,14.95,38.27,714.06,315.94,83.12,104.22,2.0470,-83.9959,0.8120,0
411,16:57:28.263,FULL,640,640,21.08,25.05,0.0,31.2,39.92,713.44,317.81,86.25,102.03,2.0347,-84.5739,0.8062,0
412,16:57:28.296,FULL,640,640,23.67,27.79,0.0,28.125,35.98,713.75,319.38,85.31,102.97,2.2608,-83.9804,0.8560,0
413,16:57:28.331,FULL,640,640,21.87,25.57,0.0,0.0,39.11,712.50,320.00,87.81,101.88,2.2395,-83.9548,0.8633,0
414,16:57:28.365,FULL,640,640,21.20,24.92,47.075,62.7,40.13,712.50,320.00,87.81,101.88,2.2395,-83.9548,0.8633,0
415,16:57:28.398,FULL,640,640,21.17,24.96,0.0,46.95,40.06,713.12,322.50,86.56,101.88,2.1761,-84.0114,0.8691,0
416,16:57:28.432,FULL,640,640,21.41,24.08,0.0,16.225,41.52,714.38,323.75,85.31,103.12,2.1676,-83.8326,0.8555,0
417,16:57:28.463,FULL,640,640,20.85,25.28,0.0,30.925,39.56,714.06,326.25,84.38,105.00,2.0378,-83.8492,0.8374,0
418,16:57:28.496,FULL,640,640,21.09,25.14,0.0,0.0,39.78,714.38,327.19,83.44,105.00,1.9413,-83.8123,0.8306,0
419,16:57:28.529,FULL,640,640,19.64,23.81,0.0,16.425,42.01,714.38,327.19,83.44,105.00,1.9413,-83.8123,0.8306,0
420,16:57:28.560,FULL,640,640,20.72,23.27,0.0,16.775,42.97,713.75,329.06,83.44,106.72,1.8724,-83.2571,0.8311,0
421,16:57:28.590,FULL,640,640,23.11,25.68,0.0,15.2,38.93,713.75,329.06,83.44,106.72,1.8724,-83.2571,0.8311,0
422,16:57:28.625,FULL,640,640,20.74,23.33,0.0,16.75,42.86,712.50,334.38,83.12,110.16,1.9768,-84.2130,0.7637,0
423,16:57:28.656,FULL,640,640,20.98,24.87,0.0,0.0,40.22,712.50,335.94,83.75,113.12,1.9371,-83.9577,0.7695,0
424,16:57:28.688,FULL,640,640,20.78,24.57,0.0,0.0,40.69,713.75,339.06,84.69,115.62,2.4880,-88.7588,0.8101,0
425,16:57:28.720,FULL,640,640,19.46,22.57,55.9,17.275,44.32,713.12,340.00,85.94,112.19,2.7564,-88.0222,0.8340,0
426,16:57:28.749,FULL,640,640,21.40,23.99,0.0,32.575,41.69,713.12,340.00,85.94,112.19,2.7564,-88.0222,0.8340,0
427,16:57:28.780,FULL,640,640,19.69,23.65,0.0,0.0,42.29,711.88,340.62,86.88,111.25,2.8155,-87.7420,0.8379,0
428,16:57:28.812,FULL,640,640,23.58,27.54,0.0,14.175,36.31,712.50,340.62,87.81,111.88,2.6998,-88.6248,0.8389,0
429,16:57:28.847,FULL,640,640,21.73,30.36,0.0,0.0,32.93,711.56,341.25,88.12,113.44,2.7827,-88.6237,0.8550,0
430,16:57:28.884,FULL,640,640,23.02,26.92,0.0,14.5,37.15,711.88,341.88,88.12,111.56,2.8799,-88.2473,0.8633,0
431,16:57:28.919,FULL,640,640,21.31,25.03,0.0,15.6,39.95,711.88,341.88,88.12,111.56,2.8799,-88.2473,0.8633,0
432,16:57:28.952,FULL,640,640,21.19,24.94,0.0,0.0,40.10,710.62,343.75,89.69,112.81,2.8999,-89.3816,0.8716,0
433,16:57:28.985,FULL,640,640,19.34,21.95,0.0,0.0,45.57,710.62,343.75,89.69,112.81,2.8999,-89.3816,0.8716,0
434,16:57:29.016,FULL,640,640,20.42,24.23,85.5,48.4,41.27,710.00,347.81,89.06,112.50,2.6546,-90.8502,0.8125,0
435,16:57:29.048,FULL,640,640,20.22,23.92,51.0,0.0,41.80,708.75,348.75,90.94,111.56,2.8665,-91.6929,0.8569,0
436,16:57:29.080,FULL,640,640,20.93,24.89,52.325,15.7,40.18,708.75,349.69,91.25,112.50,3.0334,-93.4637,0.8936,0
437,16:57:29.114,FULL,640,640,19.79,22.74,41.8,0.0,43.98,708.44,353.12,91.88,115.94,2.7933,-96.6160,0.9004,0
438,16:57:29.145,FULL,640,640,20.36,24.33,0.0,0.0,41.10,708.12,354.06,92.81,115.00,2.4106,-99.6828,0.7930,0
439,16:57:29.177,FULL,640,640,19.60,22.94,51.05,0.0,43.58,708.12,354.06,92.81,115.00,2.4106,-99.6828,0.7930,0
440,16:57:29.206,FULL,640,640,20.30,24.53,61.75,0.0,40.77,708.12,356.56,94.69,115.62,2.2960,-98.3288,0.7637,0
441,16:57:29.239,FULL,640,640,20.06,22.63,0.0,0.0,44.19,708.12,356.56,94.69,115.62,2.2960,-98.3288,0.7637,0
442,16:57:29.271,FULL,640,640,19.87,23.60,42.825,49.65,42.37,707.50,357.81,95.31,113.12,2.4867,-97.5528,0.8145,0
443,16:57:29.302,FULL,640,640,21.36,25.20,0.0,15.5,39.68,706.25,360.62,97.19,115.94,2.4949,-99.5506,0.8306,0
444,16:57:29.335,FULL,640,640,21.42,25.17,50.55,15.525,39.73,705.00,360.62,97.19,114.38,2.4557,-102.6614,0.7983,0
445,16:57:29.368,FULL,640,640,22.12,25.86,0.0,30.225,38.68,703.12,364.38,99.06,118.44,2.6723,-106.4546,0.8643,0
446,16:57:29.401,FULL,640,640,22.91,25.51,0.0,15.3,39.19,701.25,368.75,98.75,125.31,2.7592,-107.6985,0.8896,0
447,16:57:29.435,FULL,640,640,23.55,27.18,47.825,0.0,36.79,700.31,368.44,98.12,121.88,3.0252,-107.8499,0.9141,0
448,16:57:29.471,FULL,640,640,22.61,25.90,0.0,15.075,38.61,700.00,369.38,101.56,121.25,2.7427,-111.8414,0.8081,0
449,16:57:29.504,FULL,640,640,19.99,23.50,0.0,66.475,42.55,700.31,371.88,103.12,122.81,2.8651,-115.3636,0.7891,0
450,16:57:29.535,FULL,640,640,19.77,22.79,58.7,17.15,43.88,700.00,373.12,105.31,125.31,3.1153,-113.9459,0.8345,0
451,16:57:29.565,FULL,640,640,20.91,24.47,51.075,31.925,40.87,700.00,373.12,105.31,125.31,3.1153,-113.9459,0.8345,0
452,16:57:29.597,FULL,640,640,19.75,22.24,0.0,17.575,44.97,700.00,373.12,105.31,125.31,3.1153,-113.9459,0.8345,0
453,16:57:29.628,FULL,640,640,21.20,24.93,0.0,15.675,40.11,698.12,374.38,106.88,123.75,2.5936,-118.4061,0.8213,0
454,16:57:29.659,FULL,640,640,20.98,24.89,0.0,0.0,40.18,697.50,375.62,108.75,124.69,2.4079,-119.5699,0.7583,0
455,16:57:29.691,FULL,640,640,19.18,21.55,0.0,0.0,46.39,697.50,376.88,107.19,124.69,2.6675,-120.0284,0.8037,0
456,16:57:29.720,FULL,640,640,21.13,24.72,46.9,0.0,40.45,695.94,379.06,107.50,120.62,2.8610,-119.0594,0.8218,0
457,16:57:29.755,FULL,640,640,28.09,31.82,0.0,12.275,31.43,694.06,380.62,108.12,119.69,3.0692,-118.1066,0.8589,0
458,16:57:29.798,FULL,640,640,25.22,29.24,0.0,0.0,34.20,692.19,381.88,108.75,117.81,2.8896,-119.5253,0.8364,0
459,16:57:29.836,FULL,640,640,27.40,31.26,0.0,12.5,31.99,690.62,382.50,110.00,116.25,2.9163,-117.3951,0.8423,0
460,16:57:29.875,FULL,640,640,23.12,27.49,0.0,14.2,36.38,689.38,383.12,110.00,115.00,2.7312,-119.8415,0.8179,0
461,16:57:29.909,FULL,640,640,28.76,33.93,57.275,11.525,29.48,689.69,383.75,110.62,115.00,2.8912,-119.7621,0.8398,0
462,16:57:29.952,FULL,640,640,23.66,27.66,43.8,0.0,36.15,689.38,385.00,111.25,114.69,2.9383,-119.6583,0.8535,0
463,16:57:29.987,FULL,640,640,25.12,29.10,0.0,0.0,34.37,689.38,385.00,111.25,114.69,2.9383,-119.6583,0.8535,0
464,16:57:30.026,FULL,640,640,22.81,29.05,0.0,0.0,34.42,689.38,385.00,111.25,114.69,2.9383,-119.6583,0.8535,0
465,16:57:30.063,FULL,640,640,21.84,26.06,47.075,15.0,38.37,688.75,386.25,110.94,114.06,3.0899,-119.2876,0.8887,0
466,16:57:30.099,FULL,640,640,31.35,35.99,40.675,0.0,27.79,686.25,386.56,115.31,113.12,2.8209,-124.3485,0.8633,0
467,16:57:30.144,FULL,640,640,23.98,28.72,81.1,0.0,34.82,685.62,387.19,115.31,109.38,2.8314,-123.8345,0.8677,0
468,16:57:30.185,FULL,640,640,27.49,31.78,32.325,0.0,31.46,684.06,388.75,116.25,109.69,2.8164,-123.0368,0.8560,0
469,16:57:30.225,FULL,640,640,25.38,29.14,0.0,0.0,34.32,682.19,390.00,117.50,107.50,2.3368,-126.5280,0.7539,0
470,16:57:30.266,FULL,640,640,29.40,33.04,0.0,35.475,30.27,681.25,390.62,117.81,106.25,2.2784,-124.8250,0.7139,0
471,16:57:30.309,FULL,640,640,26.80,32.72,39.675,0.0,30.56,675.62,393.75,122.81,101.56,1.8968,-129.2812,0.6357,0
472,16:57:30.351,FULL,640,640,27.97,31.76,0.0,24.6,31.49,674.69,394.38,123.75,100.31,1.9492,-132.6272,0.6401,0
473,16:57:30.391,FULL,640,640,26.70,30.47,47.075,12.825,32.82,674.69,394.38,123.75,100.31,1.9492,-132.6272,0.6401,0
474,16:57:30.431,FULL,640,640,24.17,28.07,0.0,27.825,35.63,674.38,395.62,124.69,100.31,1.9069,-136.0905,0.6724,0
475,16:57:30.467,FULL,640,640,35.93,47.30,0.0,41.3,21.14,673.12,396.25,122.19,99.06,1.7472,-141.4385,0.6602,0
476,16:57:30.526,FULL,640,640,27.04,30.67,0.0,25.475,32.61,672.50,396.88,123.75,98.75,1.9968,-155.1539,0.6587,0
477,16:57:30.584,FULL,640,640,31.02,36.66,14.175,10.65,27.28,672.50,399.38,122.81,96.56,2.4172,-163.5890,0.7007,0
478,16:57:30.631,FULL,640,640,23.95,28.87,0.0,27.075,34.64,670.31,401.56,124.38,98.12,2.7197,-162.9030,0.7974,0
479,16:57:30.667,FULL,640,640,23.84,27.02,0.0,14.45,37.00,668.44,403.44,124.38,99.38,2.9257,-159.6680,0.8115,0
480,16:57:30.702,FULL,640,640,23.07,26.38,0.0,14.8,37.90,664.69,406.25,126.25,99.06,2.8860,-157.4344,0.8306,0
481,16:57:30.736,FULL,640,640,25.24,30.37,50.175,0.0,32.93,664.38,407.19,125.62,98.12,2.7807,-161.0011,0.7847,0
482,16:57:30.776,FULL,640,640,21.95,26.68,0.0,14.65,37.48,664.38,407.19,125.62,98.12,2.7807,-161.0011,0.7847,0
483,16:57:30.810,FULL,640,640,22.42,25.57,51.6,15.275,39.11,662.50,408.75,127.81,97.19,2.9660,-165.9071,0.8843,0
484,16:57:30.845,FULL,640,640,23.45,27.45,41.05,0.0,36.43,660.94,408.75,127.50,95.94,2.9968,-164.9391,0.8750,0
485,16:57:30.882,FULL,640,640,23.93,28.53,40.925,13.7,35.05,658.75,409.69,129.06,95.62,3.2432,-164.4998,0.8999,0
486,16:57:30.950,FULL,640,640,23.03,27.65,0.0,0.0,36.16,656.56,410.00,130.00,95.00,2.9350,-169.7460,0.9014,0
487,16:57:30.988,FULL,640,640,25.37,29.86,0.0,0.0,33.49,654.38,411.25,128.44,94.69,2.5681,-168.0752,0.8306,0
488,16:57:31.026,FULL,640,640,26.07,30.19,0.0,12.925,33.12,653.12,411.56,129.06,95.62,2.5189,-170.7214,0.8633,0
489,16:57:31.074,FULL,640,640,26.17,31.35,0.0,12.475,31.90,651.56,411.88,129.38,94.69,2.6170,-171.9586,0.8750,0
490,16:57:31.191,FULL,640,640,22.50,26.09,0.0,14.975,38.32,651.56,411.88,129.38,94.69,2.6170,-171.9586,0.8750,0
491,16:57:31.255,FULL,640,640,25.88,29.97,0.0,13.025,33.37,645.00,412.81,130.62,94.38,2.6843,-171.1149,0.8618,0
492,16:57:31.292,FULL,640,640,25.04,30.14,0.0,12.975,33.18,638.12,413.75,136.25,94.06,2.4119,-174.0157,0.8203,0
493,16:57:31.331,FULL,640,640,24.90,29.47,0.0,0.0,33.93,638.12,413.44,132.81,93.75,2.4342,-173.4817,0.8340,0
494,16:57:31.387,FULL,640,640,22.27,26.52,0.0,14.725,37.71,634.38,415.00,136.25,90.31,2.2289,-177.1816,0.7583,0
495,16:57:31.422,FULL,640,640,20.83,24.04,0.0,0.0,41.60,634.38,415.00,136.25,90.31,2.2289,-177.1816,0.7583,0
496,16:57:31.479,FULL,640,640,23.58,28.70,0.0,0.0,34.84,635.00,414.06,132.19,94.38,2.3908,-172.2999,0.8115,0
497,16:57:31.517,FULL,640,640,26.93,31.76,42.025,24.6,31.48,631.25,414.06,136.25,93.75,2.4195,-174.8842,0.7852,0
498,16:57:31.557,FULL,640,640,24.54,29.20,0.0,53.5,34.24,629.38,415.62,136.25,89.69,2.6529,179.3430,0.8320,0
499,16:57:31.655,FULL,640,640,21.24,24.92,0.0,0.0,40.12,626.88,416.56,138.28,90.62,2.6540,178.1315,0.8101,0
500,16:57:31.687,FULL,640,640,25.17,28.75,55.825,13.575,34.78,618.44,417.50,139.84,90.31,2.3816,-177.6494,0.7915,0
501,16:57:31.725,FULL,640,640,23.42,26.76,0.0,0.0,37.37,616.25,418.12,136.25,89.69,2.1525,-176.4187,0.7515,0
502,16:57:31.760,FULL,640,640,26.92,30.86,0.0,25.3,32.40,613.12,418.12,137.66,90.00,2.1418,-176.0099,0.7559,0
503,16:57:31.801,FULL,640,640,27.09,31.37,35.85,12.45,31.87,611.25,417.50,136.56,90.31,2.1410,-178.4879,0.7070,0
504,16:57:31.840,FULL,640,640,33.38,37.79,0.0,0.0,26.46,611.25,417.50,136.56,90.31,2.1410,-178.4879,0.7070,0
505,16:57:31.890,FULL,640,640,26.62,30.30,0.0,0.0,33.00,609.38,416.88,137.19,90.94,2.2291,179.4702,0.7046,0
506,16:57:31.931,FULL,640,640,24.32,27.91,0.0,28.0,35.83,608.12,415.00,140.94,93.44,2.1158,-175.5594,0.7700,0
507,16:57:31.983,FULL,640,640,23.09,27.09,16.55,14.425,36.91,605.62,415.00,139.53,93.44,2.1715,-176.4415,0.7803,0
508,16:57:32.023,FULL,640,640,24.55,28.72,0.0,27.2,34.82,603.12,415.00,138.44,93.12,2.3482,-176.5753,0.8101,0
509,16:57:32.087,FULL,640,640,24.83,27.93,0.0,13.975,35.80,596.88,416.88,136.09,87.81,2.5828,173.1235,0.7803,0
510,16:57:32.152,FULL,640,640,30.77,35.35,0.0,22.1,28.29,594.38,416.56,137.66,88.75,2.6988,175.6339,0.8203,0
511,16:57:32.195,FULL,640,640,24.82,30.07,0.0,25.975,33.26,592.81,415.62,136.41,88.44,2.6747,174.2553,0.8037,0
512,16:57:32.232,FULL,640,640,22.23,25.69,0.0,15.2,38.93,590.62,415.31,136.56,89.38,2.7581,175.9475,0.8325,0
513,16:57:32.268,FULL,640,640,22.33,25.71,0.0,0.0,38.89,590.62,415.31,136.56,89.38,2.7581,175.9475,0.8325,0
514,16:57:32.304,FULL,640,640,24.39,28.06,40.925,13.925,35.64,589.06,413.44,138.75,92.50,2.4182,-178.7038,0.8296,0
515,16:57:32.340,FULL,640,640,26.77,30.17,0.0,12.95,33.14,587.50,413.12,137.19,92.19,2.0761,-178.5792,0.7520,0
516,16:57:32.391,FULL,640,640,24.95,28.44,18.0,41.2,35.17,586.88,414.38,136.56,89.69,2.4098,166.8276,0.8203,0
517,16:57:32.428,FULL,640,640,25.26,29.01,47.65,13.475,34.47,585.31,413.75,136.88,89.06,2.4389,164.2128,0.8511,0
518,16:57:32.519,FULL,640,640,26.43,31.58,12.65,12.375,31.66,574.38,410.94,140.31,90.62,2.1984,168.7330,0.7607,0
519,16:57:32.559,FULL,640,640,31.71,37.09,0.0,10.525,26.96,573.75,410.00,137.66,89.69,2.3837,162.7618,0.8613,0
520,16:57:32.611,FULL,640,640,30.68,38.07,26.225,0.0,26.27,570.62,409.69,136.88,91.25,2.4485,165.8861,0.8291,0
521,16:57:32.662,FULL,640,640,20.96,25.05,0.0,0.0,39.91,569.06,408.44,133.59,90.62,2.3443,162.5409,0.8491,0
522,16:57:32.695,FULL,640,640,20.99,25.85,0.0,15.1,38.68,569.06,408.44,133.59,90.62,2.3443,162.5409,0.8491,0
523,16:57:32.729,FULL,640,640,23.58,27.53,0.0,28.35,36.32,565.94,407.50,135.62,90.00,2.3328,158.2465,0.8506,0
524,16:57:32.768,FULL,640,640,27.01,30.70,33.2,12.725,32.57,557.19,406.88,141.72,93.75,2.2659,150.8022,0.7725,0
525,16:57:32.807,FULL,640,640,24.97,29.29,0.0,0.0,34.14,555.62,405.62,140.16,96.56,1.8053,146.2669,0.6426,0
526,16:57:32.845,FULL,640,640,25.89,31.26,44.2,12.5,31.99,555.62,405.62,140.16,96.56,1.8053,146.2669,0.6426,0
527,16:57:32.887,FULL,640,640,24.67,29.88,0.0,0.0,33.47,553.75,405.00,136.88,97.19,1.8415,145.6579,0.6519,0
528,16:57:32.947,FULL,640,640,24.25,28.80,0.0,54.975,34.73,556.09,405.00,129.69,100.31,2.5082,136.2541,0.7480,0
529,16:57:32.985,FULL,640,640,34.28,37.97,83.8,10.3,26.34,553.12,404.06,132.03,99.38,2.5398,137.7880,0.7769,0
530,16:57:33.030,FULL,640,640,22.53,26.68,53.975,0.0,37.49,552.19,403.44,127.66,100.62,2.4207,138.2630,0.7964,0
531,16:57:33.066,FULL,640,640,22.92,27.26,43.05,14.325,36.68,546.56,401.25,133.91,101.88,2.0429,138.9572,0.7466,0
532,16:57:33.102,FULL,640,640,25.72,29.57,0.0,26.425,33.82,546.56,401.25,133.91,101.88,2.0429,138.9572,0.7466,0
533,16:57:33.159,FULL,640,640,24.99,29.05,0.0,0.0,34.43,545.31,399.38,126.41,101.25,2.3799,137.5959,0.7915,0
534,16:57:33.223,FULL,640,640,25.06,29.76,22.2,39.375,33.60,535.47,395.31,127.81,105.00,2.5076,138.1218,0.8218,0
535,16:57:33.261,FULL,640,640,23.78,28.01,0.0,13.95,35.70,535.47,395.31,127.81,105.00,2.5076,138.1218,0.8218,0
536,16:57:33.319,FULL,640,640,23.83,27.99,0.0,13.95,35.72,534.53,395.00,127.19,107.81,2.5214,137.6393,0.8008,0
537,16:57:33.356,FULL,640,640,24.27,27.80,0.0,28.1,35.98,533.12,394.06,128.75,105.62,2.7060,137.5580,0.8311,0
538,16:57:33.392,FULL,640,640,27.33,30.99,49.225,0.0,32.27,532.50,393.12,131.41,107.19,2.7704,137.2340,0.8589,0
539,16:57:33.430,FULL,640,640,26.34,29.88,0.0,13.075,33.47,532.66,393.12,130.31,107.81,2.7273,136.9868,0.8535,0
540,16:57:33.495,FULL,640,640,25.37,29.30,11.275,0.0,34.13,531.56,393.12,130.62,107.81,2.3052,137.4045,0.7725,0
541,16:57:33.534,FULL,640,640,27.11,31.30,38.3,24.975,31.95,526.56,388.44,135.00,110.62,2.0593,137.8862,0.7759,0
542,16:57:33.591,FULL,640,640,24.95,29.35,0.0,13.3,34.07,525.62,386.88,133.12,111.56,2.1313,137.7095,0.7627,0
543,16:57:33.631,FULL,640,640,23.58,27.25,0.0,14.325,36.69,525.00,386.25,135.00,113.12,2.1945,136.6875,0.7227,0
544,16:57:33.687,FULL,640,640,29.49,33.61,13.625,11.625,29.75,525.00,386.25,135.00,113.12,2.1945,136.6875,0.7227,0
545,16:57:33.729,FULL,640,640,22.45,26.41,0.0,29.575,37.86,522.97,384.38,124.69,114.06,2.6700,133.5889,0.8071,0
546,16:57:33.765,FULL,640,640,24.19,27.68,0.0,28.225,36.12,520.31,383.12,125.78,114.06,2.8705,134.5875,0.8223,0
547,16:57:33.802,FULL,640,640,26.77,30.47,0.0,0.0,32.82,518.59,382.19,129.69,115.62,2.9217,133.4799,0.8320,0
548,16:57:33.841,FULL,640,640,26.78,30.65,0.0,12.75,32.62,516.56,381.25,131.41,117.81,2.5176,134.9079,0.7954,0
549,16:57:33.880,FULL,640,640,24.42,28.05,43.125,13.925,35.65,513.75,379.38,127.50,115.00,2.6828,133.3562,0.8232,0
550,16:57:33.918,FULL,640,640,24.91,28.93,41.675,40.5,34.57,513.75,379.38,127.50,115.00,2.6828,133.3562,0.8232,0
551,16:57:33.955,FULL,640,640,29.48,33.97,47.25,34.775,29.44,512.19,378.12,123.75,113.12,2.7972,132.2802,0.8359,0
552,16:57:33.996,FULL,640,640,21.70,25.55,0.0,15.3,39.14,507.19,373.75,114.53,113.75,3.3529,119.6569,0.8774,0
553,16:57:34.031,FULL,640,640,28.35,32.41,0.0,12.05,30.85,507.19,373.75,114.53,113.75,3.3529,119.6569,0.8774,0
554,16:57:34.103,FULL,640,640,26.41,30.48,9.675,0.0,32.81,506.25,371.88,112.97,115.00,3.1340,114.4629,0.8589,0
555,16:57:34.146,FULL,640,640,27.19,31.52,32.45,12.4,31.72,505.94,368.12,107.03,114.38,2.9820,111.8804,0.8506,0
556,16:57:34.188,FULL,640,640,25.48,29.89,0.0,13.075,33.45,504.84,367.81,106.56,114.38,3.3016,110.9159,0.8989,0
557,16:57:34.227,FULL,640,640,23.84,28.33,0.0,27.575,35.30,504.06,367.50,106.09,113.75,3.2696,111.9811,0.8857,0
558,16:57:34.266,FULL,640,640,26.23,30.13,0.0,25.925,33.19,499.84,365.31,107.50,115.00,3.2408,110.5559,0.8999,0
559,16:57:34.305,FULL,640,640,25.13,28.83,43.875,0.0,34.68,499.84,365.31,107.50,115.00,3.2408,110.5559,0.8999,0
560,16:57:34.359,FULL,640,640,23.45,27.96,15.85,27.95,35.77,498.44,365.62,110.00,116.88,3.2060,111.5126,0.8960,0
561,16:57:34.395,FULL,640,640,23.10,27.08,0.0,14.425,36.93,498.59,360.31,104.06,118.12,3.2960,109.7916,0.8774,0
562,16:57:34.432,FULL,640,640,25.83,29.58,38.85,26.4,33.80,498.59,360.31,104.06,118.12,3.2960,109.7916,0.8774,0
563,16:57:34.470,FULL,640,640,25.25,29.03,44.35,0.0,34.45,497.50,359.38,102.97,116.56,3.3508,111.2244,0.8716,0
564,16:57:34.509,FULL,640,640,26.12,30.23,0.0,0.0,33.08,495.31,357.50,104.69,117.81,3.2658,111.1504,0.8550,0
565,16:57:34.567,FULL,640,640,24.85,28.37,14.325,0.0,35.25,494.53,355.94,103.75,120.00,3.3435,106.6745,0.8633,0
566,16:57:34.663,FULL,640,640,21.37,24.97,5.75,46.925,40.05,494.38,354.69,102.34,118.12,3.4471,104.8472,0.8989,0
567,16:57:34.695,FULL,640,640,20.17,23.75,54.475,65.775,42.10,494.38,353.75,101.72,118.44,3.4416,104.0654,0.9028,0
568,16:57:34.728,FULL,640,640,20.07,24.27,45.325,0.0,41.21,494.53,353.75,101.25,118.44,3.0823,102.2143,0.8936,0
569,16:57:34.760,FULL,640,640,20.87,24.38,48.1,32.05,41.02,494.53,353.75,101.25,118.44,3.0823,102.2143,0.8936,0
570,16:57:34.902,FULL,640,640,23.65,27.59,3.3,0.0,36.24,494.53,349.69,101.56,117.50,2.8645,98.5026,0.9014,0
571,16:57:34.938,FULL,640,640,22.22,25.74,0.0,0.0,38.85,493.12,343.75,100.47,118.44,2.5877,91.7818,0.8896,0
572,16:57:34.972,FULL,640,640,22.59,26.28,103.95,0.0,38.06,492.50,342.50,99.53,115.94,2.6434,93.6641,0.8750,0
573,16:57:35.006,FULL,640,640,23.69,27.30,0.0,14.3,36.63,492.19,340.31,100.16,113.75,2.3698,90.9001,0.8584,0
574,16:57:35.040,FULL,640,640,21.73,25.64,56.3,15.225,39.00,492.66,339.69,100.31,116.25,1.7813,89.6837,0.7759,0
575,16:57:35.073,FULL,640,640,22.38,25.69,0.0,15.2,38.92,492.66,339.69,100.31,116.25,1.7813,89.6837,0.7759,0
576,16:57:35.106,FULL,640,640,21.98,25.31,0.0,0.0,39.52,491.56,338.75,94.22,114.69,2.3861,87.1278,0.7666,0
577,16:57:35.140,FULL,640,640,22.94,26.24,0.0,14.9,38.11,491.25,336.88,94.38,113.75,2.3545,87.5604,0.7759,0
578,16:57:35.173,FULL,640,640,27.07,31.60,0.0,12.35,31.64,490.78,335.00,98.12,116.41,1.6537,88.8813,0.7583,0
579,16:57:35.212,FULL,640,640,20.18,24.00,0.0,0.0,41.67,490.62,333.44,93.75,112.34,2.4009,87.9986,0.7983,0
580,16:57:35.244,FULL,640,640,22.82,26.51,0.0,14.725,37.72,488.75,330.62,97.97,113.91,1.6065,87.9434,0.7227,0
581,16:57:35.278,FULL,640,640,22.12,26.88,0.0,29.075,37.20,488.75,330.62,97.97,113.91,1.6065,87.9434,0.7227,0
582,16:57:35.316,FULL,640,640,29.22,34.51,0.0,22.65,28.98,488.12,329.38,95.94,114.38,2.0036,90.0319,0.8447,0
583,16:57:35.358,FULL,640,640,25.72,29.54,0.0,0.0,33.85,487.50,328.12,97.19,115.62,1.5560,86.8641,0.7539,0
584,16:57:35.398,FULL,640,640,23.49,27.91,0.0,0.0,35.84,487.97,326.25,96.56,114.38,1.3971,84.8976,0.7085,0
585,16:57:35.435,FULL,640,640,21.34,24.33,82.4,0.0,41.09,489.06,324.69,96.09,113.91,1.3600,83.7636,0.6763,0
586,16:57:35.468,FULL,640,640,23.94,28.45,0.0,0.0,35.15,487.81,322.81,95.62,112.03,1.4363,82.6166,0.6978,0
587,16:57:35.504,FULL,640,640,25.01,28.99,54.025,0.0,34.50,487.81,322.81,95.62,112.03,1.4363,82.6166,0.6978,0
588,16:57:35.541,FULL,640,640,27.11,31.40,0.0,12.45,31.84,488.44,320.62,94.22,109.69,1.2983,83.5277,0.6577,0
589,16:57:35.582,FULL,640,640,25.40,29.83,41.225,39.3,33.53,489.53,319.69,95.94,113.12,1.0973,85.1677,0.5796,0
590,16:57:35.620,FULL,640,640,23.85,28.61,0.0,13.65,34.95,489.38,317.19,95.31,110.00,1.3181,85.0490,0.6562,0
591,16:57:35.658,FULL,640,640,26.96,30.67,0.0,12.725,32.60,489.69,313.12,96.41,112.81,0.9972,83.7197,0.5234,0
592,16:57:35.698,FULL,640,640,24.87,28.85,0.0,13.55,34.66,489.22,311.88,97.81,112.81,1.2771,82.6339,0.6060,0
593,16:57:35.737,FULL,640,640,23.73,30.26,38.1,0.0,33.05,489.22,311.88,97.81,112.81,1.2771,82.6339,0.6060,0
594,16:57:35.777,FULL,640,640,30.76,35.50,0.0,11.0,28.17,490.31,311.25,97.97,112.19,1.4650,81.9585,0.6733,0
595,16:57:35.820,FULL,640,640,26.15,29.61,52.225,13.2,33.77,490.94,310.00,98.12,114.06,1.5670,81.9006,0.6880,0
596,16:57:35.857,FULL,640,640,23.84,27.54,0.0,0.0,36.31,491.88,309.06,97.03,112.66,2.0336,80.3160,0.7432,0
597,16:57:35.896,FULL,640,640,21.46,25.47,0.0,61.35,39.26,492.34,307.50,98.44,114.06,2.2681,79.3678,0.8091,0
598,16:57:35.931,FULL,640,640,25.03,29.84,41.275,0.0,33.52,491.56,305.62,96.25,115.47,2.3846,78.5758,0.8286,0
599,16:57:35.969,FULL,640,640,23.49,26.17,49.825,0.0,38.21,491.56,305.62,96.25,115.47,2.3846,78.5758,0.8286,0
600,16:57:36.003,FULL,640,640,24.27,30.18,0.0,0.0,33.14,491.56,303.12,98.91,116.88,2.2453,76.6895,0.7847,0
601,16:57:36.042,FULL,640,640,23.45,27.75,0.0,14.075,36.04,495.00,300.62,96.72,112.81,2.1929,72.8088,0.7671,0
602,16:57:36.079,FULL,640,640,23.51,28.13,0.0,13.875,35.55,495.00,300.62,96.72,112.81,2.1929,72.8088,0.7671,0
603,16:57:36.116,FULL,640,640,26.61,30.37,47.275,12.85,32.93,495.62,300.31,98.28,113.12,2.4412,72.2586,0.8135,0
604,16:57:36.155,FULL,640,640,23.09,26.49,0.0,14.75,37.74,496.25,298.75,98.28,112.81,2.4885,72.2810,0.8276,0
605,16:57:36.189,FULL,640,640,26.23,30.31,49.2,0.0,33.00,496.41,297.50,97.81,115.16,2.3606,70.7123,0.8037,0
606,16:57:36.227,FULL,640,640,22.07,27.06,0.0,0.0,36.96,496.88,296.56,97.66,111.88,2.6423,69.2644,0.8447,0
607,16:57:36.262,FULL,640,640,25.77,30.67,0.0,12.725,32.61,498.28,293.75,100.00,109.53,2.6144,69.6533,0.8340,0
608,16:57:36.302,FULL,640,640,23.96,29.37,0.0,13.3,34.05,498.28,293.75,100.00,109.53,2.6144,69.6533,0.8340,0
609,16:57:36.340,FULL,640,640,21.48,26.00,0.0,0.0,38.46,500.31,292.81,102.34,110.47,1.8372,66.3311,0.6406,0
610,16:57:36.374,FULL,640,640,21.68,26.65,0.0,0.0,37.53,498.12,292.50,96.88,107.19,2.1359,62.9888,0.7432,0
611,16:57:36.411,FULL,640,640,24.05,28.30,0.0,27.625,35.34,498.75,290.62,97.19,105.62,2.0619,60.8394,0.7314,0
612,16:57:36.447,FULL,640,640,24.86,28.83,0.0,27.1,34.69,499.22,287.81,95.94,103.91,2.1411,62.2719,0.7632,0
613,16:57:36.486,FULL,640,640,21.48,25.58,39.95,0.0,39.09,500.78,285.94,97.19,103.91,2.1917,58.6106,0.7769,0
614,16:57:36.520,FULL,640,640,25.68,29.45,0.0,0.0,33.95,501.72,284.38,96.56,104.53,2.3042,53.7554,0.7842,0
615,16:57:36.560,FULL,640,640,25.42,30.01,0.0,0.0,33.32,501.72,284.38,96.56,104.53,2.3042,53.7554,0.7842,0
616,16:57:36.600,FULL,640,640,23.93,27.81,0.0,28.1,35.96,502.19,282.19,98.44,105.16,1.8604,57.7083,0.6895,0
617,16:57:36.638,FULL,640,640,24.60,28.52,40.5,0.0,35.07,504.38,280.94,99.53,104.53,1.8935,55.7749,0.6938,0
618,16:57:36.675,FULL,640,640,27.45,31.30,0.0,0.0,31.94,506.41,278.75,100.94,103.75,1.9880,46.1547,0.6763,0
619,16:57:36.716,FULL,640,640,22.72,26.26,41.75,14.875,38.08,508.75,277.50,103.12,102.50,2.0990,43.4642,0.7480,0
620,16:57:36.752,FULL,640,640,22.60,26.38,40.5,0.0,37.91,509.06,276.56,103.12,103.12,1.9473,44.9323,0.7051,0
621,16:57:36.787,FULL,640,640,22.76,26.47,46.125,14.75,37.78,509.06,276.56,103.12,103.12,1.9473,44.9323,0.7051,0
622,16:57:36.821,FULL,640,640,21.68,25.40,0.0,15.375,39.37,510.16,275.31,104.69,101.72,2.1051,42.5577,0.7646,0
623,16:57:36.854,FULL,640,640,24.24,28.55,0.0,13.675,35.02,512.66,272.81,108.44,102.50,2.1197,41.1718,0.7700,0
624,16:57:36.890,FULL,640,640,26.25,30.36,54.1,0.0,32.94,514.53,272.50,110.31,102.50,2.2551,41.7194,0.7920,0
625,16:57:36.929,FULL,640,640,23.85,29.30,0.0,13.325,34.13,517.34,269.38,112.81,98.91,1.8792,39.5837,0.7173,0
626,16:57:36.969,FULL,640,640,24.56,28.49,35.85,13.7,35.10,518.75,267.19,115.16,95.62,2.2656,41.1475,0.7686,0
627,16:57:37.009,FULL,640,640,23.22,27.38,0.0,0.0,36.52,520.16,265.62,115.31,94.84,2.0349,39.9437,0.7100,0
628,16:57:37.044,FULL,640,640,24.16,29.44,51.5,0.0,33.97,520.31,265.62,115.16,93.75,1.8446,39.3263,0.6504,0
629,16:57:37.082,FULL,640,640,20.45,24.58,44.65,31.8,40.69,520.94,263.44,113.75,93.91,1.8531,39.0484,0.6479,0
630,16:57:37.115,FULL,640,640,22.08,26.08,45.825,29.95,38.35,520.94,263.44,113.75,93.91,1.8531,39.0484,0.6479,0
631,16:57:37.151,FULL,640,640,23.80,27.55,0.0,28.35,36.29,521.25,262.19,115.00,96.88,1.4979,38.3601,0.5791,0
632,16:57:37.187,FULL,640,640,21.38,25.45,46.55,0.0,39.29,521.88,261.41,115.47,94.69,1.4306,37.5582,0.5449,0
633,16:57:37.220,FULL,640,640,22.19,25.92,52.575,0.0,38.59,522.50,260.16,115.00,93.44,1.6517,36.4271,0.6177,0
634,16:57:37.254,FULL,640,640,24.04,28.21,49.325,0.0,35.44,523.91,259.06,115.94,92.66,1.9362,36.5548,0.6846,0
635,16:57:37.290,FULL,640,640,27.09,31.07,141.35,25.15,32.19,525.94,258.28,117.34,92.19,1.9154,37.2096,0.6792,0
636,16:57:37.332,FULL,640,640,23.06,27.39,36.575,14.25,36.51,525.94,258.28,117.34,92.19,1.9154,37.2096,0.6792,0
637,16:57:37.369,FULL,640,640,26.88,31.46,40.625,12.425,31.79,525.94,258.28,117.34,92.19,1.9154,37.2096,0.6792,0
638,16:57:37.411,FULL,640,640,27.49,32.36,0.0,0.0,30.90,528.12,255.94,118.28,89.38,2.2895,35.7105,0.7998,0
639,16:57:37.454,FULL,640,640,24.00,27.72,35.125,0.0,36.07,530.16,255.00,120.94,89.53,2.3831,34.8237,0.8428,0
640,16:57:37.491,FULL,640,640,24.12,27.96,44.35,13.975,35.76,530.94,254.06,120.62,88.59,2.3260,34.3091,0.8291,0
641,16:57:37.527,FULL,640,640,24.89,29.18,0.0,0.0,34.28,531.88,253.91,119.84,88.44,1.7672,33.2110,0.7305,0
642,16:57:37.563,FULL,640,640,27.18,31.58,53.4,0.0,31.66,531.88,253.91,119.84,88.44,1.7672,33.2110,0.7305,0
643,16:57:37.604,FULL,640,640,23.90,28.63,0.0,13.65,34.92,533.12,253.12,119.22,87.50,2.0041,32.1229,0.8140,0
644,16:57:37.642,FULL,640,640,24.30,29.41,40.95,0.0,34.00,534.69,252.50,120.16,86.41,2.0749,31.9529,0.8267,0
645,16:57:37.680,FULL,640,640,21.50,25.44,0.0,0.0,39.31,539.69,250.00,120.78,86.25,2.3303,28.8887,0.8887,0
646,16:57:37.714,FULL,640,640,25.13,29.78,0.0,0.0,33.58,539.69,250.00,120.78,86.25,2.3303,28.8887,0.8887,0
647,16:57:37.786,FULL,640,640,26.13,30.16,9.325,12.95,33.15,542.03,248.59,119.06,82.81,2.3452,26.0203,0.8657,0
648,16:57:37.825,FULL,640,640,23.88,27.77,43.275,0.0,36.01,543.59,247.81,119.06,81.41,2.1381,24.9008,0.8193,0
649,16:57:37.862,FULL,640,640,26.75,30.99,39.7,25.225,32.27,544.69,247.66,120.62,80.94,2.2063,23.7766,0.8276,0
650,16:57:37.905,FULL,640,640,24.03,29.18,0.0,40.15,34.26,545.31,246.88,120.47,80.62,2.0580,23.5567,0.8008,0
651,16:57:37.945,FULL,640,640,25.03,29.88,107.175,12.975,33.47,545.31,246.88,120.47,80.62,2.0580,23.5567,0.8008,0
652,16:57:37.985,FULL,640,640,24.73,28.54,39.325,13.675,35.04,546.25,246.25,123.75,81.09,2.0996,22.7927,0.8306,0
653,16:57:38.025,FULL,640,640,24.34,28.30,0.0,0.0,35.34,546.88,245.62,123.12,80.62,2.0412,21.1138,0.8364,0
654,16:57:38.064,FULL,640,640,24.21,28.27,37.975,13.825,35.37,549.06,245.31,124.38,79.22,2.0818,19.6512,0.8296,0
655,16:57:38.101,FULL,640,640,24.14,30.59,44.325,25.55,32.69,551.88,243.91,121.25,79.06,1.7110,17.9833,0.7612,0
656,16:57:38.141,FULL,640,640,26.99,31.66,41.9,24.675,31.59,551.88,243.91,121.25,79.06,1.7110,17.9833,0.7612,0
657,16:57:38.183,FULL,640,640,25.63,30.26,0.0,12.9,33.05,553.44,243.28,120.62,79.06,1.6107,20.4195,0.6499,0
658,16:57:38.222,FULL,640,640,24.14,27.75,136.425,0.0,36.04,553.44,243.28,120.62,79.06,1.6107,20.4195,0.6499,0
659,16:57:38.258,FULL,640,640,22.57,26.16,0.0,29.875,38.22,557.19,242.66,118.59,77.19,1.6880,16.5659,0.7334,0
660,16:57:38.293,FULL,640,640,21.83,25.96,0.0,15.05,38.52,558.28,242.81,118.44,77.03,1.7171,11.9870,0.7290,0
661,16:57:38.327,FULL,640,640,24.84,29.91,47.6,0.0,33.43,559.53,242.19,119.06,76.88,1.9004,9.9978,0.7974,0
662,16:57:38.368,FULL,640,640,22.49,26.61,0.0,29.35,37.57,561.25,242.50,119.84,76.88,1.7445,9.1423,0.7769,0
663,16:57:38.403,FULL,640,640,22.22,26.69,0.0,14.65,37.47,566.25,241.56,120.16,76.88,1.8100,8.9431,0.7456,0
664,16:57:38.438,FULL,640,640,23.91,27.88,131.4,28.025,35.87,573.44,242.19,130.78,74.53,1.7152,2.2870,0.6714,0
665,16:57:38.475,FULL,640,640,22.19,26.26,0.0,0.0,38.09,574.06,241.88,130.62,75.16,1.9073,-1.0177,0.7241,0
666,16:57:38.510,FULL,640,640,22.46,27.19,0.0,14.375,36.77,575.00,241.41,130.00,75.31,1.9892,2.5203,0.7573,0
667,16:57:38.545,FULL,640,640,21.58,26.24,150.95,44.65,38.11,578.12,241.41,132.19,75.31,1.9105,2.1494,0.7324,0
668,16:57:38.585,FULL,640,640,21.65,25.69,0.0,15.2,38.92,578.12,241.09,129.69,74.69,2.2783,-1.2155,0.7578,0
669,16:57:38.621,FULL,640,640,23.09,27.34,0.0,28.575,36.58,580.62,240.62,126.09,75.94,2.1041,0.7042,0.7324,0
670,16:57:38.656,FULL,640,640,23.77,27.85,51.4,14.025,35.91,581.56,240.00,123.59,76.72,1.9421,-2.1257,0.7080,0
671,16:57:38.692,FULL,640,640,23.54,27.58,0.0,14.175,36.26,583.12,239.38,121.56,76.09,1.9952,-2.7339,0.7510,0
672,16:57:38.727,FULL,640,640,22.87,27.30,0.0,28.625,36.63,583.75,239.22,121.25,76.25,1.9000,-2.5487,0.7422,0
673,16:57:38.762,FULL,640,640,22.38,26.65,0.0,0.0,37.52,583.75,239.22,121.25,76.25,1.9000,-2.5487,0.7422,0
674,16:57:38.796,FULL,640,640,22.78,27.03,0.0,0.0,37.00,583.75,239.22,121.25,76.25,1.9000,-2.5487,0.7422,0
675,16:57:38.830,FULL,640,640,21.83,25.81,0.0,15.15,38.75,585.31,239.22,119.22,76.25,1.7536,-3.8268,0.6953,0
676,16:57:38.864,FULL,640,640,22.19,25.98,0.0,0.0,38.50,585.62,239.38,119.69,75.16,2.0127,-0.9183,0.7939,0
677,16:57:38.896,FULL,640,640,23.27,27.41,0.0,0.0,36.48,587.81,239.69,122.50,75.00,2.0956,-0.7478,0.8159,0
678,16:57:38.932,FULL,640,640,22.49,26.80,0.0,14.575,37.31,588.12,239.06,121.25,75.94,1.9642,-2.7210,0.7817,0
679,16:57:38.967,FULL,640,640,22.44,26.21,0.0,14.9,38.15,589.38,238.91,121.25,77.19,1.9347,-2.4330,0.7842,0
680,16:57:39.002,FULL,640,640,22.90,26.77,44.825,0.0,37.35,590.94,238.75,118.91,78.91,1.9225,-2.0213,0.7812,0
681,16:57:39.037,FULL,640,640,22.63,25.97,0.0,15.05,38.50,591.56,238.75,118.12,79.38,1.8938,-1.0293,0.7803,0
682,16:57:39.072,FULL,640,640,22.81,27.01,0.0,0.0,37.02,592.50,238.91,117.19,77.19,2.0414,0.0508,0.8057,0
683,16:57:39.107,FULL,640,640,21.61,26.22,0.0,59.6,38.14,593.44,238.91,116.88,77.81,2.0298,0.0961,0.8018,0
684,16:57:39.142,FULL,640,640,21.37,26.40,46.875,0.0,37.88,593.44,239.38,116.25,77.50,2.0428,-2.1478,0.8037,0
685,16:57:39.176,FULL,640,640,21.39,26.04,0.0,15.0,38.40,593.44,239.38,116.25,77.50,2.0428,-2.1478,0.8037,0
686,16:57:39.210,FULL,640,640,23.50,27.88,50.575,0.0,35.87,593.44,239.38,116.25,77.50,2.0428,-2.1478,0.8037,0
687,16:57:39.245,FULL,640,640,21.71,25.92,0.0,45.25,38.59,594.06,238.91,116.25,76.56,1.9365,-0.8371,0.7852,0
688,16:57:39.280,FULL,640,640,22.28,26.87,0.0,0.0,37.22,594.38,239.06,116.56,78.12,1.8833,-2.3671,0.7671,0
689,16:57:39.316,FULL,640,640,21.47,25.99,0.0,0.0,38.48,594.69,238.44,116.41,78.44,1.9032,-1.8835,0.7837,0
690,16:57:39.351,FULL,640,640,22.23,26.42,0.0,14.8,37.85,595.00,238.75,115.94,77.97,1.8368,-2.9092,0.7666,0
691,16:57:39.387,FULL,640,640,22.19,26.44,0.0,29.525,37.82,595.31,238.12,115.78,78.28,1.8548,-1.0646,0.7793,0
692,16:57:39.421,FULL,640,640,23.02,27.26,49.55,0.0,36.69,595.31,238.75,116.41,77.34,1.8846,-1.9845,0.7812,0
693,16:57:39.456,FULL,640,640,21.62,25.45,48.875,0.0,39.29,595.00,238.44,115.94,77.97,1.8907,-1.3573,0.7905,0
694,16:57:39.490,FULL,640,640,22.53,26.78,48.95,0.0,37.34,595.00,238.75,116.09,77.66,1.8939,-1.7033,0.7876,0
695,16:57:39.525,FULL,640,640,22.61,26.47,0.0,14.75,37.78,595.31,238.59,115.62,77.50,1.9171,-1.9874,0.7939,0
696,16:57:39.559,FULL,640,640,22.05,26.50,0.0,29.475,37.73,595.62,238.91,115.94,77.81,1.9205,-2.3129,0.7993,0
697,16:57:39.592,FULL,640,640,21.50,26.19,0.0,0.0,38.18,595.62,238.91,115.94,77.81,1.9205,-2.3129,0.7993,0
698,16:57:39.627,FULL,640,640,20.70,24.86,48.9,0.0,40.22,595.62,238.91,115.94,77.81,1.9205,-2.3129,0.7993,0
699,16:57:39.660,FULL,640,640,21.31,25.51,45.15,30.6,39.20,595.31,238.75,116.09,78.28,1.9086,-2.6869,0.7954,0
700,16:57:39.694,FULL,640,640,22.55,26.61,0.0,0.0,37.59,595.31,238.75,115.78,77.81,1.9305,-2.9685,0.7988,0
701,16:57:39.728,FULL,640,640,21.84,26.34,0.0,0.0,37.96,595.31,238.59,115.62,77.50,1.9181,-2.4219,0.7949,0
702,16:57:39.762,FULL,640,640,22.16,26.55,0.0,0.0,37.66,595.62,238.59,115.78,77.81,1.9144,-3.1773,0.7939,0
