frame_id,timestamp,mode,input_width,input_height,inf_time_ms,end_to_end_time_ms,cpu_load_pct,end_to_end_cpu_load_pct,fps,x_center,y_center,width,height,angle,best_conf,tracking_lost
201,15:20:30.337,FULL,640,640,24.42,31.64,0.0,24.7,31.61,978.12,817.50,289.69,189.38,-15.0000,0.8291,0
202,15:20:30.385,FULL,640,640,28.16,36.83,23.925,42.45,27.15,978.12,817.50,289.06,189.38,-15.0000,0.8252,0
203,15:20:30.435,FULL,640,640,22.87,33.85,0.0,11.55,29.55,978.12,817.50,288.75,189.38,-15.0000,0.8291,0
204,15:20:30.483,FULL,640,640,25.69,33.42,0.0,0.0,29.92,978.12,817.50,288.75,189.38,-15.0000,0.8276,0
205,15:20:30.528,FULL,640,640,24.40,31.90,0.0,36.725,31.34,977.81,817.50,288.12,189.38,-15.0000,0.8340,0
206,15:20:30.573,FULL,640,640,24.80,31.54,0.0,24.775,31.71,977.81,817.50,288.12,189.38,-15.0000,0.8340,0
207,15:20:30.616,FULL,640,640,24.69,32.91,34.225,23.75,30.39,978.12,817.50,287.81,189.38,-15.0000,0.8218,0
208,15:20:30.662,FULL,640,640,21.25,31.94,29.55,12.225,31.31,978.12,817.50,288.44,188.75,-15.0000,0.8218,0
209,15:20:30.709,FULL,640,640,24.17,31.16,26.65,25.075,32.09,978.12,817.50,288.44,188.75,-15.0000,0.8218,0
210,15:20:30.753,FULL,640,640,24.43,31.66,30.3,24.675,31.59,978.12,817.50,288.44,188.75,-15.0000,0.8276,0
211,15:20:30.798,FULL,640,640,25.10,33.02,0.0,35.5,30.28,979.06,817.50,288.12,188.75,-15.0000,0.8491,0
212,15:20:30.844,FULL,640,640,25.64,32.44,0.0,12.05,30.82,980.62,816.25,286.56,188.12,0.0000,0.8462,0
213,15:20:30.891,FULL,640,640,26.15,34.69,0.0,0.0,28.82,981.56,816.25,285.62,187.50,0.0000,0.8433,0
214,15:20:30.941,FULL,640,640,27.20,34.78,0.0,11.225,28.76,982.81,816.25,283.12,188.12,0.0000,0.8311,0
215,15:20:30.991,FULL,640,640,26.87,35.47,25.775,33.05,28.19,986.25,816.88,280.31,185.00,0.0000,0.8423,0
216,15:20:31.041,FULL,640,640,24.21,31.47,0.0,12.425,31.78,986.25,816.88,280.31,185.00,0.0000,0.8423,0
217,15:20:31.088,FULL,640,640,25.51,33.67,25.525,0.0,29.70,990.00,816.25,274.69,185.62,-15.0000,0.8584,0
218,15:20:31.134,FULL,640,640,21.48,29.17,30.125,26.775,34.28,990.00,816.25,274.69,185.62,-15.0000,0.8584,0
219,15:20:31.179,FULL,640,640,25.60,33.43,24.5,11.675,29.92,991.25,815.00,271.56,185.62,-15.0000,0.8311,0
220,15:20:31.228,FULL,640,640,24.69,31.39,26.15,12.45,31.86,993.12,813.75,271.56,183.12,-15.0000,0.8354,0
221,15:20:31.273,FULL,640,640,21.86,28.88,28.8,13.525,34.63,995.62,813.12,269.69,183.75,-15.0000,0.8584,0
222,15:20:31.316,FULL,640,640,25.31,33.32,0.0,23.45,30.01,1000.62,811.88,265.00,181.25,-15.0000,0.8867,0
223,15:20:31.363,FULL,640,640,21.16,31.73,28.65,12.3,31.51,1004.38,811.25,264.06,181.88,-15.0000,0.9199,0
224,15:20:31.406,FULL,640,640,20.87,28.95,0.0,26.975,34.54,1006.88,811.25,266.25,181.25,-15.0000,0.9302,0
225,15:20:31.451,FULL,640,640,25.18,32.19,24.55,0.0,31.07,1006.88,811.25,266.25,181.25,-15.0000,0.9302,0
226,15:20:31.495,FULL,640,640,25.56,32.52,0.0,24.025,30.75,1015.31,811.25,274.38,181.25,-15.0000,0.9224,0
227,15:20:31.541,FULL,640,640,21.67,31.90,29.825,12.25,31.35,1015.31,811.25,274.38,181.25,-15.0000,0.9224,0
228,15:20:31.585,FULL,640,640,24.12,31.40,32.525,12.45,31.85,1020.00,809.38,274.69,183.75,-15.0000,0.9141,0
229,15:20:31.628,FULL,640,640,25.55,33.30,32.5,11.725,30.03,1023.12,809.38,277.19,186.25,-15.0000,0.9316,0
230,15:20:31.675,FULL,640,640,25.79,32.62,0.0,23.95,30.65,1025.94,810.00,273.12,184.38,-15.0000,0.9370,0
231,15:20:31.720,FULL,640,640,24.83,32.95,32.45,11.85,30.34,1049.06,808.75,293.12,184.38,-15.0000,0.9751,0
232,15:20:31.765,FULL,640,640,21.36,32.33,0.0,36.25,30.94,1049.06,808.75,293.12,184.38,-15.0000,0.9751,0
233,15:20:31.810,FULL,640,640,21.26,30.53,29.2,0.0,32.76,1057.50,811.25,297.81,184.38,-15.0000,0.9717,0
234,15:20:31.854,FULL,640,640,24.61,31.78,0.0,24.575,31.47,1057.50,810.62,287.81,186.25,-15.0000,0.9492,0
235,15:20:31.898,FULL,640,640,24.11,31.42,31.35,24.875,31.83,1059.06,810.00,276.88,186.88,-15.0000,0.9580,0
236,15:20:31.942,FULL,640,640,21.21,31.38,0.0,12.45,31.87,1060.31,815.62,275.62,195.00,-15.0000,0.9551,0
237,15:20:31.985,FULL,640,640,24.11,31.52,33.15,12.4,31.73,1060.31,815.62,275.62,195.00,-15.0000,0.9551,0
238,15:20:32.029,FULL,640,640,24.97,33.09,64.175,11.8,30.22,1064.38,815.00,276.25,192.50,-15.0000,0.9375,0
239,15:20:32.076,FULL,640,640,24.77,31.55,0.0,61.925,31.70,1080.00,820.62,277.50,198.75,-15.0000,0.9414,0
240,15:20:32.119,FULL,640,640,24.28,32.22,96.95,24.25,31.04,1081.25,820.62,277.19,197.50,-15.0000,0.9507,0
241,15:20:32.163,FULL,640,640,21.12,30.95,34.95,12.625,32.31,1081.25,820.62,277.19,197.50,-15.0000,0.9507,0
242,15:20:32.206,FULL,640,640,23.49,31.20,33.125,25.05,32.05,1084.06,820.00,276.88,196.25,-15.0000,0.9624,0
243,15:20:32.250,FULL,640,640,24.87,31.82,28.8,24.55,31.42,1087.50,820.00,273.44,196.88,-15.0000,0.9375,0
244,15:20:32.294,FULL,640,640,25.09,32.04,0.0,24.375,31.21,1093.12,819.38,266.25,195.00,-15.0000,0.9336,0
245,15:20:32.338,FULL,640,640,21.18,31.37,31.175,12.475,31.88,1100.62,818.75,270.00,197.50,-15.0000,0.8813,0
246,15:20:32.382,FULL,640,640,24.91,32.11,30.85,12.175,31.14,1100.62,818.75,270.00,197.50,-15.0000,0.8813,0
247,15:20:32.427,FULL,640,640,24.54,31.89,32.35,0.0,31.36,1108.75,818.75,263.75,198.12,-15.0000,0.6626,0
248,15:20:32.471,FULL,640,640,21.04,31.34,30.3,0.0,31.91,1111.88,821.25,262.81,199.38,-30.0000,0.6538,0
249,15:20:32.514,FULL,640,640,21.45,31.38,0.0,12.45,31.87,1115.62,821.25,266.25,198.12,-30.0000,0.7632,0
250,15:20:32.559,FULL,640,640,25.34,32.38,30.25,24.125,30.89,1115.62,821.25,266.25,198.12,-30.0000,0.7632,0
251,15:20:32.603,FULL,640,640,23.84,30.46,0.0,12.825,32.83,1119.06,821.25,266.88,201.88,-30.0000,0.7598,0
252,15:20:32.647,FULL,640,640,21.35,29.09,28.125,26.85,34.38,1123.75,822.50,265.62,202.50,-30.0000,0.7041,0
253,15:20:32.692,FULL,640,640,24.81,31.54,0.0,12.375,31.70,1128.12,824.38,266.25,203.75,-30.0000,0.7710,0
254,15:20:32.737,FULL,640,640,21.04,31.38,28.3,24.9,31.86,1131.25,825.00,269.69,204.38,-30.0000,0.8027,0
255,15:20:32.781,FULL,640,640,25.21,32.23,30.875,12.125,31.03,1131.25,825.00,269.69,204.38,-30.0000,0.8027,0
256,15:20:32.826,FULL,640,640,24.22,31.49,0.0,12.4,31.76,1142.50,830.00,262.50,204.38,-30.0000,0.7993,0
257,15:20:32.870,FULL,640,640,26.20,33.20,31.45,11.775,30.12,1146.88,829.38,260.94,206.25,-30.0000,0.8140,0
258,15:20:32.914,FULL,640,640,21.91,28.70,35.7,13.6,34.84,1150.62,830.00,258.75,205.62,-30.0000,0.8091,0
259,15:20:32.959,FULL,640,640,23.50,30.72,0.0,25.45,32.56,1150.62,830.00,258.75,205.62,-30.0000,0.8091,0
260,15:20:33.003,FULL,640,640,23.72,30.90,29.7,25.3,32.37,1153.75,832.50,258.75,210.00,-45.0000,0.8008,0
261,15:20:33.048,FULL,640,640,21.39,31.00,0.0,25.2,32.26,1155.00,833.75,256.88,212.50,-30.0000,0.8179,0
262,15:20:33.092,FULL,640,640,24.67,31.49,0.0,24.825,31.76,1163.75,835.62,253.75,213.75,-45.0000,0.8267,0
263,15:20:33.136,FULL,640,640,22.64,33.12,0.0,23.6,30.20,1168.75,837.50,253.75,214.38,-45.0000,0.8096,0
264,15:20:33.182,FULL,640,640,24.21,31.27,0.0,24.975,31.98,1172.50,840.00,254.38,217.50,-45.0000,0.8550,0
265,15:20:33.226,FULL,640,640,21.27,28.77,31.675,13.575,34.76,1179.38,843.12,255.31,216.25,-45.0000,0.8457,0
266,15:20:33.270,FULL,640,640,24.37,30.76,24.9,12.7,32.51,1183.75,844.38,259.69,215.00,-45.0000,0.8345,0
267,15:20:33.312,FULL,640,640,23.74,31.85,33.85,12.275,31.40,1185.62,846.88,258.75,216.25,-45.0000,0.8408,0
268,15:20:33.358,FULL,640,640,23.99,31.24,0.0,25.0,32.01,1186.88,848.75,258.44,216.88,-45.0000,0.8799,0
269,15:20:33.402,FULL,640,640,24.31,31.11,0.0,12.55,32.15,1186.88,848.75,258.44,216.88,-45.0000,0.8799,0
270,15:20:33.445,FULL,640,640,21.29,32.41,33.525,24.1,30.85,1188.75,850.00,260.62,216.88,-45.0000,0.8857,0
271,15:20:33.490,FULL,640,640,23.45,30.29,30.925,25.8,33.01,1193.12,857.50,261.25,221.88,-45.0000,0.9004,0
272,15:20:33.534,FULL,640,640,24.52,32.03,0.0,24.4,31.22,1195.00,861.88,260.31,227.50,-45.0000,0.8799,0
273,15:20:33.578,FULL,640,640,22.74,31.51,0.0,24.8,31.73,1195.00,861.88,260.31,227.50,-45.0000,0.8799,0
274,15:20:33.623,FULL,640,640,21.07,27.86,0.0,28.05,35.89,1203.12,869.38,264.69,230.00,-45.0000,0.8496,0
275,15:20:33.666,FULL,640,640,24.00,31.73,25.575,12.3,31.51,1201.88,871.25,275.00,229.38,-45.0000,0.8218,0
276,15:20:33.709,FULL,640,640,25.07,32.17,0.0,24.3,31.08,1203.75,873.75,276.25,230.00,-45.0000,0.8203,0
277,15:20:33.755,FULL,640,640,22.28,31.35,0.0,12.45,31.90,1206.25,875.62,274.38,231.25,-45.0000,0.8115,0
278,15:20:33.798,FULL,640,640,23.49,30.77,32.85,25.4,32.50,1206.25,875.62,274.38,231.25,-45.0000,0.8115,0
279,15:20:33.842,FULL,640,640,21.02,31.00,0.0,12.6,32.26,1205.00,876.88,270.62,231.25,-45.0000,0.8750,0
280,15:20:33.887,FULL,640,640,24.16,31.83,29.6,24.55,31.42,1207.50,880.00,270.00,235.62,-45.0000,0.8042,0
281,15:20:33.932,FULL,640,640,23.91,31.16,29.525,12.525,32.09,1207.50,880.00,270.00,235.62,-45.0000,0.8042,0
282,15:20:33.978,FULL,640,640,21.92,28.72,26.2,13.6,34.82,1208.12,882.50,273.44,236.88,-45.0000,0.7432,0
283,15:20:34.023,FULL,640,640,22.60,29.15,23.325,26.8,34.30,1221.88,886.25,261.25,236.88,-75.0000,0.7769,0
284,15:20:34.066,FULL,640,640,26.58,34.22,29.425,68.5,29.22,1233.12,889.38,239.06,238.75,-75.0000,0.8179,0
285,15:20:34.112,FULL,640,640,25.15,32.93,32.425,35.6,30.37,1230.62,891.25,244.69,236.88,-75.0000,0.8091,0
286,15:20:34.158,FULL,640,640,25.14,33.02,30.425,35.5,30.28,1241.25,893.75,228.12,233.75,-75.0000,0.8496,0
287,15:20:34.203,FULL,640,640,25.20,32.60,0.0,11.975,30.68,1241.25,893.75,228.12,233.75,-75.0000,0.8496,0
288,15:20:34.250,FULL,640,640,26.03,33.67,80.1,23.2,29.70,1242.50,898.75,220.00,233.12,-75.0000,0.8857,0
289,15:20:34.295,FULL,640,640,26.12,33.29,33.35,46.95,30.04,1245.00,902.50,219.38,233.12,-75.0000,0.8857,0
290,15:20:34.341,FULL,640,640,22.42,32.65,31.25,11.975,30.63,1245.00,902.50,219.38,233.12,-75.0000,0.8857,0
291,15:20:34.388,FULL,640,640,22.04,32.54,28.1,24.025,30.73,1245.00,903.12,218.12,231.25,-75.0000,0.8975,0
292,15:20:34.432,FULL,640,640,24.59,31.85,32.075,0.0,31.39,1250.00,908.12,215.62,230.00,-75.0000,0.8999,0
293,15:20:34.476,FULL,640,640,26.78,34.54,0.0,22.625,28.95,1251.25,910.00,213.75,230.62,-75.0000,0.9048,0
294,15:20:34.524,FULL,640,640,26.08,33.32,57.975,23.45,30.01,1253.75,912.50,211.88,230.62,-75.0000,0.8926,0
295,15:20:34.570,FULL,640,640,27.39,35.08,30.2,22.275,28.50,1255.00,917.50,210.62,230.00,-75.0000,0.9126,0
296,15:20:34.618,FULL,640,640,26.32,33.59,29.425,23.25,29.77,1256.88,920.00,208.75,231.88,-75.0000,0.9077,0
297,15:20:34.664,FULL,640,640,23.24,32.61,33.025,11.95,30.67,1256.88,920.00,208.75,231.88,-75.0000,0.9077,0
298,15:20:34.710,FULL,640,640,26.37,34.14,0.0,0.0,29.29,1257.50,926.25,208.75,239.38,-75.0000,0.9111,0
299,15:20:34.756,FULL,640,640,22.55,33.07,61.325,11.8,30.24,1258.75,933.75,205.62,245.62,-75.0000,0.9326,0
300,15:20:34.802,FULL,640,640,25.77,33.46,0.0,23.35,29.89,1261.25,938.75,201.88,247.50,-75.0000,0.9292,0
301,15:20:34.848,FULL,640,640,22.73,34.12,31.0,22.9,29.31,1262.50,946.25,202.50,255.00,-75.0000,0.9292,0
302,15:20:34.897,FULL,640,640,25.73,33.11,26.7,0.0,30.20,1264.38,952.50,200.00,260.62,-75.0000,0.9014,0
303,15:20:34.944,FULL,640,640,26.00,34.12,108.7,22.9,29.31,1265.62,952.50,200.00,258.75,-75.0000,0.8677,0
304,15:20:34.992,FULL,640,640,25.89,33.45,0.0,11.675,29.90,1266.88,955.62,197.50,261.25,-75.0000,0.8613,0
305,15:20:35.039,FULL,640,640,23.14,33.50,29.075,11.675,29.85,1266.88,957.50,195.00,258.75,-75.0000,0.8701,0
306,15:20:35.086,FULL,640,640,26.19,33.86,28.95,57.7,29.54,1266.88,957.50,195.00,258.75,-75.0000,0.8701,0
307,15:20:35.133,FULL,640,640,25.78,33.27,0.0,35.225,30.06,1266.25,961.25,195.62,253.12,-90.0000,0.8364,0
308,15:20:35.179,FULL,640,640,26.25,34.14,31.0,11.45,29.29,1272.50,974.38,183.75,256.25,-90.0000,0.7949,0
309,15:20:35.228,FULL,640,640,25.75,33.53,108.25,11.65,29.83,1272.50,974.38,183.75,256.25,-90.0000,0.7949,0
310,15:20:35.274,FULL,640,640,26.47,34.63,60.85,0.0,28.88,1275.00,980.00,180.62,262.50,-105.0000,0.8354,0
311,15:20:35.324,FULL,640,640,27.01,34.74,53.275,0.0,28.79,1273.75,985.00,185.62,270.62,-105.0000,0.7891,0
312,15:20:35.371,FULL,640,640,25.56,34.70,0.0,78.8,28.82,1275.00,988.75,185.62,269.38,-105.0000,0.8276,0
313,15:20:35.419,FULL,640,640,26.44,34.13,0.0,34.325,29.30,1276.25,991.25,188.12,266.88,-105.0000,0.7915,0
314,15:20:35.466,FULL,640,640,25.65,33.12,32.175,58.975,30.19,1276.88,1000.00,185.00,261.88,-105.0000,0.7964,0
315,15:20:35.510,FULL,640,640,24.96,31.84,0.0,0.0,31.40,1278.75,1003.75,186.88,261.88,-105.0000,0.8203,0
316,15:20:35.554,FULL,640,640,21.10,30.79,32.8,12.7,32.48,1277.50,1006.25,184.38,260.62,-105.0000,0.8574,0
317,15:20:35.596,FULL,640,640,24.55,31.43,32.8,24.85,31.82,1276.25,1010.00,187.50,261.25,-105.0000,0.8760,0
318,15:20:35.640,FULL,640,640,24.57,32.04,33.025,0.0,31.21,1276.25,1010.00,187.50,261.25,-105.0000,0.8760,0
319,15:20:35.684,FULL,640,640,21.35,31.66,0.0,49.35,31.59,1276.25,1013.12,188.75,261.25,-105.0000,0.9116,0
320,15:20:35.727,FULL,640,640,24.14,31.30,69.75,24.95,31.95,1275.00,1016.25,191.88,258.12,-105.0000,0.8799,0
321,15:20:35.770,FULL,640,640,24.56,31.81,66.525,24.55,31.43,1273.75,1017.50,198.12,258.12,-105.0000,0.8354,0
322,15:20:35.814,FULL,640,640,21.41,31.75,121.825,24.6,31.49,1272.50,1017.50,200.00,251.88,-105.0000,0.8433,0
323,15:20:35.858,FULL,640,640,21.32,31.51,0.0,37.2,31.74,1270.00,1020.00,203.12,246.25,-90.0000,0.8423,0
324,15:20:35.901,FULL,640,640,25.68,33.31,0.0,46.95,30.02,1270.00,1020.00,203.12,246.25,-90.0000,0.8423,0
325,15:20:35.947,FULL,640,640,25.22,32.80,0.0,11.9,30.48,1263.75,1046.25,212.50,276.88,-90.0000,0.7988,0
326,15:20:35.993,FULL,640,640,22.69,29.74,115.775,39.4,33.63,1266.25,1051.88,210.00,277.50,-105.0000,0.8423,0
327,15:20:36.037,FULL,640,640,23.89,31.41,0.0,24.875,31.83,1270.00,1058.12,205.62,288.75,-105.0000,0.8428,0
328,15:20:36.081,FULL,640,640,21.63,31.96,30.325,73.35,31.29,1270.00,1058.12,205.62,288.75,-105.0000,0.8428,0
329,15:20:36.126,FULL,640,640,21.69,29.17,0.0,26.775,34.28,1267.50,1059.38,208.12,283.75,-105.0000,0.8633,0
330,15:20:36.169,FULL,640,640,25.78,33.37,80.75,11.7,29.96,1268.75,1061.25,208.12,280.00,-105.0000,0.8613,0
331,15:20:36.214,FULL,640,640,24.97,32.87,34.825,0.0,30.42,1264.38,1064.38,212.50,283.75,-105.0000,0.8433,0
332,15:20:36.259,FULL,640,640,21.59,31.74,32.825,24.625,31.50,1261.25,1069.38,219.38,281.25,-105.0000,0.8535,0
333,15:20:36.304,FULL,640,640,24.63,31.54,28.425,12.375,31.71,1256.25,1084.38,220.62,288.75,-90.0000,0.7759,0
334,15:20:36.347,FULL,640,640,24.20,31.59,0.0,12.375,31.66,1256.25,1087.50,218.75,290.00,-105.0000,0.7891,0
335,15:20:36.392,FULL,640,640,22.47,29.28,28.95,13.35,34.15,1255.62,1091.88,221.25,291.25,-105.0000,0.7793,0
336,15:20:36.437,FULL,640,640,21.95,32.44,0.0,0.0,30.83,1251.25,1093.75,227.50,290.00,-105.0000,0.8062,0
337,15:20:36.483,FULL,640,640,24.10,30.92,0.0,12.625,32.34,1244.38,1098.75,236.25,295.00,-105.0000,0.8550,0
338,15:20:36.526,FULL,640,640,24.56,32.67,32.0,23.925,30.61,1244.38,1098.75,236.25,295.00,-105.0000,0.8550,0
339,15:20:36.573,FULL,640,640,24.64,31.17,27.75,12.525,32.08,1240.62,1103.12,244.06,298.75,-105.0000,0.7920,0
340,15:20:36.618,FULL,640,640,24.95,32.89,28.025,11.875,30.41,1241.25,1106.25,241.88,297.50,-105.0000,0.8320,0
341,15:20:36.662,FULL,640,640,21.29,31.82,33.1,24.55,31.43,1241.25,1111.88,238.75,301.25,-105.0000,0.8599,0
342,15:20:36.707,FULL,640,640,23.50,30.31,0.0,12.9,32.99,1236.25,1123.12,245.94,296.25,-105.0000,0.6816,0
343,15:20:36.750,FULL,640,640,24.44,31.45,29.85,12.425,31.80,1234.38,1123.75,243.44,290.00,-105.0000,0.6440,0
344,15:20:36.794,FULL,640,640,24.89,31.76,0.0,24.6,31.49,1233.75,1126.88,243.12,293.75,-105.0000,0.6899,0
345,15:20:36.838,FULL,640,640,21.71,32.16,0.0,12.15,31.10,1234.38,1132.50,245.00,298.12,-105.0000,0.6782,0
346,15:20:36.884,FULL,640,640,25.84,33.46,0.0,0.0,29.88,1232.50,1135.00,245.00,295.00,-120.0000,0.6401,0
347,15:20:36.931,FULL,640,640,21.45,32.06,28.85,24.375,31.19,1232.50,1135.00,245.00,295.00,-120.0000,0.6401,0
348,15:20:36.978,FULL,640,640,24.59,31.85,26.625,24.525,31.39,1228.75,1140.62,248.12,288.75,-120.0000,0.7212,0
349,15:20:37.041,FULL,640,640,21.84,28.73,24.45,27.2,34.81,1225.62,1151.25,251.25,295.62,-120.0000,0.6177,0
350,15:20:37.089,FULL,640,640,23.29,31.53,20.575,12.4,31.72,1225.62,1151.25,251.25,295.62,-120.0000,0.6177,0
351,15:20:37.133,FULL,640,640,22.04,29.15,0.0,26.8,34.30,1223.12,1153.12,255.94,293.75,-135.0000,0.5332,0
352,15:20:37.178,FULL,640,640,25.44,32.28,25.0,12.1,30.98,1221.25,1161.25,257.50,305.00,-135.0000,0.6187,0
353,15:20:37.222,FULL,640,640,26.22,33.29,32.275,23.475,30.04,1216.25,1162.50,263.12,303.12,-135.0000,0.6152,0
354,15:20:37.267,FULL,640,640,22.23,33.06,0.0,23.625,30.25,1211.25,1168.75,270.62,310.00,-135.0000,0.6216,0
355,15:20:37.313,FULL,640,640,24.53,31.90,31.45,24.5,31.35,1208.75,1166.25,273.12,299.38,-135.0000,0.6953,0
356,15:20:37.358,FULL,640,640,24.36,31.77,0.0,24.6,31.47,1196.25,1185.00,293.75,331.88,-120.0000,0.5293,0
357,15:20:37.401,FULL,640,640,25.53,33.32,0.0,23.45,30.01,1191.25,1186.25,300.62,330.62,-120.0000,0.4053,0
358,15:20:37.446,FULL,640,640,22.47,29.94,0.0,13.05,33.40,1188.12,1191.88,303.75,318.75,-135.0000,0.4482,0
359,15:20:37.492,FULL,640,640,24.06,30.77,25.2,25.4,32.50,1189.38,1193.75,305.94,319.38,-135.0000,0.3254,0
360,15:20:37.535,FULL,640,640,25.14,32.91,32.325,23.75,30.38,1189.38,1193.75,305.94,319.38,-135.0000,0.3254,0
361,15:20:37.581,FULL,640,640,24.82,32.04,29.825,24.375,31.21,1188.75,1195.62,300.94,318.75,-135.0000,0.4072,0
362,15:20:37.624,FULL,640,640,25.27,32.25,0.0,12.125,31.01,1186.25,1196.25,295.94,310.00,-120.0000,0.4895,0
363,15:20:37.671,FULL,640,640,21.84,32.05,26.9,12.2,31.20,1185.00,1203.75,297.19,299.38,-120.0000,0.6558,0
364,15:20:37.715,FULL,640,640,25.04,32.67,0.0,23.925,30.61,1174.38,1207.50,295.00,293.75,-120.0000,0.6313,0
365,15:20:37.762,FULL,640,640,22.91,33.24,28.15,11.75,30.09,1168.12,1211.25,298.44,295.62,-150.0000,0.5391,0
366,15:20:37.807,FULL,640,640,23.22,30.43,31.5,25.675,32.86,1165.62,1211.25,303.44,290.62,-150.0000,0.6548,0
367,15:20:37.856,FULL,640,640,24.76,32.28,0.0,24.2,30.98,1159.38,1217.50,315.00,290.00,-150.0000,0.6792,0
368,15:20:37.900,FULL,640,640,25.32,32.54,0.0,12.0,30.73,1155.62,1217.50,315.00,290.00,-150.0000,0.5947,0
369,15:20:37.946,FULL,640,640,24.49,31.78,28.8,12.3,31.46,1155.62,1217.50,315.00,290.00,-150.0000,0.5947,0
370,15:20:37.991,FULL,640,640,25.73,32.28,29.5,24.2,30.98,1153.75,1217.50,314.38,285.00,-150.0000,0.6875,0
371,15:20:38.037,FULL,640,640,21.39,31.86,30.375,24.525,31.39,1153.75,1220.00,315.62,287.50,-150.0000,0.7041,0
372,15:20:38.080,FULL,640,640,25.00,31.87,32.45,12.25,31.38,1142.50,1232.50,315.31,286.25,-150.0000,0.8330,0
373,15:20:38.126,FULL,640,640,26.05,34.18,0.0,34.2,29.25,1142.50,1232.50,315.31,286.25,-150.0000,0.8330,0
374,15:20:38.175,FULL,640,640,22.01,29.12,26.9,26.825,34.34,1137.50,1235.00,317.50,283.75,-150.0000,0.8218,0
375,15:20:38.219,FULL,640,640,24.12,31.04,25.575,25.175,32.22,1134.38,1236.25,316.25,277.50,-150.0000,0.7646,0
376,15:20:38.264,FULL,640,640,24.42,31.73,0.0,12.3,31.52,1128.12,1241.25,312.50,281.88,-150.0000,0.6997,0
377,15:20:38.308,FULL,640,640,21.28,31.43,30.525,0.0,31.82,1122.50,1245.00,318.44,276.25,-150.0000,0.5962,0
378,15:20:38.353,FULL,640,640,24.11,31.18,29.275,12.525,32.08,1122.50,1245.00,318.44,276.25,-150.0000,0.5962,0
379,15:20:38.397,FULL,640,640,25.03,32.62,31.75,23.95,30.66,1119.06,1246.25,320.62,277.50,-150.0000,0.6299,0
380,15:20:38.442,FULL,640,640,22.12,28.70,30.8,13.6,34.84,1119.06,1246.25,320.62,277.50,-150.0000,0.6299,0
381,15:20:38.486,FULL,640,640,21.25,31.74,0.0,36.925,31.51,1115.00,1248.75,320.00,273.12,-150.0000,0.6284,0
382,15:20:38.532,FULL,640,640,24.92,32.23,28.4,0.0,31.03,1106.88,1252.50,305.94,260.00,-150.0000,0.6816,0
383,15:20:38.577,FULL,640,640,23.14,33.86,0.0,11.525,29.53,1106.88,1252.50,305.94,260.00,-150.0000,0.6816,0
384,15:20:38.623,FULL,640,640,24.50,31.23,0.0,37.525,32.02,1104.38,1255.00,309.06,267.50,-150.0000,0.7261,0
385,15:20:38.666,FULL,640,640,25.18,32.57,0.0,24.0,30.70,1093.75,1256.25,302.81,259.38,195.0000,0.7827,0
386,15:20:38.711,FULL,640,640,21.85,32.15,31.275,24.3,31.11,1085.62,1258.75,311.56,263.12,195.0000,0.7427,0
387,15:20:38.755,FULL,640,640,21.28,31.19,32.025,25.05,32.06,1085.62,1258.75,311.56,263.12,195.0000,0.7427,0
388,15:20:38.798,FULL,640,640,24.77,32.72,34.0,23.875,30.57,1079.38,1260.00,315.94,262.50,195.0000,0.6816,0
389,15:20:38.842,FULL,640,640,25.58,32.13,0.0,24.325,31.12,1079.38,1260.00,315.94,262.50,195.0000,0.6816,0
390,15:20:38.887,FULL,640,640,22.21,32.97,0.0,23.7,30.33,1075.62,1262.50,312.50,257.50,195.0000,0.7817,0
391,15:20:38.933,FULL,640,640,25.70,32.84,0.0,0.0,30.45,1056.88,1267.50,316.25,251.88,180.0000,0.8218,0
392,15:20:38.980,FULL,640,640,21.80,32.73,28.45,23.875,30.55,1056.88,1267.50,316.25,251.88,180.0000,0.8218,0
393,15:20:39.025,FULL,640,640,24.33,31.28,32.4,24.975,31.97,1055.62,1270.00,309.69,258.75,195.0000,0.7686,0
394,15:20:39.067,FULL,640,640,23.98,31.47,35.875,62.075,31.78,1050.94,1267.50,314.38,253.75,180.0000,0.7407,0
395,15:20:39.110,FULL,640,640,22.05,32.85,32.725,11.9,30.44,1043.44,1268.75,324.38,255.62,180.0000,0.7710,0
396,15:20:39.155,FULL,640,640,24.43,31.33,66.975,24.925,31.92,1034.69,1267.50,318.12,258.75,180.0000,0.7095,0
397,15:20:39.199,FULL,640,640,24.31,32.04,62.175,0.0,31.21,1026.25,1267.50,324.06,256.25,180.0000,0.7173,0
398,15:20:39.242,FULL,640,640,26.20,32.85,101.45,23.775,30.44,1026.25,1267.50,324.06,256.25,180.0000,0.7173,0
399,15:20:39.288,FULL,640,640,21.65,29.19,29.3,26.775,34.26,1015.62,1268.75,320.94,256.88,180.0000,0.7227,0
400,15:20:39.333,FULL,640,640,24.68,31.67,25.025,24.675,31.57,1004.38,1268.75,312.50,255.62,180.0000,0.8027,0
401,15:20:39.377,FULL,640,640,21.51,32.33,30.625,24.175,30.93,1004.38,1268.75,312.50,255.62,180.0000,0.8027,0
402,15:20:39.422,FULL,640,640,24.06,30.88,31.05,12.65,32.38,1002.50,1267.50,310.31,253.12,180.0000,0.8311,0
403,15:20:39.466,FULL,640,640,24.34,31.85,0.0,12.275,31.40,997.81,1266.25,313.12,257.50,180.0000,0.8101,0
404,15:20:39.509,FULL,640,640,26.17,33.42,33.25,23.375,29.92,989.06,1267.50,323.12,258.75,195.0000,0.8115,0
405,15:20:39.554,FULL,640,640,21.10,30.93,33.95,12.625,32.33,983.75,1266.25,322.50,253.12,195.0000,0.8125,0
406,15:20:39.597,FULL,640,640,24.27,31.76,31.6,0.0,31.49,980.62,1267.50,313.75,251.25,180.0000,0.7651,0
407,15:20:39.642,FULL,640,640,24.99,32.15,29.775,12.15,31.10,975.00,1266.25,314.06,250.00,180.0000,0.7827,0
408,15:20:39.687,FULL,640,640,21.61,32.15,0.0,24.3,31.11,975.00,1266.25,314.06,250.00,180.0000,0.7827,0
409,15:20:39.731,FULL,640,640,24.91,32.21,0.0,24.25,31.04,955.31,1263.75,321.88,258.12,165.0000,0.8193,0
410,15:20:39.775,FULL,640,640,24.86,32.34,32.45,24.15,30.92,944.69,1262.50,338.12,254.38,165.0000,0.7651,0
411,15:20:39.821,FULL,640,640,24.80,31.53,29.525,0.0,31.72,944.69,1262.50,338.12,254.38,165.0000,0.7651,0
412,15:20:39.864,FULL,640,640,22.13,29.65,32.8,26.35,33.73,939.38,1260.00,337.50,259.38,165.0000,0.7676,0
413,15:20:39.912,FULL,640,640,25.83,32.56,0.0,24.0,30.71,932.50,1263.75,342.81,270.00,180.0000,0.7759,0
414,15:20:39.958,FULL,640,640,21.43,31.52,27.95,12.4,31.73,927.50,1260.00,340.94,270.00,165.0000,0.8491,0
415,15:20:40.001,FULL,640,640,24.86,31.89,33.6,0.0,31.36,923.75,1257.50,344.69,271.25,165.0000,0.7900,0
416,15:20:40.045,FULL,640,640,25.05,31.81,33.375,0.0,31.44,920.62,1255.00,348.75,268.75,165.0000,0.7212,0
417,15:20:40.090,FULL,640,640,26.34,33.16,29.175,23.55,30.15,920.62,1255.00,348.75,268.75,165.0000,0.7212,0
418,15:20:40.135,FULL,640,640,25.00,32.42,0.0,12.05,30.85,900.94,1247.50,351.25,263.75,165.0000,0.7612,0
419,15:20:40.180,FULL,640,640,22.32,33.76,31.75,11.575,29.63,897.19,1250.00,348.12,270.00,150.0000,0.5215,0
420,15:20:40.227,FULL,640,640,22.40,29.80,0.0,0.0,33.56,897.19,1250.00,348.12,270.00,150.0000,0.5215,0
421,15:20:40.273,FULL,640,640,25.71,32.86,24.15,23.775,30.44,897.19,1247.50,343.12,273.75,150.0000,0.5581,0
422,15:20:40.319,FULL,640,640,25.84,33.66,29.425,23.225,29.71,890.31,1246.25,348.12,274.38,150.0000,0.5498,0
423,15:20:40.367,FULL,640,640,23.99,31.10,27.05,25.125,32.16,884.69,1240.00,335.62,273.75,165.0000,0.7256,0
424,15:20:40.411,FULL,640,640,25.21,32.90,30.425,11.875,30.40,885.31,1236.25,322.50,267.50,165.0000,0.7295,0
425,15:20:40.457,FULL,640,640,21.68,28.98,30.25,26.95,34.51,880.00,1231.25,323.75,264.38,150.0000,0.6196,0
426,15:20:40.501,FULL,640,640,24.87,32.16,27.075,12.15,31.09,866.25,1225.00,325.94,262.50,150.0000,0.7295,0
427,15:20:40.544,FULL,640,640,24.23,31.98,33.775,12.225,31.27,865.00,1222.50,315.94,262.50,150.0000,0.7192,0
428,15:20:40.591,FULL,640,640,24.21,31.19,25.875,12.55,32.06,859.69,1222.50,319.53,263.12,150.0000,0.7603,0
429,15:20:40.637,FULL,640,640,24.32,31.66,27.75,12.35,31.59,858.75,1220.00,315.00,260.62,150.0000,0.7798,0
430,15:20:40.686,FULL,640,640,32.17,43.98,21.8,8.875,22.74,858.75,1220.00,315.00,260.62,150.0000,0.7798,0
431,15:20:40.747,FULL,640,640,30.32,39.40,23.7,49.575,25.38,855.00,1217.50,311.56,258.12,150.0000,0.6919,0
432,15:20:40.801,FULL,640,640,27.41,35.17,26.5,33.325,28.43,850.94,1206.25,282.66,270.62,150.0000,0.6196,0
433,15:20:40.851,FULL,640,640,24.97,35.80,0.0,0.0,27.93,850.94,1206.25,282.66,270.62,150.0000,0.6196,0
434,15:20:41.037,FULL,640,640,25.74,33.54,2.6,34.925,29.81,826.25,1188.75,286.72,280.62,150.0000,0.6953,0
435,15:20:41.084,FULL,640,640,27.58,35.84,30.075,10.9,27.90,825.00,1187.50,289.38,279.38,150.0000,0.7632,0
436,15:20:41.134,FULL,640,640,26.06,35.00,55.6,33.475,28.57,825.00,1187.50,289.38,279.38,150.0000,0.7632,0
437,15:20:41.183,FULL,640,640,26.76,36.46,26.875,42.875,27.43,813.12,1176.25,296.88,275.00,150.0000,0.7305,0
438,15:20:41.233,FULL,640,640,24.00,35.28,28.45,33.225,28.34,812.81,1175.00,287.66,275.62,150.0000,0.8096,0
439,15:20:41.282,FULL,640,640,26.32,33.61,56.7,46.5,29.75,804.06,1170.62,272.97,283.75,135.0000,0.7021,0
440,15:20:41.330,FULL,640,640,23.09,33.49,27.95,35.0,29.86,804.06,1170.62,272.97,283.75,135.0000,0.7021,0
441,15:20:41.378,FULL,640,640,26.91,34.89,27.125,44.775,28.66,805.00,1168.75,266.56,283.12,135.0000,0.7949,0
442,15:20:41.426,FULL,640,640,25.12,36.43,28.6,21.45,27.45,800.94,1167.50,262.34,283.12,120.0000,0.6631,0
443,15:20:41.475,FULL,640,640,26.47,34.25,32.1,57.025,29.19,790.16,1161.25,260.94,275.00,120.0000,0.6011,0
444,15:20:41.530,FULL,640,640,27.57,36.35,0.0,75.325,27.51,787.81,1160.00,254.38,272.50,120.0000,0.6895,0
445,15:20:41.579,FULL,640,640,24.76,31.81,32.775,12.275,31.44,788.28,1160.00,252.81,273.12,120.0000,0.5859,0
446,15:20:41.621,FULL,640,640,26.94,34.37,0.0,0.0,29.09,791.72,1150.00,244.06,283.12,120.0000,0.5913,0
447,15:20:41.671,FULL,640,640,23.07,33.20,0.0,23.6,30.12,787.81,1148.75,250.62,287.50,120.0000,0.5469,0
448,15:20:41.718,FULL,640,640,27.72,35.21,30.25,44.375,28.40,783.75,1147.50,242.50,280.00,90.0000,0.6289,0
449,15:20:41.765,FULL,640,640,22.71,33.93,94.725,23.025,29.48,783.75,1147.50,242.50,280.00,90.0000,0.6289,0
450,15:20:41.812,FULL,640,640,26.19,33.82,30.2,11.55,29.57,777.19,1140.00,236.41,285.62,90.0000,0.6885,0
451,15:20:41.859,FULL,640,640,22.16,33.62,122.975,81.35,29.75,774.69,1135.00,230.47,285.62,90.0000,0.7026,0
452,15:20:41.905,FULL,640,640,23.40,30.81,0.0,12.675,32.46,774.69,1135.00,230.47,285.62,90.0000,0.7026,0
453,15:20:41.953,FULL,640,640,25.25,33.41,23.775,11.7,29.93,773.12,1130.62,228.75,283.75,90.0000,0.7563,0
454,15:20:41.998,FULL,640,640,25.26,33.36,33.1,23.425,29.97,771.25,1127.50,227.66,282.50,90.0000,0.6562,0
455,15:20:42.044,FULL,640,640,25.72,32.63,0.0,0.0,30.64,769.53,1123.75,225.94,278.12,90.0000,0.6504,0
456,15:20:42.090,FULL,640,640,26.67,34.29,0.0,125.35,29.17,763.75,1111.25,227.50,268.12,90.0000,0.6885,0
457,15:20:42.137,FULL,640,640,21.58,28.39,0.0,27.525,35.23,763.75,1111.25,227.50,268.12,90.0000,0.6885,0
458,15:20:42.181,FULL,640,640,24.90,31.76,25.5,49.2,31.49,760.78,1105.00,230.94,266.88,90.0000,0.6108,0
459,15:20:42.225,FULL,640,640,25.24,33.12,64.55,35.375,30.19,760.47,1101.88,220.31,261.25,90.0000,0.6377,0
460,15:20:42.270,FULL,640,640,25.44,32.55,63.2,48.0,30.72,760.62,1092.50,220.16,254.38,90.0000,0.5581,0
461,15:20:42.316,FULL,640,640,24.36,32.35,57.95,12.075,30.91,762.03,1093.75,221.56,265.00,75.0000,0.7573,0
462,15:20:42.361,FULL,640,640,25.79,32.67,32.2,47.825,30.61,762.03,1093.75,221.56,265.00,75.0000,0.7573,0
463,15:20:42.407,FULL,640,640,22.69,33.17,0.0,35.325,30.15,759.38,1090.00,221.09,261.88,75.0000,0.7896,0
464,15:20:42.453,FULL,640,640,25.13,31.68,0.0,61.675,31.57,760.62,1086.25,227.03,260.62,75.0000,0.8936,0
465,15:20:42.496,FULL,640,640,22.36,33.33,32.25,46.875,30.01,761.09,1083.12,227.19,263.75,75.0000,0.8750,0
466,15:20:42.542,FULL,640,640,25.74,32.88,32.15,35.65,30.42,761.09,1083.12,227.19,263.75,75.0000,0.8750,0
467,15:20:42.588,FULL,640,640,23.71,31.21,29.6,12.525,32.04,760.62,1078.75,228.75,269.38,75.0000,0.8911,0
468,15:20:42.631,FULL,640,640,25.63,32.58,33.1,12.0,30.69,760.47,1072.50,224.06,271.88,75.0000,0.8491,0
469,15:20:42.677,FULL,640,640,21.74,32.21,28.075,24.25,31.05,760.78,1063.75,225.94,270.62,75.0000,0.9175,0
470,15:20:42.722,FULL,640,640,23.74,30.18,0.0,38.825,33.14,759.69,1060.62,220.62,268.75,75.0000,0.8560,0
471,15:20:42.765,FULL,640,640,25.02,32.90,30.85,11.875,30.40,759.69,1060.62,220.62,268.75,75.0000,0.8560,0
472,15:20:42.811,FULL,640,640,24.80,31.73,30.275,49.25,31.52,759.22,1056.88,220.94,262.50,75.0000,0.8770,0
473,15:20:42.855,FULL,640,640,24.78,31.69,0.0,12.325,31.56,761.88,1045.00,220.00,268.12,75.0000,0.6621,0
474,15:20:42.899,FULL,640,640,25.72,33.51,33.9,34.975,29.84,763.44,1043.12,218.12,273.75,75.0000,0.8267,0
475,15:20:42.945,FULL,640,640,24.72,32.56,31.55,48.0,30.71,764.53,1040.00,218.44,273.75,75.0000,0.8975,0
476,15:20:42.992,FULL,640,640,24.32,31.12,26.7,12.55,32.14,764.53,1040.00,218.44,273.75,75.0000,0.8975,0
477,15:20:43.037,FULL,640,640,24.18,31.55,28.45,12.375,31.70,765.78,1037.50,221.56,274.38,75.0000,0.9429,0
478,15:20:43.081,FULL,640,640,22.09,29.70,30.625,65.6,33.67,765.62,1030.00,216.88,263.12,75.0000,0.7051,0
479,15:20:43.125,FULL,640,640,24.29,31.29,27.375,12.475,31.96,767.19,1023.12,220.62,257.50,75.0000,0.7891,0
480,15:20:43.168,FULL,640,640,21.89,32.53,159.575,24.025,30.74,767.19,1023.12,220.62,257.50,75.0000,0.7891,0
481,15:20:43.213,FULL,640,640,21.84,28.89,0.0,54.075,34.61,768.44,1020.00,218.75,260.00,75.0000,0.8257,0
482,15:20:43.257,FULL,640,640,21.80,29.26,53.175,40.05,34.17,768.44,1020.00,218.75,260.00,75.0000,0.8257,0
483,15:20:43.300,FULL,640,640,25.01,31.87,53.45,36.775,31.38,770.16,1007.50,219.06,260.62,75.0000,0.7437,0
484,15:20:43.346,FULL,640,640,21.05,31.81,0.0,12.275,31.43,770.62,1005.00,219.38,263.12,75.0000,0.8550,0
485,15:20:43.390,FULL,640,640,23.58,30.29,30.225,64.475,33.01,770.62,1005.00,219.38,263.12,75.0000,0.8550,0
486,15:20:43.433,FULL,640,640,25.95,33.45,0.0,46.725,29.90,771.88,1001.25,219.38,267.50,75.0000,0.8813,0
487,15:20:43.478,FULL,640,640,22.26,32.76,32.725,35.775,30.52,773.59,991.25,222.19,266.88,75.0000,0.8257,0
488,15:20:43.523,FULL,640,640,24.08,31.41,33.475,24.775,31.84,774.69,983.75,221.09,268.12,75.0000,0.7520,0
489,15:20:43.567,FULL,640,640,24.26,32.05,0.0,12.2,31.21,774.69,983.75,221.09,268.12,75.0000,0.7520,0
490,15:20:43.611,FULL,640,640,21.75,28.61,159.45,13.65,34.95,776.72,981.88,223.44,267.50,75.0000,0.6904,0
491,15:20:43.656,FULL,640,640,21.47,31.40,24.7,37.325,31.85,776.72,981.88,223.44,267.50,75.0000,0.6904,0
492,15:20:43.700,FULL,640,640,24.91,32.11,31.725,24.325,31.14,785.31,967.50,233.59,255.00,60.0000,0.7700,0
493,15:20:43.744,FULL,640,640,25.05,32.89,0.0,23.75,30.41,787.03,963.12,231.56,256.25,60.0000,0.7759,0
494,15:20:43.790,FULL,640,640,24.29,31.24,29.375,25.025,32.01,787.03,963.12,231.56,256.25,60.0000,0.7759,0
495,15:20:43.833,FULL,640,640,24.76,31.79,33.525,24.575,31.45,789.06,960.00,233.75,251.88,60.0000,0.7759,0
496,15:20:43.876,FULL,640,640,21.49,31.64,0.0,37.05,31.60,793.91,955.00,237.19,255.00,60.0000,0.6929,0
497,15:20:43.920,FULL,640,640,21.40,28.14,0.0,55.525,35.54,794.22,948.75,237.81,251.25,60.0000,0.7974,0
498,15:20:43.965,FULL,640,640,24.90,32.17,24.1,12.15,31.08,797.81,943.75,236.72,250.00,60.0000,0.7627,0
499,15:20:44.009,FULL,640,640,25.42,32.69,99.425,11.95,30.59,800.94,940.00,239.53,250.00,60.0000,0.7520,0
500,15:20:44.053,FULL,640,640,21.43,32.54,33.425,60.025,30.73,802.50,937.50,240.31,250.00,60.0000,0.7051,0
501,15:20:44.097,FULL,640,640,24.12,31.72,34.05,24.625,31.53,806.88,926.25,242.19,246.88,45.0000,0.7324,0
502,15:20:44.142,FULL,640,640,25.44,32.44,28.725,36.125,30.83,809.38,921.25,245.00,241.25,45.0000,0.7183,0
503,15:20:44.187,FULL,640,640,24.14,31.18,0.0,37.6,32.08,817.81,917.50,259.38,236.88,45.0000,0.7539,0
504,15:20:44.232,FULL,640,640,24.90,31.98,90.475,36.65,31.27,817.81,917.50,259.38,236.88,45.0000,0.7539,0
505,15:20:44.275,FULL,640,640,21.61,32.04,34.2,48.775,31.21,826.56,915.00,274.38,231.88,45.0000,0.7334,0
506,15:20:44.320,FULL,640,640,24.10,31.71,0.0,12.325,31.54,828.75,912.50,274.06,231.88,45.0000,0.7471,0
507,15:20:44.363,FULL,640,640,25.66,33.29,33.375,70.4,30.04,829.38,908.75,273.12,227.50,45.0000,0.7451,0
508,15:20:44.408,FULL,640,640,25.90,33.60,34.875,23.25,29.76,832.50,904.38,272.03,225.00,45.0000,0.7725,0
509,15:20:44.454,FULL,640,640,22.75,32.98,29.5,23.7,30.32,835.00,901.25,273.44,223.12,45.0000,0.7373,0
510,15:20:44.499,FULL,640,640,25.42,32.53,33.15,24.025,30.74,840.00,895.00,271.56,222.50,45.0000,0.6895,0
511,15:20:44.544,FULL,640,640,25.11,32.08,162.15,24.35,31.17,842.50,891.88,270.00,223.75,45.0000,0.6367,0
512,15:20:44.589,FULL,640,640,24.46,32.27,30.925,36.325,30.99,844.38,889.38,274.69,221.25,30.0000,0.5977,0
513,15:20:44.633,FULL,640,640,25.22,32.12,32.075,36.475,31.13,844.38,889.38,274.69,221.25,30.0000,0.5977,0
514,15:20:44.676,FULL,640,640,24.68,32.10,102.875,24.35,31.16,847.50,886.25,268.44,222.50,45.0000,0.6821,0
515,15:20:44.721,FULL,640,640,21.85,32.00,121.05,12.2,31.25,848.75,883.75,266.56,221.88,45.0000,0.6587,0
516,15:20:44.767,FULL,640,640,24.67,32.64,27.85,35.9,30.64,851.56,882.50,269.22,221.88,45.0000,0.6870,0
517,15:20:44.812,FULL,640,640,25.65,32.31,33.05,36.275,30.95,851.25,880.00,266.88,218.75,30.0000,0.7534,0
518,15:20:44.856,FULL,640,640,22.11,29.39,0.0,79.75,34.03,853.12,876.25,266.88,215.00,30.0000,0.7983,0
519,15:20:44.900,FULL,640,640,24.53,31.50,26.925,24.8,31.74,861.88,865.00,267.50,218.75,30.0000,0.9038,0
520,15:20:44.945,FULL,640,640,21.24,32.40,29.85,24.125,30.87,865.62,862.50,269.69,218.12,30.0000,0.9077,0
521,15:20:44.990,FULL,640,640,24.26,31.56,31.425,12.375,31.69,870.62,860.00,276.25,217.50,30.0000,0.9141,0
522,15:20:45.036,FULL,640,640,25.34,32.51,0.0,12.025,30.76,871.25,857.50,273.12,216.88,30.0000,0.9087,0
523,15:20:45.081,FULL,640,640,24.81,31.72,31.95,24.625,31.53,871.25,857.50,273.12,216.88,30.0000,0.9087,0
524,15:20:45.124,FULL,640,640,21.99,32.37,0.0,24.15,30.89,876.25,855.00,274.22,213.12,30.0000,0.9268,0
525,15:20:45.169,FULL,640,640,23.71,31.02,66.3,12.6,32.24,883.12,850.62,274.84,216.25,30.0000,0.8872,0
526,15:20:45.214,FULL,640,640,26.41,34.67,0.0,11.275,28.84,888.75,848.75,278.75,216.25,30.0000,0.8896,0
527,15:20:45.262,FULL,640,640,24.18,31.67,0.0,0.0,31.58,891.88,846.25,281.25,215.62,30.0000,0.8511,0
528,15:20:45.308,FULL,640,640,25.33,33.97,27.65,23.0,29.44,897.50,843.75,278.44,213.75,30.0000,0.7974,0
529,15:20:45.355,FULL,640,640,24.89,31.74,0.0,12.3,31.50,901.25,841.25,282.34,208.12,30.0000,0.8389,0
530,15:20:45.400,FULL,640,640,23.34,33.50,29.6,23.325,29.85,903.75,840.00,280.31,206.88,30.0000,0.8325,0
531,15:20:45.446,FULL,640,640,25.12,32.62,30.025,11.975,30.66,908.75,837.50,289.06,208.12,30.0000,0.8223,0
532,15:20:45.493,FULL,640,640,21.69,31.95,28.75,24.45,31.30,908.75,837.50,289.06,208.12,30.0000,0.8223,0
533,15:20:45.537,FULL,640,640,23.82,31.22,30.425,25.025,32.03,909.69,836.88,286.88,206.25,30.0000,0.8120,0
534,15:20:45.582,FULL,640,640,25.53,33.31,29.975,11.725,30.02,911.25,836.25,288.12,203.75,30.0000,0.8247,0
535,15:20:45.628,FULL,640,640,24.93,32.68,30.05,23.9,30.60,913.12,835.62,289.06,203.75,30.0000,0.8184,0
536,15:20:45.674,FULL,640,640,24.89,31.53,29.225,0.0,31.72,912.50,835.62,277.97,198.75,30.0000,0.8589,0
537,15:20:45.718,FULL,640,640,24.53,32.93,31.025,0.0,30.37,916.25,835.00,282.50,197.50,15.0000,0.8442,0
538,15:20:45.763,FULL,640,640,21.15,31.54,0.0,24.775,31.70,916.56,835.00,282.66,196.88,15.0000,0.8584,0
539,15:20:45.808,FULL,640,640,23.77,31.38,0.0,12.45,31.87,916.88,834.38,282.19,196.25,15.0000,0.8525,0
540,15:20:45.851,FULL,640,640,25.30,32.79,0.0,23.825,30.50,917.19,835.00,282.50,196.25,15.0000,0.8374,0
541,15:20:45.897,FULL,640,640,23.97,32.77,29.5,23.85,30.52,917.50,835.00,282.19,195.62,15.0000,0.8340,0
542,15:20:45.943,FULL,640,640,25.44,32.45,30.625,24.075,30.81,917.50,835.00,282.19,195.62,15.0000,0.8340,0
543,15:20:45.988,FULL,640,640,23.89,32.14,30.575,12.15,31.11,918.12,834.38,282.81,196.25,15.0000,0.8340,0
544,15:20:46.034,FULL,640,640,22.01,31.82,28.8,12.275,31.43,917.81,833.75,282.50,195.62,15.0000,0.8389,0
545,15:20:46.080,FULL,640,640,24.12,31.16,27.5,12.525,32.09,918.44,833.75,282.03,195.00,15.0000,0.8647,0
546,15:20:46.124,FULL,640,640,25.64,33.09,0.0,11.8,30.22,918.12,833.75,282.19,195.62,15.0000,0.8613,0
547,15:20:46.172,FULL,640,640,25.56,32.62,27.075,0.0,30.66,918.12,833.75,282.19,195.62,15.0000,0.8589,0
548,15:20:46.218,FULL,640,640,27.39,34.59,0.0,22.6,28.91,918.44,833.75,281.88,195.00,15.0000,0.8672,0
549,15:20:46.266,FULL,640,640,22.16,31.94,0.0,12.225,31.31,918.44,833.75,281.88,195.62,15.0000,0.8735,0
550,15:20:46.310,FULL,640,640,25.65,32.46,30.4,0.0,30.81,918.44,833.12,281.88,195.00,15.0000,0.8799,0
551,15:20:46.355,FULL,640,640,24.12,31.87,31.475,24.525,31.38,918.44,833.12,281.88,195.00,15.0000,0.8799,0
552,15:20:46.401,FULL,640,640,22.01,32.90,29.125,23.75,30.39,918.75,833.12,282.19,195.00,15.0000,0.8818,0
553,15:20:46.447,FULL,640,640,24.66,31.97,28.25,24.45,31.28,918.75,833.12,282.19,195.00,15.0000,0.8804,0
554,15:20:46.492,FULL,640,640,25.32,32.24,31.55,12.125,31.02,918.75,833.75,282.19,195.00,15.0000,0.8745,0
555,15:20:46.536,FULL,640,640,21.43,31.27,31.175,24.975,31.98,918.75,833.75,282.19,195.00,15.0000,0.8760,0
556,15:20:46.581,FULL,640,640,24.23,31.51,29.675,24.8,31.74,918.75,833.75,282.19,195.00,15.0000,0.8735,0
557,15:20:46.625,FULL,640,640,21.26,31.60,30.85,12.375,31.65,918.75,833.75,282.03,195.00,15.0000,0.8706,0
558,15:20:46.671,FULL,640,640,24.62,32.05,27.025,12.2,31.20,918.75,833.75,282.19,195.00,15.0000,0.8735,0
