timestamp,log_file,target_heading_deg,target_x,target_y,kp_angle,kd_angle,kp_angle2,kd_angle2,kp_angle3,kd_angle3,heading_tol3_deg,settle_time_ms,fwd_bwd_time_s,fwd_bwd_speed
2026-09-23 16:48:44,log_roi_20260923_164844.csv,None,640.0,360.0,30.0,0.0,0.01,0.04,20.0,0.01,5.0,500.0,3.0,2000
2026-09-23 16:49:03,log_roi_20260923_164903.csv,90.7,615.6,168.0,30.0,0.0,0.01,0.04,20.0,0.01,5.0,500.0,3.0,2000
2026-09-23 16:49:38,log_roi_20260923_164938.csv,90.7,615.6,168.0,30.0,0.0,0.01,0.04,20.0,0.01,5.0,500.0,3.0,2000
2026-09-23 16:50:15,log_roi_20260923_165015.csv,90.7,615.6,168.0,30.0,0.0,0.01,0.04,20.0,0.01,5.0,500.0,3.0,2000
2026-09-23 16:50:48,log_roi_20260923_165048.csv,90.7,615.6,168.0,30.0,0.0,0.01,0.04,20.0,0.01,5.0,500.0,3.0,2000
2026-09-23 16:51:06,log_roi_20260923_165106.csv,71.5,830.0,451.9,30.0,0.0,0.01,0.04,20.0,0.01,5.0,500.0,3.0,2000
2026-09-23 16:51:49,log_roi_20260923_165149.csv,71.5,830.0,451.9,30.0,0.0,0.01,0.04,20.0,0.01,5.0,500.0,3.0,2000
2026-09-23 16:54:52,log_roi_20260923_165452.csv,131.5,452.8,138.1,30.0,0.0,0.01,0.04,20.0,0.01,5.0,500.0,3.0,2000
2026-09-23 16:56:11,log_roi_20260923_165611.csv,131.5,452.8,138.1,30.0,0.0,0.01,0.04,20.0,0.01,5.0,500.0,3.0,2000
