frame_id,timestamp,mode,input_width,input_height,roi_w,roi_h,inf_time_ms,end_to_end_time_ms,cpu_load_pct,end_to_end_cpu_load_pct,fps,x_center,y_center,smooth_x,smooth_y,width,height,iou_prev_bbox,group1_magnitude,group1_angle,group2_magnitude,group2_angle,best_conf,tracking_lost
106,09:29:14.121,ROI,160,160,224,224,10.23,41.09,0.0,35.825,24.34,634.94,72.18,634.99,72.15,99.71,63.27,0.9840,12.9300,-3.9600,0.0000,0.0000,0.7604,0
107,09:29:14.188,ROI,160,160,224,224,9.61,63.81,0.0,0.0,15.67,635.01,72.16,634.99,72.16,99.60,63.27,0.9977,12.8900,-3.9800,0.0000,0.0000,0.7565,0
108,09:29:14.248,ROI,160,160,224,224,9.69,52.46,0.0,0.0,19.06,634.99,72.17,634.99,72.16,100.23,64.09,0.9809,13.0100,-4.4900,0.0000,0.0000,0.7616,0
109,09:29:14.296,ROI,160,160,224,224,18.68,51.38,0.0,19.95,19.46,635.16,72.17,635.07,72.16,99.46,63.45,0.9823,12.7800,-3.9400,0.0000,0.0000,0.7667,0
110,09:29:14.423,ROI,160,160,224,224,8.44,110.36,3.65,0.0,9.06,635.18,72.16,635.13,72.16,99.82,64.15,0.9855,12.7500,-4.2400,0.0000,0.0000,0.7722,0
111,09:29:14.471,ROI,160,160,224,224,8.51,42.46,19.85,0.0,23.55,634.96,72.18,635.09,72.17,100.00,64.09,0.9947,12.8400,-4.4800,0.0000,0.0000,0.7575,0
112,09:29:14.536,ROI,160,160,224,224,8.56,57.56,14.2,0.0,17.37,634.94,72.21,635.03,72.19,99.55,63.39,0.9846,12.7600,-3.9600,0.0000,0.0000,0.7577,0
113,09:29:14.602,ROI,160,160,224,224,15.70,62.96,13.65,47.6,15.88,634.88,72.20,634.96,72.20,99.65,63.32,0.9978,12.8200,-3.8600,0.0000,0.0000,0.7618,0
114,09:29:14.648,ROI,160,160,224,224,11.44,33.48,0.0,32.525,29.87,634.88,72.21,634.92,72.22,99.61,63.28,0.9989,12.8400,-4.1600,0.0000,0.0000,0.7543,0
115,09:29:14.712,ROI,160,160,224,224,11.24,55.30,0.0,0.0,18.08,635.11,72.18,634.99,72.21,99.46,63.34,0.9946,12.6500,-4.0200,0.0000,0.0000,0.7598,0
116,09:29:14.824,ROI,160,160,224,224,10.90,103.84,0.0,33.625,9.63,635.10,72.16,635.03,72.19,99.72,64.05,0.9862,12.5600,-4.4200,0.0000,0.0000,0.7640,0
117,09:29:14.889,ROI,160,160,224,224,7.81,55.55,7.3,0.0,18.00,635.07,72.18,635.05,72.19,99.85,64.06,0.9979,12.5900,-4.3400,0.0000,0.0000,0.7625,0
118,09:29:14.951,ROI,160,160,224,224,7.75,55.95,0.0,0.0,17.87,634.96,72.21,635.01,72.20,99.90,63.95,0.9960,12.7400,-4.5700,0.0000,0.0000,0.7573,0
119,09:29:15.001,ROI,160,160,224,224,8.22,44.47,9.425,0.0,22.48,634.99,72.21,634.99,72.21,99.33,63.22,0.9829,12.8100,-3.8500,0.0000,0.0000,0.7593,0
120,09:29:15.065,ROI,160,160,224,224,7.84,58.10,7.025,0.0,17.21,634.95,72.21,634.97,72.22,99.57,63.31,0.9963,12.7700,-3.7600,0.0000,0.0000,0.7615,0
121,09:29:15.128,ROI,160,160,224,224,8.69,58.01,7.175,0.0,17.24,635.11,72.23,635.02,72.23,99.29,63.31,0.9965,12.6400,-3.6700,0.0000,0.0000,0.7666,0
122,09:29:15.176,ROI,160,160,224,224,8.35,42.23,9.975,0.0,23.68,635.04,72.18,635.04,72.21,99.74,64.08,0.9835,12.8200,-4.1000,0.0000,0.0000,0.7773,0
123,09:29:15.305,ROI,160,160,224,224,7.71,121.44,0.0,0.0,8.23,634.94,72.18,635.00,72.20,99.85,64.01,0.9969,12.8700,-4.1700,0.0000,0.0000,0.7636,0
124,09:29:15.354,ROI,160,160,224,224,8.40,44.04,9.55,0.0,22.71,635.27,72.28,635.11,72.23,98.84,63.31,0.9791,12.8900,-4.2100,0.0000,0.0000,0.7435,0
125,09:29:15.415,ROI,160,160,224,224,14.05,60.87,0.0,0.0,16.43,635.91,72.32,635.46,72.28,99.65,63.90,0.9782,13.3300,-3.9700,0.0000,0.0000,0.7559,0
126,09:29:15.479,ROI,160,160,224,224,8.44,52.33,0.0,43.35,19.11,636.79,72.67,636.10,72.45,98.99,63.78,0.9718,12.8400,-3.7500,0.0000,0.0000,0.7717,0
127,09:29:15.528,ROI,160,160,224,224,8.61,42.81,0.0,0.0,23.36,637.85,72.88,637.03,72.67,99.11,63.85,0.9725,12.0900,-3.1800,0.0000,0.0000,0.7711,0
128,09:29:15.593,ROI,160,160,224,224,8.33,58.84,7.0,0.0,16.99,638.90,72.86,638.16,72.82,98.66,62.97,0.9655,11.6600,-3.7700,0.0000,0.0000,0.7386,0
129,09:29:15.657,ROI,160,160,224,224,9.11,58.65,0.0,0.0,17.05,640.53,73.30,639.64,73.11,98.66,63.32,0.9541,11.9800,-3.7800,0.0000,0.0000,0.7608,0
130,09:29:15.703,ROI,160,160,224,224,7.79,39.02,0.0,0.0,25.63,641.18,73.43,640.96,73.38,100.06,64.57,0.9670,12.1100,-3.6600,0.0000,0.0000,0.7508,0
131,09:29:15.831,ROI,160,160,224,224,8.70,123.54,0.0,0.0,8.09,645.16,73.78,643.53,73.71,98.91,64.46,0.9134,11.9300,-2.2400,0.0000,0.0000,0.8137,0
132,09:29:15.879,ROI,160,160,224,224,7.80,40.51,10.25,0.0,24.68,645.63,73.99,645.57,74.03,100.00,64.75,0.9827,12.6600,-1.9900,0.0000,0.0000,0.7914,0
133,09:29:15.945,ROI,160,160,224,224,7.80,59.88,6.8,0.0,16.70,649.89,74.73,648.71,74.54,97.34,64.58,0.8973,12.2200,-2.1700,0.0000,0.0000,0.8169,0
134,09:29:16.007,ROI,160,160,224,224,8.27,57.64,0.0,43.6,17.35,650.33,74.23,651.06,74.67,99.79,63.95,0.9606,12.8800,-2.8200,0.0000,0.0000,0.8064,0
135,09:29:16.055,ROI,160,160,224,224,7.81,40.44,0.0,0.0,24.73,654.84,74.66,654.44,74.91,97.10,63.78,0.9005,11.7200,-3.7400,0.0000,0.0000,0.7673,0
136,09:29:16.119,ROI,160,160,224,224,15.06,65.99,0.0,0.0,15.15,655.12,75.00,656.77,75.18,99.76,63.98,0.9632,12.8400,-3.5000,0.0000,0.0000,0.8043,0
137,09:29:16.183,ROI,160,160,224,224,7.92,45.87,16.425,0.0,21.80,659.16,75.28,659.84,75.45,99.93,63.20,0.9114,12.4400,-6.0000,0.0000,0.0000,0.7536,0
138,09:29:16.231,ROI,160,160,224,224,9.04,43.83,0.0,0.0,22.82,659.35,75.68,661.80,75.77,98.91,63.78,0.9773,13.8800,-6.0900,0.0000,0.0000,0.7977,0
139,09:29:16.360,ROI,160,160,224,224,7.98,121.26,0.0,0.0,8.25,665.65,76.41,665.46,76.26,101.26,64.67,0.8628,14.4900,-8.3000,0.0000,0.0000,0.7133,0
140,09:29:16.407,ROI,160,160,224,224,7.97,40.98,10.15,0.0,24.40,667.94,76.94,668.72,76.78,99.57,65.46,0.9403,14.7300,-6.6200,0.0000,0.0000,0.7844,0
141,09:29:16.471,ROI,160,160,224,224,8.23,58.55,7.025,0.0,17.08,668.85,77.17,671.02,77.22,99.40,65.74,0.9753,15.6100,-7.3900,0.0000,0.0000,0.7794,0
142,09:29:16.535,ROI,160,160,224,224,7.97,56.81,7.025,0.0,17.60,671.39,77.66,673.24,77.68,99.27,66.75,0.9361,16.4500,-9.0600,0.0000,0.0000,0.8307,0
143,09:29:16.584,ROI,160,160,224,224,8.02,42.86,9.725,0.0,23.33,674.85,78.34,675.79,78.24,100.27,66.95,0.9146,16.5800,-8.8300,0.0000,0.0000,0.8315,0
144,09:29:16.647,ROI,160,160,224,224,7.93,56.65,7.2,0.0,17.65,676.10,78.15,677.66,78.52,100.48,66.78,0.9698,16.6700,-7.6200,0.0000,0.0000,0.8152,0
145,09:29:16.711,ROI,160,160,224,224,9.56,59.92,7.025,0.0,16.69,679.19,78.25,679.83,78.68,100.23,66.92,0.9376,15.6800,-9.7600,0.4400,-0.4100,0.8163,0
146,09:29:16.823,ROI,160,160,224,224,7.95,104.86,3.825,0.0,9.54,684.38,80.29,683.11,79.58,100.45,67.79,0.8511,16.0200,-12.5700,0.0000,0.0000,0.9235,0
147,09:29:16.888,ROI,160,160,224,224,8.73,59.55,7.0,0.0,16.79,686.00,80.99,685.78,80.48,100.63,68.12,0.9487,16.7300,-13.3000,0.0000,0.0000,0.9171,0
148,09:29:16.935,ROI,160,160,224,224,7.97,39.80,0.0,0.0,25.13,689.04,81.69,688.56,81.39,100.03,67.91,0.9226,17.4900,-13.2700,0.0000,0.0000,0.9221,0
149,09:29:16.999,ROI,160,160,224,224,23.68,74.88,6.95,63.7,13.36,690.40,82.22,690.75,82.21,100.88,67.80,0.9583,18.1100,-19.2100,0.0000,0.0000,0.8839,0
150,09:29:17.063,ROI,160,160,224,224,19.85,52.47,9.875,18.875,19.06,693.25,82.82,693.12,82.97,102.59,67.28,0.9293,16.4000,-16.6400,0.0000,0.0000,0.9124,0
151,09:29:17.111,ROI,160,160,224,224,11.62,32.46,14.5,0.0,30.81,694.16,82.50,694.87,83.31,101.96,67.61,0.9730,18.1700,-19.7300,0.0000,0.0000,0.8803,0
152,09:29:17.240,ROI,160,160,224,224,18.66,129.35,3.35,0.0,7.73,700.24,84.49,698.29,84.27,97.57,69.41,0.8383,18.4600,-20.6300,0.0000,0.0000,0.9012,0
153,09:29:17.287,ROI,160,160,224,224,8.46,28.53,14.375,0.0,35.05,704.07,85.36,702.05,85.24,97.52,68.49,0.9023,17.5900,-23.8900,0.0000,0.0000,0.8824,0
154,09:29:17.351,ROI,160,160,224,224,8.44,57.96,7.1,0.0,17.25,704.17,85.93,704.49,86.07,99.50,69.80,0.9617,18.5300,-20.9400,0.0000,0.0000,0.9052,0
155,09:29:17.415,ROI,160,160,224,224,7.94,56.95,7.125,0.0,17.56,706.24,86.51,706.75,86.79,98.13,69.78,0.9436,18.7000,-22.2700,0.0000,0.0000,0.8883,0
156,09:29:17.463,ROI,160,160,224,224,8.44,42.73,9.85,0.0,23.40,709.86,87.71,709.51,87.71,96.75,71.99,0.8985,17.4900,-26.6100,0.0000,0.0000,0.8568,0
157,09:29:17.527,ROI,160,160,224,224,7.82,56.87,7.1,0.0,17.58,710.54,87.95,711.45,88.36,98.69,71.55,0.9741,17.7000,-24.2800,0.0000,0.0000,0.8825,0
158,09:29:17.592,ROI,160,160,224,224,19.11,70.62,6.925,0.0,14.16,714.35,89.25,714.03,89.22,97.97,71.76,0.8935,18.0300,-26.6500,0.0000,0.0000,0.8652,0
159,09:29:17.639,ROI,160,160,224,224,8.32,25.56,0.0,0.0,39.13,715.16,89.01,715.88,89.64,97.55,70.11,0.9611,17.5600,-24.2200,0.0000,0.0000,0.8815,0
160,09:29:17.767,ROI,160,160,224,224,8.16,120.92,3.3,0.0,8.27,719.42,90.82,718.47,90.55,97.44,71.92,0.8726,19.0300,-26.6000,0.0000,0.0000,0.8985,0
161,09:29:17.815,ROI,160,160,224,224,8.32,42.32,9.925,0.0,23.63,722.43,92.74,721.44,91.90,96.26,71.51,0.8922,17.6900,-28.7000,0.0000,0.0000,0.8781,0
162,09:29:17.879,ROI,160,160,224,224,9.36,59.53,7.05,0.0,16.80,725.58,94.05,724.42,93.34,93.42,72.24,0.9032,16.7600,-34.9100,0.0000,0.0000,0.8329,0
163,09:29:17.943,ROI,160,160,192,192,7.99,56.09,7.25,0.0,17.83,727.42,94.85,727.20,94.67,93.88,71.98,0.9409,15.4900,-31.5800,0.0000,0.0000,0.8424,0
164,09:29:17.991,ROI,160,160,192,192,7.87,38.26,10.025,0.0,26.14,728.37,95.87,729.09,95.88,94.01,72.06,0.9530,16.0700,-33.5600,0.0000,0.0000,0.8353,0
165,09:29:18.056,ROI,160,160,192,192,9.17,60.42,6.9,0.0,16.55,730.63,97.19,731.23,97.17,94.01,72.44,0.9196,16.2100,-35.3700,0.0000,0.0000,0.8321,0
166,09:29:18.119,ROI,160,160,192,192,9.17,56.92,7.325,0.0,17.57,732.32,97.97,732.93,98.29,94.96,72.70,0.9446,15.0700,-35.6600,0.0000,0.0000,0.8335,0
167,09:29:18.168,ROI,160,160,192,192,38.08,72.09,10.0,0.0,13.87,735.71,99.60,735.33,99.60,95.72,74.66,0.8922,14.2900,-38.1900,0.6700,-36.1100,0.7838,0
168,09:29:18.279,ROI,160,160,192,192,9.44,74.16,5.425,0.0,13.48,738.65,101.18,737.70,101.05,95.65,75.91,0.9028,14.3700,-38.7800,1.1700,-36.8600,0.7823,0
169,09:29:18.346,ROI,160,160,192,192,17.76,69.89,0.0,0.0,14.31,742.32,104.34,740.95,103.28,97.52,79.09,0.8565,12.6800,-46.2100,0.8800,-51.7800,0.8137,0
170,09:29:18.408,ROI,160,160,224,224,9.91,46.54,9.175,0.0,21.49,744.03,103.54,743.79,104.45,97.62,75.25,0.9194,17.4800,-33.8400,0.0000,0.0000,0.7987,0
171,09:29:18.472,ROI,160,160,224,224,12.39,60.41,7.25,0.0,16.55,745.89,104.31,746.20,105.39,97.44,75.21,0.9434,16.4200,-34.5000,0.4800,-32.4500,0.7688,0
172,09:29:18.519,ROI,160,160,224,224,13.40,39.98,11.6,0.0,25.01,746.89,105.88,747.99,106.52,97.02,76.58,0.9404,16.3000,-35.1400,0.6000,-32.4800,0.7860,0
173,09:29:18.583,ROI,160,160,224,224,14.82,57.40,7.85,0.0,17.42,749.40,108.85,750.03,108.40,96.47,78.58,0.8811,15.2400,-37.2800,0.6300,-36.0500,0.7611,0
174,09:29:18.647,ROI,160,160,224,224,10.12,51.37,8.075,0.0,19.47,750.92,110.04,751.63,110.00,95.61,80.72,0.9409,14.2300,-41.8800,0.0000,0.0000,0.7951,0
175,09:29:18.695,ROI,160,160,192,192,13.19,45.46,10.375,0.0,22.00,754.03,111.14,753.67,111.31,92.32,79.55,0.9111,14.7600,-44.6000,0.0000,0.0000,0.8379,0
176,09:29:18.824,ROI,160,160,192,192,9.38,117.00,0.0,0.0,8.55,758.06,113.10,756.74,112.95,91.67,78.86,0.8737,14.7700,-43.8800,0.0000,0.0000,0.8176,0
177,09:29:18.872,ROI,160,160,192,192,8.45,40.71,10.25,0.0,24.56,758.91,113.43,759.00,114.07,91.52,77.44,0.9639,14.7300,-41.8900,0.0000,0.0000,0.8158,0
178,09:29:18.936,ROI,160,160,192,192,8.04,57.63,0.0,0.0,17.35,761.55,115.22,761.48,115.41,89.64,77.68,0.9020,13.9400,-46.9300,0.0000,0.0000,0.8000,0
179,09:29:19.000,ROI,160,160,192,192,8.12,58.30,0.0,0.0,17.15,761.83,116.74,762.97,116.80,88.84,79.46,0.9537,14.6800,-52.7900,0.0000,0.0000,0.8186,0
180,09:29:19.048,ROI,160,160,192,192,8.37,42.18,0.0,0.0,23.71,763.64,118.02,764.44,118.14,89.24,78.80,0.9302,14.0300,-52.3800,0.0000,0.0000,0.8006,0
181,09:29:19.110,ROI,160,160,192,192,9.99,57.89,7.35,0.0,17.27,765.96,120.38,765.87,119.75,87.73,78.91,0.8950,12.6200,-50.7700,0.4500,-45.8600,0.7543,0
182,09:29:19.224,ROI,160,160,192,192,9.47,107.59,0.0,0.0,9.29,768.94,122.83,768.08,121.84,86.12,79.21,0.8794,14.3900,-57.6100,0.0000,0.0000,0.8621,0
183,09:29:19.288,ROI,160,160,192,192,9.51,57.78,7.275,0.0,17.31,769.58,123.15,769.90,123.33,86.74,78.05,0.9708,14.2200,-52.0900,0.2900,-45.5500,0.8262,0
184,09:29:19.352,ROI,160,160,192,192,8.92,57.54,7.275,0.0,17.38,771.52,125.35,771.59,125.12,86.59,78.72,0.9052,14.0200,-54.7000,0.0000,0.0000,0.8410,0
185,09:29:19.400,ROI,160,160,192,192,8.22,41.18,20.35,0.0,24.28,772.34,126.54,772.84,126.69,86.47,82.15,0.9405,15.1000,-55.7200,0.0000,0.0000,0.8338,0
186,09:29:19.466,ROI,160,160,192,192,14.65,66.32,6.9,25.35,15.08,774.40,129.58,774.45,128.93,84.77,81.44,0.8862,14.2000,-60.6200,0.0000,0.0000,0.8631,0
187,09:29:19.528,ROI,160,160,192,192,8.54,50.46,16.45,42.2,19.82,775.98,130.22,775.85,130.58,84.35,81.01,0.9483,15.0200,-59.7200,0.0000,0.0000,0.8562,0
188,09:29:19.576,ROI,160,160,192,192,9.32,42.47,0.0,0.0,23.55,777.47,133.12,777.33,132.79,85.28,83.18,0.9006,14.3600,-61.2300,0.0000,0.0000,0.8606,0
189,09:29:19.704,ROI,160,160,192,192,8.16,120.37,0.0,0.0,8.31,780.06,136.29,779.04,135.35,84.04,83.21,0.8736,14.0000,-65.3200,0.0000,0.0000,0.8335,0
190,09:29:19.752,ROI,160,160,192,192,8.44,42.73,9.925,0.0,23.40,781.26,136.80,780.66,137.21,82.70,81.31,0.9496,13.7700,-66.1400,0.0000,0.0000,0.8526,0
191,09:29:19.818,ROI,160,160,192,192,16.66,67.83,6.9,22.425,14.74,782.37,139.05,782.15,139.27,81.89,82.87,0.9224,13.6400,-69.1800,0.0000,0.0000,0.8298,0
192,09:29:19.880,ROI,160,160,192,192,10.57,50.28,8.7,0.0,19.89,783.09,139.11,783.43,140.55,83.29,82.06,0.9731,14.4200,-67.4200,1.4900,-69.0700,0.8228,0
193,09:29:19.928,ROI,160,160,192,192,9.01,40.08,21.2,0.0,24.95,784.16,141.60,784.63,142.20,82.43,83.20,0.9181,14.4800,-69.5700,0.0000,0.0000,0.8224,0
194,09:29:19.992,ROI,160,160,192,192,9.20,58.50,7.15,0.0,17.09,785.28,142.09,785.67,143.28,81.49,82.18,0.9612,14.3600,-71.3100,0.0000,0.0000,0.8160,0
195,09:29:20.054,ROI,160,160,192,192,8.53,55.52,7.475,0.0,18.01,785.95,143.25,786.46,144.25,81.29,82.19,0.9567,13.6100,-71.1100,0.0000,0.0000,0.7932,0
196,09:29:20.105,ROI,160,160,192,192,12.07,48.85,9.3,0.0,20.47,786.51,146.05,786.93,145.76,83.14,84.36,0.9146,14.4500,-71.3500,0.0000,0.0000,0.8062,0
197,09:29:20.231,ROI,160,160,192,192,8.29,116.14,3.45,0.0,8.61,787.98,151.46,787.70,148.86,81.97,88.52,0.8534,14.8600,-74.1800,0.0000,0.0000,0.7899,0
198,09:29:20.280,ROI,160,160,192,192,8.70,42.95,9.825,0.0,23.28,790.13,152.31,789.01,151.28,76.86,85.84,0.9092,14.5500,-73.7200,0.0000,0.0000,0.8103,0
199,09:29:20.344,ROI,160,160,192,192,11.57,60.62,0.0,0.0,16.50,790.04,154.64,789.95,153.99,76.40,87.12,0.9421,14.0200,-77.4600,0.0000,0.0000,0.8162,0
200,09:29:20.407,ROI,160,160,192,192,8.12,52.47,7.725,0.0,19.06,790.31,156.45,790.61,156.33,79.46,88.97,0.9231,14.8900,-77.0300,0.0000,0.0000,0.8212,0
201,09:29:20.455,ROI,160,160,192,192,8.25,41.90,9.925,0.0,23.86,791.49,157.76,791.45,158.21,80.46,87.05,0.9429,15.7600,-78.2300,0.0000,0.0000,0.8159,0
202,09:29:20.518,ROI,160,160,192,192,8.65,55.99,14.3,0.0,17.86,791.24,158.97,791.73,159.73,80.96,86.39,0.9667,16.1000,-79.1900,0.0000,0.0000,0.8209,0
203,09:29:20.584,ROI,160,160,192,192,9.69,59.12,6.95,0.0,16.91,792.30,161.49,792.22,161.70,81.56,87.02,0.9199,17.0300,-80.4500,0.0000,0.0000,0.8350,0
204,09:29:20.633,ROI,160,160,192,192,8.05,41.46,10.1,0.0,24.12,791.83,163.09,792.15,163.51,81.50,87.70,0.9534,16.5200,-82.5000,0.0000,0.0000,0.8096,0
205,09:29:20.761,ROI,160,160,192,192,8.51,122.56,3.275,0.0,8.16,793.54,165.12,792.70,165.38,79.28,86.59,0.9153,17.1500,-84.5100,0.0000,0.0000,0.8242,0
206,09:29:20.809,ROI,160,160,192,192,8.97,42.15,10.075,0.0,23.72,794.44,166.66,793.60,167.16,79.80,86.36,0.9441,16.2600,-87.9100,0.0000,0.0000,0.8425,0
207,09:29:20.873,ROI,160,160,192,192,7.91,56.66,7.175,0.0,17.65,795.08,167.52,794.41,168.43,79.81,87.04,0.9647,17.2500,-87.8700,0.0000,0.0000,0.8422,0
208,09:29:20.937,ROI,160,160,192,192,7.83,57.92,0.0,0.0,17.26,795.50,170.32,795.24,170.23,80.28,86.52,0.9279,15.6100,-87.8000,0.0000,0.0000,0.8547,0
209,09:29:20.985,ROI,160,160,192,192,7.99,42.16,0.0,0.0,23.72,795.36,171.15,795.59,171.60,80.54,87.42,0.9776,17.0000,-88.8300,0.0000,0.0000,0.8146,0
210,09:29:21.113,ROI,160,160,192,192,7.82,121.94,3.275,0.0,8.20,796.33,175.58,796.14,174.09,84.54,87.07,0.8627,16.2100,-89.2900,0.0000,0.0000,0.8884,0
211,09:29:21.161,ROI,160,160,192,192,8.02,42.44,9.775,0.0,23.56,795.99,176.86,796.34,176.25,83.68,85.99,0.9611,18.1400,-89.9400,0.0000,0.0000,0.8602,0
212,09:29:21.225,ROI,160,160,192,192,7.81,57.33,7.05,0.0,17.44,796.96,179.52,796.95,178.76,84.04,86.81,0.9195,16.4500,-89.8800,0.0000,0.0000,0.8509,0
213,09:29:21.289,ROI,160,160,192,192,10.21,61.27,6.925,0.0,16.32,797.32,180.85,797.42,180.78,84.53,87.14,0.9616,18.9100,-90.9400,0.0000,0.0000,0.9027,0
214,09:29:21.337,ROI,160,160,192,192,7.92,38.62,0.0,0.0,25.89,797.08,182.66,797.63,182.74,84.52,87.20,0.9540,19.3100,-91.7400,0.0000,0.0000,0.8793,0
215,09:29:21.401,ROI,160,160,192,192,8.58,58.31,7.075,0.0,17.15,796.17,183.02,797.23,183.94,85.21,85.73,0.9624,20.7400,-94.6000,0.0000,0.0000,0.8859,0
216,09:29:21.463,ROI,160,160,192,192,7.96,55.42,7.35,0.0,18.05,796.14,184.69,796.85,185.28,84.19,84.91,0.9502,19.4600,-96.1200,0.0000,0.0000,0.8617,0
217,09:29:21.513,ROI,160,160,192,192,8.39,44.30,9.425,0.0,22.57,797.13,185.98,796.88,186.38,85.93,85.61,0.9483,19.7000,-94.7700,0.0000,0.0000,0.8776,0
218,09:29:21.640,ROI,160,160,192,192,10.23,123.54,3.3,0.0,8.09,797.36,193.65,796.92,190.18,87.10,95.21,0.8326,20.3500,-95.6800,0.0000,0.0000,0.9125,0
219,09:29:21.687,ROI,160,160,192,192,8.62,38.67,10.975,0.0,25.86,796.81,195.59,796.80,193.77,86.09,92.41,0.9474,19.9000,-93.4000,0.0000,0.0000,0.8442,0
220,09:29:21.751,ROI,160,160,192,192,8.07,57.21,7.125,0.0,17.48,797.32,196.84,796.91,196.65,87.55,93.04,0.9574,19.8400,-96.5000,0.0000,0.0000,0.8309,0
221,09:29:21.817,ROI,160,160,192,192,8.57,60.50,6.8,0.0,16.53,797.16,198.70,796.95,199.35,87.92,91.55,0.9565,19.8100,-97.3000,0.0000,0.0000,0.8331,0
222,09:29:21.865,ROI,160,160,192,192,8.03,41.11,10.1,0.0,24.32,796.98,199.26,796.87,201.12,88.68,91.94,0.9795,21.0000,-100.0000,0.0000,0.0000,0.9005,0
223,09:29:21.929,ROI,160,160,192,192,8.21,58.20,7.05,0.0,17.18,795.20,201.20,796.08,202.92,88.42,92.36,0.9218,19.6800,-100.9100,0.0000,0.0000,0.8804,0
224,09:29:22.041,ROI,160,160,192,192,7.91,105.44,0.0,0.0,9.48,793.46,203.72,794.76,204.77,87.73,92.88,0.9113,20.9700,-102.6600,0.0000,0.0000,0.9103,0
225,09:29:22.103,ROI,160,160,192,192,7.99,56.34,7.25,0.0,17.75,793.30,205.94,793.69,206.49,86.09,94.12,0.9363,21.5600,-102.2200,0.0000,0.0000,0.9135,0
226,09:29:22.169,ROI,160,160,192,192,9.36,61.64,6.8,0.0,16.22,795.42,207.59,793.76,207.97,91.09,92.74,0.9135,20.8000,-102.4900,0.0000,0.0000,0.8917,0
227,09:29:22.217,ROI,160,160,192,192,7.94,40.01,10.425,0.0,24.99,792.46,209.78,792.67,209.88,86.88,91.64,0.8931,20.8700,-104.6800,0.0000,0.0000,0.9001,0
228,09:29:22.280,ROI,160,160,192,192,8.03,57.50,0.0,0.0,17.39,792.25,210.73,792.00,211.25,86.74,91.76,0.9751,20.7900,-108.1100,0.0000,0.0000,0.8887,0
229,09:29:22.342,ROI,160,160,192,192,8.23,56.47,0.0,0.0,17.71,791.32,213.58,791.18,213.17,86.86,93.56,0.9209,20.3900,-106.7600,0.0000,0.0000,0.8859,0
230,09:29:22.393,ROI,160,160,192,192,19.06,56.40,9.275,0.0,17.73,791.05,213.80,790.54,214.40,87.19,93.72,0.9890,19.9200,-105.5800,0.0000,0.0000,0.8685,0
231,09:29:22.521,ROI,160,160,192,192,7.93,110.28,7.225,0.0,9.07,788.55,217.62,789.21,216.56,84.61,94.73,0.8721,19.1000,-108.1400,0.0000,0.0000,0.9171,0
232,09:29:22.569,ROI,160,160,192,192,10.00,43.19,10.05,0.0,23.16,789.39,221.40,788.62,219.41,84.40,95.09,0.9058,18.2700,-111.1200,0.9100,-109.1900,0.8806,0
233,09:29:22.634,ROI,160,160,192,192,10.23,58.59,7.15,0.0,17.07,788.45,222.33,787.97,221.71,85.36,92.18,0.9486,17.8300,-110.8700,1.7300,-108.7800,0.8351,0
234,09:29:22.694,ROI,160,160,192,192,10.41,52.69,7.95,0.0,18.98,786.48,225.23,786.67,224.33,85.98,93.50,0.8984,19.2500,-112.0700,1.3300,-110.3000,0.8966,0
235,09:29:22.744,ROI,160,160,192,192,9.55,42.71,0.0,0.0,23.42,784.81,226.84,785.20,226.69,86.78,92.87,0.9302,17.8600,-113.4700,0.0000,0.0000,0.8660,0
236,09:29:22.807,ROI,160,160,192,192,8.43,50.80,7.45,0.0,19.69,783.93,227.54,783.92,228.42,89.88,94.22,0.9512,16.7600,-114.2600,0.0000,0.0000,0.8818,0
237,09:29:22.873,ROI,160,160,192,192,7.65,58.83,6.85,0.0,17.00,781.50,229.89,782.13,230.24,91.31,94.16,0.9027,16.3100,-115.0400,0.0000,0.0000,0.8970,0
238,09:29:22.919,ROI,160,160,192,192,8.50,40.71,10.325,0.0,24.57,780.44,231.23,780.55,231.87,91.24,94.57,0.9499,16.3300,-114.8400,0.0000,0.0000,0.8984,0
239,09:29:23.047,ROI,160,160,192,192,8.53,121.32,3.275,0.0,8.24,777.68,235.20,778.36,234.25,93.36,95.59,0.8685,17.9600,-115.5500,0.0000,0.0000,0.9423,0
240,09:29:23.097,ROI,160,160,192,192,19.31,54.86,9.575,0.0,18.23,776.17,237.96,776.36,237.08,93.18,94.94,0.9143,18.7700,-117.4300,0.0000,0.0000,0.9634,0
241,09:29:23.159,ROI,160,160,192,192,8.64,42.10,9.275,0.0,23.75,775.16,239.71,774.62,239.57,91.98,93.70,0.9431,18.6000,-117.2200,0.0000,0.0000,0.9586,0
242,09:29:23.224,ROI,160,160,192,192,8.88,59.31,6.975,0.0,16.86,774.06,241.30,773.20,241.87,89.95,92.58,0.9436,18.7200,-118.8200,0.0000,0.0000,0.9639,0
243,09:29:23.273,ROI,160,160,192,192,8.48,42.39,9.95,0.0,23.59,772.80,242.03,771.94,243.54,90.96,93.38,0.9575,18.1600,-120.0800,0.0000,0.0000,0.9515,0
244,09:29:23.335,ROI,160,160,192,192,8.32,55.49,7.425,0.0,18.02,770.34,244.14,770.26,245.31,93.82,91.87,0.9074,18.0800,-120.4700,0.0000,0.0000,0.9514,0
245,09:29:23.399,ROI,160,160,192,192,9.93,59.76,7.05,0.0,16.73,769.45,245.48,768.81,246.64,95.70,91.24,0.9524,18.5200,-120.0300,1.1300,-114.1600,0.9565,0
246,09:29:23.447,ROI,160,160,192,192,9.22,40.88,10.5,0.0,24.46,766.68,247.32,766.80,247.88,97.82,90.38,0.9080,17.3000,-121.9900,1.4700,-115.5900,0.9469,0
247,09:29:23.576,ROI,160,160,224,224,10.60,124.87,3.275,0.0,8.01,762.60,252.33,763.92,250.24,99.13,93.39,0.8283,15.4700,-120.4900,0.9500,-119.8400,0.9225,0
248,09:29:23.623,ROI,160,160,224,224,8.68,39.14,10.875,0.0,25.55,762.88,252.53,762.19,252.18,99.32,90.93,0.9682,16.2400,-124.1100,0.0000,0.0000,0.8778,0
249,09:29:23.687,ROI,160,160,224,224,7.93,56.84,0.0,0.0,17.59,761.15,254.06,760.46,254.00,97.26,91.31,0.9341,16.1900,-122.0000,0.0000,0.0000,0.9050,0
250,09:29:23.750,ROI,160,160,224,224,8.00,57.84,7.075,0.0,17.29,757.95,256.63,758.23,256.13,96.18,91.31,0.8862,16.0300,-120.5800,0.0000,0.0000,0.9087,0
251,09:29:23.800,ROI,160,160,224,224,8.45,44.46,9.425,0.0,22.49,756.58,256.95,756.37,257.59,97.64,90.23,0.9609,15.6400,-120.6400,0.0000,0.0000,0.8750,0
252,09:29:23.864,ROI,160,160,224,224,7.70,56.73,7.15,0.0,17.63,755.06,258.77,754.78,259.03,97.71,89.61,0.9315,15.1300,-121.4000,0.0000,0.0000,0.9189,0
253,09:29:23.929,ROI,160,160,224,224,7.92,58.70,6.95,0.0,17.04,752.82,260.37,752.92,260.45,99.46,90.52,0.9229,16.1500,-121.9800,0.0000,0.0000,0.8990,0
254,09:29:24.040,ROI,160,160,224,224,7.87,105.98,0.0,0.0,9.44,748.05,262.18,749.72,262.02,101.63,87.61,0.8750,16.5000,-130.8900,0.0000,0.0000,0.8618,0
255,09:29:24.104,ROI,160,160,224,224,7.88,58.15,7.025,0.0,17.20,747.01,263.75,747.15,263.62,105.08,87.79,0.9337,15.8200,-130.7700,0.0000,0.0000,0.8022,0
256,09:29:24.168,ROI,160,160,224,224,7.77,57.91,7.025,0.0,17.27,745.68,263.64,745.28,264.49,102.82,85.90,0.9539,15.9300,-129.2100,0.0000,0.0000,0.8342,0
257,09:29:24.217,ROI,160,160,224,224,14.17,49.84,9.6,25.85,20.07,741.63,266.01,742.37,265.91,108.14,85.72,0.8780,14.9600,-137.0900,0.0000,0.0000,0.8126,0
258,09:29:24.278,ROI,160,160,224,224,7.84,47.85,0.0,0.0,20.90,741.27,266.50,740.43,266.83,111.30,85.20,0.9606,16.8900,-137.5300,0.0000,0.0000,0.8306,0
259,09:29:24.343,ROI,160,160,224,224,8.52,58.91,0.0,0.0,16.98,735.36,267.05,736.86,267.56,107.42,82.78,0.8728,16.4200,-141.2000,0.0000,0.0000,0.7549,0
260,09:29:24.392,ROI,160,160,224,224,8.63,43.50,9.675,0.0,22.99,734.99,267.80,734.45,267.95,113.57,82.95,0.9294,15.3200,-145.3800,0.0000,0.0000,0.7798,0
261,09:29:24.521,ROI,160,160,256,256,7.71,121.63,3.275,0.0,8.22,733.41,270.90,732.22,269.39,112.19,80.18,0.9018,13.8200,-149.9000,0.0000,0.0000,0.7654,0
262,09:29:24.569,ROI,160,160,256,256,17.84,52.34,9.825,0.0,19.11,730.22,271.94,729.79,270.90,110.50,78.50,0.9205,14.9800,-148.3100,0.0000,0.0000,0.7541,0
263,09:29:24.632,ROI,160,160,224,224,7.92,44.09,8.8,0.0,22.68,727.40,273.45,727.28,272.43,116.03,82.85,0.9014,13.9500,-151.1500,0.0000,0.0000,0.7493,0
264,09:29:24.697,ROI,160,160,256,256,8.02,58.63,6.95,0.0,17.06,726.73,272.94,725.53,273.29,112.72,79.36,0.9305,14.7600,-153.5000,0.0000,0.0000,0.7713,0
265,09:29:24.745,ROI,160,160,256,256,8.46,42.94,0.0,0.0,23.29,724.82,274.37,723.85,274.38,116.02,78.06,0.9333,15.3500,-155.4100,0.0000,0.0000,0.7368,0
266,09:29:24.809,ROI,160,160,256,256,8.48,57.58,7.175,0.0,17.37,722.22,274.62,722.03,275.02,117.18,78.27,0.9504,14.5600,-153.1400,0.0000,0.0000,0.7170,0
267,09:29:24.872,ROI,160,160,256,256,7.76,57.06,7.125,0.0,17.53,719.76,276.48,719.98,276.09,116.67,75.34,0.9143,15.1500,-155.6400,0.0000,0.0000,0.7313,0
268,09:29:24.919,ROI,160,160,256,256,8.24,40.25,10.4,0.0,24.85,717.37,275.78,717.89,276.30,118.03,81.31,0.8905,15.0700,-155.1400,0.0000,0.0000,0.6999,0
269,09:29:25.049,ROI,160,160,256,256,7.99,124.17,3.2,0.0,8.05,712.22,277.94,714.43,277.32,117.25,80.29,0.8701,16.3800,-157.9100,0.0000,0.0000,0.8244,0
270,09:29:25.097,ROI,160,160,256,256,9.00,42.84,9.95,0.0,23.34,709.02,277.96,710.80,278.07,115.84,81.98,0.9277,15.6500,-159.1900,0.0000,0.0000,0.8065,0
271,09:29:25.161,ROI,160,160,256,256,7.81,56.78,7.175,0.0,17.61,706.44,279.75,707.37,279.28,116.43,82.22,0.9165,15.6900,-158.0100,0.0000,0.0000,0.8294,0
272,09:29:25.225,ROI,160,160,256,256,7.88,58.07,7.025,0.0,17.22,702.22,281.08,703.47,280.65,118.74,81.42,0.9021,16.1200,-160.5700,0.0000,0.0000,0.8449,0
273,09:29:25.271,ROI,160,160,256,256,8.25,39.67,10.425,0.0,25.21,700.45,281.64,700.28,281.68,119.20,82.56,0.9574,16.6800,-159.0900,0.0000,0.0000,0.8180,0
274,09:29:25.337,ROI,160,160,256,256,11.17,63.23,6.775,0.0,15.81,696.30,282.06,696.57,282.47,120.35,82.62,0.9241,16.7900,-162.1600,0.0000,0.0000,0.8477,0
275,09:29:25.399,ROI,160,160,256,256,7.83,52.05,15.675,0.0,19.21,694.16,283.09,693.50,283.23,117.87,83.15,0.9414,16.1300,-160.6800,0.0000,0.0000,0.8259,0
276,09:29:25.448,ROI,160,160,256,256,7.89,43.84,9.45,0.0,22.81,688.78,283.40,689.43,283.66,118.48,84.13,0.9028,17.2100,-161.1900,0.0000,0.0000,0.8439,0
277,09:29:25.576,ROI,160,160,256,256,8.27,121.81,3.275,0.0,8.21,685.87,283.94,685.42,284.33,121.07,84.16,0.9406,17.3600,-163.5100,0.0000,0.0000,0.8726,0
278,09:29:25.623,ROI,160,160,256,256,8.24,40.04,0.0,0.0,24.97,680.87,284.18,681.02,284.70,118.61,84.69,0.9144,17.1400,-165.8800,0.0000,0.0000,0.8924,0
279,09:29:25.687,ROI,160,160,256,256,14.31,65.05,0.0,0.0,15.37,681.10,283.65,678.45,284.58,118.53,85.26,0.9836,17.9700,-167.2900,0.0000,0.0000,0.8883,0
280,09:29:25.751,ROI,160,160,256,256,8.22,47.38,8.2,0.0,21.10,676.23,283.70,675.02,284.48,121.73,85.79,0.9165,17.0900,-166.8400,0.0000,0.0000,0.8756,0
281,09:29:25.799,ROI,160,160,256,256,8.39,41.95,10.0,0.0,23.84,674.67,283.98,672.48,284.31,117.55,86.59,0.9571,17.6700,-168.9400,0.0000,0.0000,0.8792,0
282,09:29:25.863,ROI,160,160,256,256,7.88,57.52,7.075,0.0,17.39,669.76,284.55,669.27,284.34,119.26,85.25,0.9067,17.3700,-168.7000,0.0000,0.0000,0.8800,0
283,09:29:25.929,ROI,160,160,256,256,8.17,59.95,6.8,0.0,16.68,667.40,285.12,666.59,284.54,122.22,86.75,0.9451,18.0700,-172.7000,0.0000,0.0000,0.8317,0
284,09:29:26.041,ROI,160,160,256,256,10.31,107.90,0.0,0.0,9.27,662.92,284.92,663.11,284.61,123.41,83.65,0.8976,17.5900,-176.3100,0.0000,0.0000,0.8109,0
285,09:29:26.103,ROI,160,160,256,256,7.89,53.63,7.6,0.0,18.65,658.74,284.67,659.44,284.59,122.45,83.74,0.9288,17.5500,-176.0600,0.0000,0.0000,0.7918,0
286,09:29:26.153,ROI,160,160,256,256,7.93,44.18,9.35,0.0,22.63,656.46,283.55,656.46,283.97,121.62,83.92,0.9385,17.1300,-175.3300,0.0000,0.0000,0.7847,0
287,09:29:26.217,ROI,160,160,256,256,8.43,58.18,7.1,0.0,17.19,652.43,283.82,653.01,283.70,120.46,84.58,0.9285,17.0900,-176.6500,0.0000,0.0000,0.7714,0
288,09:29:26.280,ROI,160,160,256,256,7.88,56.14,0.0,0.0,17.81,648.80,283.83,649.71,283.48,124.26,84.16,0.9379,16.8900,-177.8300,0.0000,0.0000,0.7649,0
289,09:29:26.327,ROI,160,160,256,256,7.88,41.11,0.0,0.0,24.32,647.78,282.28,647.03,282.60,117.73,83.90,0.9139,15.7200,178.6200,0.0000,0.0000,0.7544,0
290,09:29:26.443,ROI,160,160,256,256,14.05,117.03,0.0,0.0,8.54,642.97,282.19,643.66,281.83,120.72,82.53,0.9081,14.8900,176.5300,0.0000,0.0000,0.6868,0
291,09:29:26.505,ROI,160,160,256,256,7.75,48.75,8.4,0.0,20.51,639.94,281.20,640.45,281.03,120.90,83.94,0.9292,15.1400,172.0700,0.0000,0.0000,0.6509,0
292,09:29:26.569,ROI,160,160,256,256,7.74,57.57,7.025,0.0,17.37,637.83,281.70,637.58,280.76,119.86,83.50,0.9543,13.9300,172.8100,0.0000,0.0000,0.6784,0
293,09:29:26.617,ROI,160,160,256,256,7.82,42.02,9.825,0.0,23.80,633.10,279.70,633.83,279.92,123.73,82.88,0.8834,15.5200,168.8700,0.0000,0.0000,0.6842,0
294,09:29:26.681,ROI,160,160,256,256,7.81,57.58,7.05,0.0,17.37,631.32,280.33,630.87,279.56,123.01,83.23,0.9573,14.7200,172.5900,0.0000,0.0000,0.6840,0
295,09:29:26.743,ROI,160,160,256,256,8.46,56.70,0.0,0.0,17.64,627.34,278.94,627.55,278.89,122.98,82.08,0.9073,15.9400,170.4600,0.0000,0.0000,0.6501,0
296,09:29:26.793,ROI,160,160,256,256,7.68,43.37,9.45,0.0,23.06,625.85,279.82,624.99,278.81,122.29,83.98,0.9542,15.1600,171.0200,0.0000,0.0000,0.6955,0
297,09:29:26.921,ROI,160,160,256,256,8.32,122.41,3.275,0.0,8.17,619.08,277.00,620.84,277.79,120.88,80.70,0.8380,15.1200,170.3300,0.0000,0.0000,0.7231,0
298,09:29:26.969,ROI,160,160,256,256,11.05,44.44,0.0,0.0,22.50,614.44,274.18,616.42,275.79,120.46,79.68,0.8653,16.4700,168.9400,0.9600,166.3400,0.7666,0
299,09:29:27.033,ROI,160,160,256,256,7.85,54.21,7.475,0.0,18.45,611.28,273.97,612.18,274.39,121.68,76.11,0.9079,15.3200,168.2100,0.0000,0.0000,0.7564,0
300,09:29:27.097,ROI,160,160,256,256,8.60,58.76,7.05,0.0,17.02,605.29,272.68,607.01,272.82,128.21,78.13,0.8794,15.7900,166.1400,0.0000,0.0000,0.7991,0
301,09:29:27.145,ROI,160,160,288,288,12.26,46.16,9.975,0.0,21.66,602.89,273.12,602.76,272.03,134.12,82.66,0.9036,17.0800,165.1500,0.6300,167.7900,0.8580,0
302,09:29:27.209,ROI,160,160,288,288,9.69,49.88,7.725,0.0,20.05,601.91,273.83,599.68,271.97,131.54,86.11,0.9422,16.8700,162.7100,0.5300,163.1400,0.8484,0
303,09:29:27.272,ROI,160,160,288,288,7.86,55.58,7.325,0.0,17.99,598.28,273.38,596.65,271.94,130.59,86.74,0.9366,17.8600,163.4200,0.0000,0.0000,0.8746,0
304,09:29:27.319,ROI,160,160,288,288,8.99,41.50,10.25,0.0,24.10,596.85,272.01,594.39,271.51,128.97,87.44,0.9483,17.3700,163.5800,0.3500,165.4100,0.8539,0
305,09:29:27.449,ROI,160,160,288,288,9.17,124.06,0.0,0.0,8.06,591.55,268.08,591.29,269.75,127.87,85.55,0.8435,17.3200,165.5800,0.3600,169.1200,0.8084,0
306,09:29:27.497,ROI,160,160,256,256,8.33,41.19,10.225,0.0,24.28,586.34,266.91,587.24,268.08,128.37,82.13,0.8864,17.6900,165.7400,0.0000,0.0000,0.8308,0
307,09:29:27.561,ROI,160,160,288,288,8.94,55.04,7.1,0.0,18.17,584.58,267.91,584.08,267.43,127.55,85.27,0.9376,17.7700,164.9400,0.3400,161.5600,0.8158,0
308,09:29:27.625,ROI,160,160,256,256,7.92,56.55,0.0,0.0,17.68,579.74,265.64,580.05,266.21,129.92,88.00,0.8817,18.1700,162.5600,0.0000,0.0000,0.8045,0
309,09:29:27.673,ROI,160,160,288,288,8.26,42.50,0.0,0.0,23.53,580.01,264.30,578.02,264.83,127.42,87.84,0.9515,17.1900,161.6100,0.0000,0.0000,0.8089,0
310,09:29:27.735,ROI,160,160,256,256,8.19,55.59,7.4,0.0,17.99,576.48,262.96,575.53,263.36,126.61,86.96,0.9181,18.0700,161.6700,0.0000,0.0000,0.7658,0
311,09:29:27.801,ROI,160,160,256,256,8.23,59.87,6.825,0.0,16.70,573.74,261.54,573.30,261.81,125.04,88.43,0.9276,18.3100,158.6000,0.0000,0.0000,0.8203,0
312,09:29:27.849,ROI,160,160,256,256,7.92,41.49,9.975,0.0,24.10,570.89,260.49,570.90,260.41,122.48,89.68,0.9333,18.4600,159.3500,0.0000,0.0000,0.8345,0
313,09:29:27.977,ROI,160,160,256,256,7.90,121.96,3.275,0.0,8.20,567.50,257.73,568.35,258.46,122.32,90.00,0.8912,17.5200,154.0400,0.0000,0.0000,0.8632,0
314,09:29:28.023,ROI,160,160,256,256,7.77,39.88,10.375,0.0,25.07,565.40,257.34,566.01,257.05,119.79,90.21,0.9576,16.9900,154.1600,0.0000,0.0000,0.8518,0
315,09:29:28.087,ROI,160,160,256,256,7.93,57.95,7.0,0.0,17.26,563.51,256.63,563.83,255.95,120.45,90.83,0.9543,16.9400,152.7500,0.0000,0.0000,0.8567,0
316,09:29:28.151,ROI,160,160,256,256,7.85,57.85,7.05,0.0,17.29,561.08,254.85,561.70,254.54,119.94,90.16,0.9239,16.4400,152.5500,0.0000,0.0000,0.8548,0
317,09:29:28.201,ROI,160,160,256,256,7.77,43.44,9.5,0.0,23.02,559.05,254.27,559.58,253.51,118.30,90.93,0.9545,16.7200,149.6100,0.0000,0.0000,0.8495,0
318,09:29:28.265,ROI,160,160,256,256,12.91,63.39,6.95,0.0,15.78,557.91,252.54,557.80,252.34,116.83,91.63,0.9448,16.1600,147.9700,0.0000,0.0000,0.8515,0
319,09:29:28.328,ROI,160,160,256,256,8.22,52.18,0.0,0.0,19.17,556.47,251.39,556.40,251.11,116.99,90.78,0.9516,16.7300,148.3700,0.0000,0.0000,0.8735,0
320,09:29:28.440,ROI,160,160,256,256,7.92,105.59,3.775,0.0,9.47,552.58,251.37,553.93,250.45,120.90,95.46,0.8914,16.4900,144.4100,0.0000,0.0000,0.8271,0
321,09:29:28.505,ROI,160,160,256,256,7.89,58.13,6.975,0.0,17.20,548.24,249.18,550.53,249.22,117.20,94.85,0.8892,15.2500,142.3300,0.0000,0.0000,0.8152,0
322,09:29:28.553,ROI,160,160,256,256,8.18,42.14,9.85,0.0,23.73,545.55,247.53,547.24,247.93,118.66,95.87,0.9236,17.0400,141.9100,0.0000,0.0000,0.8315,0
323,09:29:28.617,ROI,160,160,256,256,15.92,65.39,7.075,0.0,15.29,543.48,245.67,544.09,246.27,118.02,97.74,0.9299,16.1200,139.0100,0.0000,0.0000,0.8787,0
324,09:29:28.681,ROI,160,160,256,256,8.24,47.92,16.4,0.0,20.87,542.79,245.72,541.93,245.39,117.94,97.71,0.9874,15.9200,139.3000,0.0000,0.0000,0.8303,0
325,09:29:28.729,ROI,160,160,256,256,8.75,42.71,9.9,0.0,23.41,539.36,242.84,539.27,243.71,115.39,96.74,0.8900,16.1000,139.9900,0.0000,0.0000,0.8866,0
326,09:29:28.857,ROI,160,160,256,256,7.82,120.73,3.3,0.0,8.28,536.07,240.13,536.62,241.76,112.94,98.32,0.8944,14.5500,135.9600,0.0000,0.0000,0.9301,0
327,09:29:28.905,ROI,160,160,256,256,7.83,41.40,9.95,0.0,24.16,534.00,238.00,534.01,239.54,111.54,99.78,0.9240,13.7500,133.4600,0.0000,0.0000,0.9248,0
328,09:29:28.969,ROI,160,160,224,224,7.77,57.88,0.0,0.0,17.28,533.66,239.04,532.27,238.32,106.34,97.94,0.9337,14.8000,135.2200,0.0000,0.0000,0.8541,0
329,09:29:29.033,ROI,160,160,224,224,7.90,53.58,0.0,0.0,18.66,530.52,235.68,530.13,236.22,105.21,99.83,0.8822,15.6700,133.1000,0.0000,0.0000,0.9296,0
330,09:29:29.081,ROI,160,160,224,224,7.87,42.03,9.85,0.0,23.79,530.15,234.64,528.49,234.30,104.37,99.33,0.9715,14.4300,133.3100,0.0000,0.0000,0.8842,0
331,09:29:29.143,ROI,160,160,224,224,9.08,57.28,7.25,0.0,17.46,527.49,232.11,526.52,232.06,102.76,101.16,0.9045,12.7500,128.9100,0.0000,0.0000,0.8795,0
332,09:29:29.207,ROI,160,160,224,224,8.25,56.62,7.225,0.0,17.66,526.66,231.15,525.27,230.38,102.30,100.44,0.9654,13.2300,128.8300,0.0000,0.0000,0.8438,0
333,09:29:29.255,ROI,160,160,224,224,7.73,41.00,9.975,0.0,24.39,524.14,228.05,523.66,228.23,101.70,97.93,0.8952,12.3200,129.4400,0.0000,0.0000,0.8590,0
334,09:29:29.385,ROI,160,160,224,224,7.70,124.34,3.2,0.0,8.04,520.22,224.82,521.47,225.66,97.02,98.76,0.8677,10.6300,123.8100,0.0000,0.0000,0.7963,0
335,09:29:29.433,ROI,160,160,224,224,8.12,42.01,9.9,0.0,23.80,518.57,223.55,519.41,223.29,96.52,95.35,0.9337,11.1200,125.6100,0.0000,0.0000,0.8280,0
336,09:29:29.495,ROI,160,160,224,224,7.78,55.52,7.325,0.0,18.01,516.38,220.89,517.12,220.67,94.79,95.72,0.9044,10.3800,122.7600,0.0000,0.0000,0.8086,0
337,09:29:29.561,ROI,160,160,192,192,8.02,59.95,6.775,0.0,16.68,514.92,218.14,515.21,218.11,92.11,93.76,0.9152,9.1700,122.4000,0.0000,0.0000,0.8208,0
338,09:29:29.607,ROI,160,160,192,192,7.73,39.87,0.0,0.0,25.08,513.42,216.21,513.26,215.71,89.26,94.15,0.9293,10.5700,118.5600,0.0000,0.0000,0.8303,0
339,09:29:29.673,ROI,160,160,192,192,7.70,59.68,6.8,0.0,16.75,511.48,215.40,511.55,213.99,89.18,93.55,0.9412,11.0500,118.4100,0.0000,0.0000,0.8154,0
340,09:29:29.738,ROI,160,160,192,192,10.43,61.47,6.9,0.0,16.27,511.19,213.80,510.44,212.47,88.96,93.46,0.9603,10.7400,117.1200,0.0000,0.0000,0.8273,0
341,09:29:29.785,ROI,160,160,192,192,7.64,38.48,10.725,0.0,25.99,510.52,212.00,509.66,211.00,86.68,92.81,0.9379,10.6300,117.3000,0.0000,0.0000,0.8304,0
342,09:29:29.913,ROI,160,160,192,192,7.92,121.89,3.275,0.0,8.20,506.94,208.08,507.86,208.70,84.88,91.68,0.8474,11.5400,116.0500,0.0000,0.0000,0.7979,0
343,09:29:29.961,ROI,160,160,192,192,7.83,41.64,9.925,0.0,24.01,504.93,206.36,505.82,206.48,83.00,91.22,0.9188,9.5300,113.5600,0.0000,0.0000,0.7671,0
344,09:29:30.025,ROI,160,160,192,192,7.72,58.02,7.0,0.0,17.24,503.65,204.27,503.97,204.35,83.38,91.64,0.9271,9.4800,112.3900,0.0000,0.0000,0.7808,0
345,09:29:30.088,ROI,160,160,192,192,7.72,57.62,7.05,0.0,17.36,502.95,203.08,502.55,202.66,82.70,92.00,0.9582,9.6800,111.1800,0.0000,0.0000,0.7671,0
346,09:29:30.137,ROI,160,160,192,192,7.89,42.38,9.775,46.05,23.60,501.14,200.82,500.94,200.76,83.74,91.66,0.9123,11.6800,107.4300,0.0000,0.0000,0.8118,0
347,09:29:30.201,ROI,160,160,192,192,8.29,58.20,7.05,0.0,17.18,499.90,199.33,499.46,199.12,85.63,92.16,0.9406,11.4600,107.2100,0.0000,0.0000,0.8265,0
348,09:29:30.262,ROI,160,160,192,192,8.34,55.55,0.0,0.0,18.00,498.72,197.63,498.25,197.47,84.50,91.36,0.9379,10.1700,105.2400,0.0000,0.0000,0.7541,0
349,09:29:30.313,ROI,160,160,192,192,7.90,43.25,9.4,0.0,23.12,499.18,195.85,498.01,195.80,82.67,91.78,0.9413,11.2500,104.4000,0.0000,0.0000,0.8210,0
350,09:29:30.440,ROI,160,160,192,192,7.90,120.62,3.3,0.0,8.29,496.50,192.40,496.97,193.55,85.91,92.26,0.8725,10.9700,102.8900,0.0000,0.0000,0.8581,0
351,09:29:30.490,ROI,160,160,192,192,8.69,43.98,9.25,0.0,22.74,496.34,190.02,496.23,191.14,82.46,91.33,0.9122,10.9900,103.0600,0.0000,0.0000,0.8399,0
352,09:29:30.551,ROI,160,160,192,192,10.07,56.00,7.575,0.0,17.86,495.64,187.55,495.54,188.59,82.82,91.74,0.9321,10.9500,102.2500,0.0000,0.0000,0.8234,0
353,09:29:30.617,ROI,160,160,192,192,8.32,56.62,7.125,0.0,17.66,496.20,184.79,495.44,185.78,83.82,92.05,0.9295,11.2100,99.2100,0.0000,0.0000,0.8196,0
354,09:29:30.663,ROI,160,160,192,192,7.82,39.46,10.5,0.0,25.34,495.39,182.96,495.38,183.40,83.63,93.66,0.9431,11.4800,97.9500,0.0000,0.0000,0.8260,0
355,09:29:30.733,ROI,160,160,192,192,12.41,68.82,6.325,29.575,14.53,495.26,180.99,495.36,181.07,86.56,92.86,0.9271,11.4300,96.1700,0.0000,0.0000,0.8026,0
356,09:29:30.844,ROI,160,160,192,192,17.28,108.02,7.95,0.0,9.26,493.34,178.73,494.53,178.60,87.25,91.99,0.9120,10.7400,96.6500,0.0000,0.0000,0.8343,0
357,09:29:30.904,ROI,160,160,192,192,16.38,51.28,0.0,0.0,19.50,495.66,175.04,494.88,175.44,84.85,91.66,0.8760,11.6900,94.9900,0.0000,0.0000,0.8217,0
358,09:29:30.969,ROI,160,160,192,192,15.34,56.11,8.15,0.0,17.82,492.92,173.21,494.19,172.90,85.22,90.04,0.9018,11.3300,94.9200,0.0000,0.0000,0.9048,0
359,09:29:31.018,ROI,160,160,192,192,11.83,38.80,0.0,0.0,25.77,492.61,169.08,493.45,169.54,85.69,85.39,0.9037,12.2600,95.2400,0.0000,0.0000,0.8519,0
360,09:29:31.080,ROI,160,160,192,192,12.24,54.01,7.875,0.0,18.51,493.25,169.23,493.33,167.57,86.48,88.96,0.9460,11.7500,92.8400,0.0000,0.0000,0.8362,0
361,09:29:31.147,ROI,160,160,192,192,9.90,56.01,7.325,0.0,17.85,493.19,165.62,493.22,165.01,87.02,87.94,0.9161,12.2200,92.8900,0.0000,0.0000,0.8883,0
362,09:29:31.194,ROI,160,160,192,192,11.93,40.93,10.625,0.0,24.43,493.72,164.60,493.56,163.26,90.70,88.58,0.9381,13.2500,91.3400,0.0000,0.0000,0.9303,0
363,09:29:31.333,ROI,160,160,192,192,35.25,155.00,0.0,0.0,6.45,494.10,160.69,494.06,160.76,86.90,86.47,0.8773,13.0600,90.8700,0.0000,0.0000,0.9162,0
364,09:29:31.496,ROI,160,160,192,192,12.94,120.24,6.175,0.0,8.32,494.80,158.33,494.59,158.24,85.72,86.42,0.9321,13.4300,91.2600,0.0000,0.0000,0.9218,0
365,09:29:31.521,ROI,160,160,192,192,10.07,15.57,35.025,0.0,64.24,494.96,157.28,495.05,156.44,83.56,86.81,0.9517,13.7200,89.2000,0.0000,0.0000,0.9294,0
366,09:29:31.544,ROI,160,160,192,192,9.84,15.09,32.725,0.0,66.25,495.18,155.16,495.39,154.62,83.80,87.71,0.9478,12.7100,88.9400,0.0000,0.0000,0.9151,0
367,09:29:31.566,ROI,160,160,192,192,13.08,18.91,34.05,0.0,52.90,495.60,154.47,495.77,153.31,84.61,89.51,0.9701,13.8100,86.3100,0.0000,0.0000,0.9240,0
368,09:29:31.609,ROI,160,160,192,192,11.23,29.93,13.6,0.0,33.41,495.10,151.65,495.77,151.51,83.11,90.50,0.9231,15.9000,84.8200,0.0000,0.0000,0.9201,0
369,09:29:31.672,ROI,160,160,192,192,10.54,55.83,0.0,0.0,17.91,495.30,151.76,495.72,150.67,84.73,89.82,0.9736,15.1400,83.5500,0.0000,0.0000,0.9221,0
370,09:29:31.719,ROI,160,160,192,192,10.67,39.92,10.925,0.0,25.05,496.02,150.69,496.03,150.04,85.10,89.06,0.9602,14.6000,84.0400,0.0000,0.0000,0.9263,0
371,09:29:31.849,ROI,160,160,192,192,13.26,126.13,3.3,0.0,7.93,495.48,147.07,496.15,148.48,84.38,89.69,0.9111,16.4300,81.2700,0.0000,0.0000,0.8323,0
372,09:29:31.895,ROI,160,160,192,192,8.84,33.95,12.15,0.0,29.45,497.02,144.79,496.71,146.47,88.30,91.73,0.9094,17.4500,79.7900,0.0000,0.0000,0.8769,0
373,09:29:31.961,ROI,160,160,192,192,9.10,59.34,6.95,0.0,16.85,496.39,143.57,496.76,144.69,85.42,89.45,0.9416,17.0000,79.9500,0.0000,0.0000,0.8490,0
374,09:29:32.024,ROI,160,160,192,192,8.76,56.38,0.0,0.0,17.74,498.21,140.78,497.50,142.38,87.17,90.34,0.9020,17.6200,80.2500,0.0000,0.0000,0.8685,0
375,09:29:32.072,ROI,160,160,192,192,11.47,43.59,10.125,0.0,22.94,497.80,139.38,497.89,140.32,84.50,88.02,0.9395,16.8400,78.6000,0.0000,0.0000,0.8867,0
376,09:29:32.142,ROI,160,160,192,192,11.49,61.82,13.55,31.95,16.18,501.26,137.60,499.52,138.22,86.74,88.72,0.8871,16.2700,81.1600,0.0000,0.0000,0.9084,0
377,09:29:32.200,ROI,160,160,192,192,9.14,47.31,0.0,0.0,21.14,501.77,135.81,500.89,136.17,81.07,85.07,0.8963,14.8900,81.6000,0.0000,0.0000,0.7760,0
378,09:29:32.264,ROI,160,160,192,192,13.10,61.24,7.225,0.0,16.33,503.76,132.64,502.62,133.61,81.70,84.59,0.8850,17.1800,78.2600,0.0000,0.0000,0.8371,0
379,09:29:32.312,ROI,160,160,192,192,12.69,38.74,0.0,0.0,25.81,504.90,131.52,504.44,131.58,81.84,84.54,0.9476,16.2900,77.3300,0.0000,0.0000,0.8322,0
380,09:29:32.428,ROI,160,160,192,192,14.24,108.70,3.8,0.0,9.20,507.50,127.76,506.61,128.69,84.19,85.66,0.8617,16.5700,75.9900,0.0000,0.0000,0.8735,0
381,09:29:32.489,ROI,160,160,192,192,12.38,51.51,8.425,0.0,19.41,507.79,125.66,508.19,125.94,81.29,83.39,0.9190,16.3700,73.7700,0.0000,0.0000,0.8946,0
382,09:29:32.553,ROI,160,160,192,192,9.39,53.07,7.8,0.0,18.84,509.29,124.60,509.76,123.75,80.84,83.22,0.9401,17.4000,72.5600,0.0000,0.0000,0.8604,0
383,09:29:32.600,ROI,160,160,192,192,7.98,38.16,10.525,0.0,26.21,510.33,124.06,511.25,122.19,80.96,84.04,0.9622,17.4100,73.6300,0.0000,0.0000,0.9146,0
384,09:29:32.662,ROI,160,160,192,192,9.38,57.89,7.225,0.0,17.27,511.64,122.02,512.65,120.58,80.56,83.39,0.9227,16.2600,73.3100,0.0000,0.0000,0.8860,0
385,09:29:32.727,ROI,160,160,192,192,9.65,58.07,7.15,0.0,17.22,513.46,120.14,514.26,119.03,80.65,81.58,0.9142,16.1000,71.1700,0.0000,0.0000,0.8509,0
386,09:29:32.839,ROI,160,160,192,192,8.17,103.28,3.825,0.0,9.68,515.54,117.36,515.92,117.16,83.03,79.68,0.8887,16.0200,69.1700,0.0000,0.0000,0.8377,0
387,09:29:32.904,ROI,160,160,192,192,8.12,57.98,6.925,0.0,17.25,518.66,114.91,518.45,115.02,82.25,79.76,0.8740,16.9100,67.2800,0.0000,0.0000,0.8268,0
388,09:29:32.951,ROI,160,160,192,192,8.25,40.26,10.325,0.0,24.84,519.25,114.44,520.12,113.66,81.91,81.83,0.9611,17.4200,69.8100,0.0000,0.0000,0.9058,0
389,09:29:33.017,ROI,160,160,192,192,8.13,59.25,0.0,0.0,16.88,520.93,111.52,521.67,111.60,83.48,79.72,0.8944,15.5300,68.3500,0.0000,0.0000,0.8050,0
390,09:29:33.081,ROI,160,160,192,192,9.04,59.01,7.0,0.0,16.95,522.68,110.80,523.24,110.32,84.42,81.64,0.9371,17.2500,65.9800,0.0000,0.0000,0.8501,0
391,09:29:33.128,ROI,160,160,192,192,8.96,40.81,10.375,0.0,24.51,523.48,108.87,524.36,108.83,86.87,81.77,0.9277,17.8900,63.5800,0.0000,0.0000,0.8875,0
392,09:29:33.192,ROI,160,160,192,192,8.99,56.76,7.175,0.0,17.62,524.97,107.39,525.48,107.56,86.69,81.90,0.9323,17.9400,65.2200,0.0000,0.0000,0.8887,0
393,09:29:33.321,ROI,160,160,192,192,10.19,123.94,3.275,0.0,8.07,527.97,105.03,527.25,105.80,92.35,81.07,0.8844,17.8300,60.3100,0.0000,0.0000,0.9170,0
394,09:29:33.367,ROI,160,160,192,192,10.35,38.12,11.25,0.0,26.23,530.50,103.10,529.38,103.86,91.92,78.72,0.9030,17.4000,60.8900,0.0000,0.0000,0.8901,0
395,09:29:33.431,ROI,160,160,192,192,10.52,56.81,7.35,0.0,17.60,531.81,101.90,531.26,102.19,95.42,79.51,0.9347,16.5900,56.1700,0.0000,0.0000,0.8888,0
396,09:29:33.496,ROI,160,160,192,192,9.72,56.36,7.3,0.0,17.74,532.21,101.22,532.58,100.85,96.06,79.92,0.9750,17.1300,52.4300,0.0000,0.0000,0.8708,0
397,09:29:33.544,ROI,160,160,224,224,10.26,41.45,0.0,0.0,24.13,534.73,100.83,534.40,100.01,96.25,76.97,0.9149,16.1500,48.4500,0.0000,0.0000,0.8398,0
398,09:29:33.608,ROI,160,160,224,224,10.48,55.99,7.4,0.0,17.86,535.85,100.37,535.92,99.31,94.01,77.78,0.9654,15.7700,50.8400,0.0000,0.0000,0.8031,0
399,09:29:33.672,ROI,160,160,192,192,12.29,58.37,0.0,0.0,17.13,537.99,96.36,537.69,97.49,96.84,76.91,0.8641,16.3800,49.3300,0.0000,0.0000,0.8706,0
400,09:29:33.720,ROI,160,160,224,224,10.32,39.95,10.925,0.0,25.03,539.77,96.85,539.56,96.69,95.90,76.30,0.9516,17.7000,44.5500,0.0000,0.0000,0.8343,0
401,09:29:33.847,ROI,160,160,192,192,8.03,117.69,3.35,0.0,8.50,543.22,93.80,542.06,94.94,98.22,76.37,0.8621,17.5700,46.0000,0.0000,0.0000,0.8792,0
402,09:29:33.894,ROI,160,160,224,224,8.78,41.29,10.125,0.0,24.22,546.46,93.70,545.11,93.73,97.57,75.63,0.9272,17.7900,41.1400,0.0000,0.0000,0.8219,0
403,09:29:33.960,ROI,160,160,224,224,9.29,60.08,6.95,0.0,16.65,546.64,92.67,547.06,92.68,98.14,75.53,0.9673,16.3600,38.1300,0.0000,0.0000,0.7967,0
404,09:29:34.023,ROI,160,160,224,224,8.38,55.17,7.45,0.0,18.12,549.72,91.81,549.54,91.67,99.75,74.80,0.9192,18.1500,36.9800,0.0000,0.0000,0.7940,0
405,09:29:34.072,ROI,160,160,224,224,9.12,43.75,19.3,0.0,22.86,550.27,90.97,551.09,90.80,99.72,73.40,0.9670,16.6200,33.6800,0.0000,0.0000,0.8289,0
406,09:29:34.134,ROI,160,160,224,224,11.93,58.95,7.45,0.0,16.96,554.52,89.49,553.84,89.76,99.96,74.55,0.8837,17.1500,34.5600,0.0000,0.0000,0.7920,0
407,09:29:34.198,ROI,160,160,224,224,9.65,55.45,7.6,0.0,18.03,554.36,89.10,555.41,89.07,99.99,75.01,0.9865,16.1400,34.1200,0.8700,53.1700,0.8077,0
408,09:29:34.246,ROI,160,160,224,224,10.04,42.42,0.0,0.0,23.57,557.95,87.37,557.76,87.94,102.35,74.80,0.8911,16.0700,35.0800,0.5300,54.0200,0.7994,0
409,09:29:34.376,ROI,160,160,224,224,11.35,125.22,3.275,0.0,7.99,561.03,85.47,560.43,86.56,103.87,74.90,0.8965,15.0000,32.4500,0.7600,42.8000,0.8301,0
410,09:29:34.422,ROI,160,160,224,224,10.04,37.89,11.65,0.0,26.39,562.29,84.71,562.75,85.20,103.46,72.69,0.9475,15.1300,29.5900,0.0000,0.0000,0.8256,0
411,09:29:34.488,ROI,160,160,224,224,9.68,59.46,7.1,0.0,16.82,563.93,84.25,564.73,84.05,104.66,73.08,0.9568,15.1100,30.9300,0.0000,0.0000,0.8122,0
412,09:29:34.550,ROI,160,160,224,224,10.31,57.00,7.5,0.0,17.54,567.27,83.02,567.23,82.84,103.98,70.94,0.9073,15.1100,28.2000,0.0000,0.0000,0.7948,0
413,09:29:34.600,ROI,160,160,224,224,9.86,43.14,10.1,0.0,23.18,568.32,83.20,569.11,82.30,103.78,69.97,0.9668,15.2000,25.3300,0.0000,0.0000,0.7678,0
414,09:29:34.662,ROI,160,160,224,224,10.00,56.24,7.55,0.0,17.78,571.88,82.35,571.55,81.75,102.63,69.17,0.9113,16.6700,23.6200,0.0000,0.0000,0.7962,0
415,09:29:34.726,ROI,160,160,224,224,9.94,57.14,7.325,0.0,17.50,573.52,81.54,573.65,81.21,103.91,70.34,0.9467,15.5300,25.7400,0.0000,0.0000,0.7669,0
416,09:29:34.840,ROI,160,160,224,224,9.93,107.52,7.6,0.0,9.30,578.43,79.73,576.87,80.17,104.94,69.09,0.8662,17.8900,25.5200,0.0000,0.0000,0.8741,0
417,09:29:34.902,ROI,160,160,224,224,9.97,55.69,7.525,0.0,17.96,581.61,79.04,580.40,79.17,105.56,69.65,0.9234,18.1900,22.1600,0.0000,0.0000,0.8883,0
418,09:29:34.950,ROI,160,160,224,224,9.18,41.36,0.0,0.0,24.18,583.41,79.00,583.34,78.67,105.08,70.95,0.9491,16.0800,25.1400,0.0000,0.0000,0.8567,0
419,09:29:35.016,ROI,160,160,224,224,9.85,60.08,14.0,0.0,16.64,586.29,78.11,586.34,77.97,106.09,70.48,0.9238,15.7900,24.4800,0.0000,0.0000,0.8764,0
420,09:29:35.078,ROI,160,160,224,224,9.83,56.52,15.075,0.0,17.69,589.05,77.34,589.33,77.35,105.49,70.78,0.9292,13.9200,22.6400,0.0000,0.0000,0.8543,0
421,09:29:35.126,ROI,160,160,224,224,9.16,40.24,21.05,0.0,24.85,590.62,77.01,591.69,76.90,108.23,70.53,0.9624,13.1900,19.5000,0.0000,0.0000,0.8943,0
422,09:29:35.256,ROI,160,160,224,224,9.81,124.92,3.25,0.0,8.01,594.90,76.96,594.69,76.70,104.55,70.59,0.9213,15.4100,15.4300,0.0000,0.0000,0.9072,0
423,09:29:35.302,ROI,160,160,224,224,9.78,40.16,21.9,0.0,24.90,596.38,76.27,597.18,76.33,106.39,70.31,0.9539,13.2000,19.4200,0.0000,0.0000,0.8798,0
424,09:29:35.366,ROI,160,160,224,224,9.93,58.12,7.275,0.0,17.21,597.40,75.98,599.09,75.95,106.53,70.70,0.9729,13.2800,20.5400,0.0000,0.0000,0.8716,0
425,09:29:35.430,ROI,160,160,224,224,10.12,57.86,14.625,0.0,17.28,600.70,75.19,601.45,75.39,106.12,69.08,0.9189,15.0200,17.8600,0.0000,0.0000,0.9097,0
426,09:29:35.478,ROI,160,160,224,224,10.47,41.05,21.075,0.0,24.36,601.71,75.18,603.05,75.05,107.87,68.43,0.9723,14.0800,16.9500,0.0000,0.0000,0.8793,0
427,09:29:35.544,ROI,160,160,224,224,10.75,59.04,0.0,0.0,16.94,604.07,74.82,604.82,74.82,106.97,67.06,0.9382,15.1500,15.6700,0.0000,0.0000,0.9256,0
428,09:29:35.607,ROI,160,160,224,224,11.51,57.57,7.625,0.0,17.37,605.89,74.77,606.38,74.85,106.33,66.30,0.9556,14.4300,13.1000,0.0000,0.0000,0.8805,0
429,09:29:35.654,ROI,160,160,224,224,8.87,36.61,0.0,0.0,27.31,609.10,74.07,608.42,74.42,105.22,65.73,0.9218,14.6000,12.6100,0.0000,0.0000,0.9303,0
430,09:29:35.782,ROI,160,160,224,224,10.18,122.77,3.3,0.0,8.15,614.88,74.19,611.90,74.35,103.77,65.79,0.8923,13.6400,6.8900,0.0000,0.0000,0.9127,0
431,09:29:35.830,ROI,160,160,224,224,8.47,38.70,10.675,0.0,25.84,615.72,73.71,614.58,73.96,103.99,63.76,0.9538,13.3500,8.1600,0.0000,0.0000,0.8629,0
432,09:29:35.894,ROI,160,160,224,224,9.74,59.22,14.15,0.0,16.89,619.66,73.89,618.02,73.83,102.72,63.95,0.9215,13.2300,4.3500,0.0000,0.0000,0.8588,0
433,09:29:35.958,ROI,160,160,224,224,9.63,57.52,7.275,0.0,17.39,619.76,73.50,620.13,73.60,103.29,62.75,0.9758,12.0600,4.8400,0.0000,0.0000,0.8439,0
434,09:29:36.007,ROI,160,160,224,224,9.28,40.09,20.2,0.0,24.94,623.97,73.61,623.18,73.52,104.12,63.13,0.9166,13.2000,4.8500,0.0000,0.0000,0.8724,0
435,09:29:36.070,ROI,160,160,224,224,9.73,57.56,14.725,0.0,17.37,625.39,73.26,625.52,73.38,102.31,61.54,0.9485,12.8700,3.5700,0.0000,0.0000,0.8336,0
436,09:29:36.134,ROI,160,160,224,224,9.30,57.25,7.3,0.0,17.47,627.25,73.15,627.87,73.23,101.11,61.89,0.9588,13.1900,1.7400,0.0000,0.0000,0.8380,0
437,09:29:36.182,ROI,160,160,224,224,9.86,42.97,10.125,0.0,23.27,630.26,72.32,630.27,72.89,100.27,62.37,0.9180,13.5000,0.3300,0.0000,0.0000,0.8415,0
438,09:29:36.310,ROI,160,160,224,224,9.89,121.78,0.0,0.0,8.21,635.96,72.70,634.16,72.79,101.37,64.23,0.8683,12.6800,-0.3000,0.0000,0.0000,0.8282,0
439,09:29:36.359,ROI,160,160,224,224,12.28,44.07,10.125,0.0,22.69,636.51,73.12,637.05,72.82,100.83,64.02,0.9764,12.1800,-1.7800,0.0000,0.0000,0.7847,0
440,09:29:36.423,ROI,160,160,224,224,12.71,57.73,7.75,0.0,17.32,641.10,72.91,640.65,72.76,99.61,63.60,0.9068,12.3900,-1.7200,0.0000,0.0000,0.8110,0
441,09:29:36.486,ROI,160,160,224,224,9.68,53.75,7.85,0.0,18.60,641.92,73.29,643.18,72.91,98.99,65.17,0.9601,11.8300,-0.8200,0.0000,0.0000,0.8014,0
442,09:29:36.534,ROI,160,160,224,224,9.30,41.02,10.3,0.0,24.38,646.07,73.56,646.40,73.09,99.02,64.26,0.9073,12.2500,-1.3200,0.0000,0.0000,0.8078,0
443,09:29:36.598,ROI,160,160,224,224,7.80,56.16,14.5,0.0,17.81,646.59,73.86,648.38,73.46,98.66,64.25,0.9801,13.1300,-1.2300,0.0000,0.0000,0.7983,0
444,09:29:36.664,ROI,160,160,224,224,9.82,62.11,6.8,0.0,16.10,651.04,74.19,651.22,73.91,97.59,63.63,0.9044,12.3500,-2.4600,0.0000,0.0000,0.7811,0
445,09:29:36.710,ROI,160,160,224,224,11.65,42.31,10.95,0.0,23.63,651.92,74.26,653.04,74.31,99.32,64.18,0.9738,13.1900,-3.6000,0.0000,0.0000,0.8028,0
446,09:29:36.838,ROI,160,160,224,224,10.16,119.24,0.0,0.0,8.39,657.34,74.69,656.30,74.70,98.69,64.02,0.8848,13.3900,-5.0600,0.0000,0.0000,0.7926,0
447,09:29:36.886,ROI,160,160,224,224,9.60,39.87,21.1,0.0,25.08,660.15,75.05,659.50,75.10,98.21,63.03,0.9302,13.1700,-6.3700,0.0000,0.0000,0.7389,0
448,09:29:36.950,ROI,160,160,224,224,9.97,58.33,0.0,0.0,17.14,661.37,75.36,661.87,75.54,99.67,63.50,0.9662,13.9500,-4.6900,0.0000,0.0000,0.8245,0
449,09:29:36.998,ROI,160,160,224,224,9.24,40.21,10.45,0.0,24.87,663.24,75.64,663.96,75.92,99.67,64.12,0.9541,13.2800,-5.4600,0.0000,0.0000,0.8059,0
450,09:29:37.062,ROI,160,160,224,224,10.04,58.99,14.425,0.0,16.95,666.75,75.95,666.55,76.24,99.97,65.30,0.9158,13.5800,-6.6100,0.0000,0.0000,0.7495,0
451,09:29:37.126,ROI,160,160,224,224,10.75,55.53,14.725,0.0,18.01,668.18,76.59,668.56,76.69,100.25,64.78,0.9530,14.3800,-5.1100,0.0000,0.0000,0.8255,0
452,09:29:37.238,ROI,160,160,224,224,8.07,103.28,0.0,0.0,9.68,673.14,77.71,671.90,77.46,100.69,66.28,0.8769,16.2200,-10.1800,0.0000,0.0000,0.8443,0
453,09:29:37.304,ROI,160,160,224,224,14.63,66.13,6.875,0.0,15.12,676.29,78.04,675.31,78.09,100.09,66.51,0.9303,16.4200,-8.9000,0.0000,0.0000,0.8188,0
454,09:29:37.351,ROI,160,160,224,224,18.57,44.28,0.0,0.0,22.58,677.74,77.95,677.97,78.46,100.16,65.90,0.9627,16.4200,-7.2300,0.0000,0.0000,0.7964,0
455,09:29:37.415,ROI,160,160,224,224,14.43,51.74,8.75,0.0,19.33,681.84,78.61,681.34,78.87,99.51,66.37,0.9035,16.1000,-9.7800,0.0000,0.0000,0.8693,0
456,09:29:37.479,ROI,160,160,224,224,20.10,59.78,8.1,0.0,16.73,683.21,79.69,683.88,79.55,98.07,67.96,0.9425,17.5000,-10.6200,0.0000,0.0000,0.8481,0
457,09:29:37.527,ROI,160,160,224,224,13.18,33.30,14.25,0.0,30.03,686.19,80.05,686.52,80.11,99.06,67.24,0.9316,16.9300,-11.0800,0.0000,0.0000,0.8962,0
458,09:29:37.655,ROI,160,160,224,224,11.02,117.50,0.0,0.0,8.51,690.45,81.44,689.66,81.04,100.72,67.37,0.8826,17.8600,-14.8900,0.0000,0.0000,0.9208,0
459,09:29:37.703,ROI,160,160,224,224,9.17,37.43,0.0,0.0,26.72,691.60,81.90,691.97,81.80,101.85,67.90,0.9645,17.2300,-16.5800,0.0000,0.0000,0.9057,0
460,09:29:37.767,ROI,160,160,224,224,9.61,57.10,7.225,0.0,17.51,692.92,82.10,694.06,82.36,102.42,67.61,0.9689,16.8300,-15.3400,0.0000,0.0000,0.9136,0
461,09:29:37.832,ROI,160,160,224,224,14.28,63.42,7.1,0.0,15.77,696.54,83.09,696.56,83.05,101.50,68.24,0.9055,17.2700,-18.0700,0.0000,0.0000,0.9188,0
462,09:29:37.879,ROI,160,160,224,224,14.54,39.05,12.15,0.0,25.61,698.39,82.84,698.95,83.39,100.73,68.54,0.9570,18.8600,-21.3500,0.0000,0.0000,0.8543,0
463,09:29:37.943,ROI,160,160,224,224,13.90,55.17,7.975,0.0,18.13,702.19,84.41,701.68,84.18,100.13,68.11,0.8871,17.3400,-18.7400,0.0000,0.0000,0.9232,0
464,09:29:38.007,ROI,160,160,224,224,10.93,52.68,7.975,0.0,18.98,703.29,85.25,703.91,85.05,99.51,69.48,0.9549,16.9100,-25.8500,0.0000,0.0000,0.9081,0
465,09:29:38.056,ROI,160,160,224,224,9.42,40.24,10.525,0.0,24.85,707.21,85.88,706.69,85.85,97.22,69.40,0.9072,17.1800,-22.8200,0.0000,0.0000,0.8668,0
466,09:29:38.184,ROI,160,160,224,224,14.58,126.46,3.3,0.0,7.91,711.69,88.02,710.08,87.26,96.71,71.92,0.8604,17.5000,-26.5900,0.0000,0.0000,0.8588,0
467,09:29:38.232,ROI,160,160,224,224,11.36,36.38,12.025,0.0,27.49,712.46,88.00,712.45,88.11,98.38,71.25,0.9740,18.0600,-24.1300,0.0000,0.0000,0.8837,0
468,09:29:38.295,ROI,160,160,224,224,10.94,53.80,0.0,0.0,18.59,715.89,88.86,715.48,88.98,97.90,71.71,0.9111,17.3500,-26.4400,0.0000,0.0000,0.8649,0
469,09:29:38.360,ROI,160,160,224,224,11.56,57.41,0.0,0.0,17.42,717.04,89.08,717.63,89.61,97.89,71.36,0.9707,17.2900,-27.6600,0.0000,0.0000,0.8847,0
470,09:29:38.407,ROI,160,160,224,224,9.67,37.48,11.1,0.0,26.68,719.70,90.75,720.09,90.59,96.29,72.35,0.9050,17.7200,-26.9000,0.0000,0.0000,0.8823,0
471,09:29:38.472,ROI,160,160,224,224,7.84,56.09,7.225,0.0,17.83,721.55,91.20,722.13,91.38,96.68,72.55,0.9508,16.8600,-28.8300,0.0000,0.0000,0.8532,0
472,09:29:38.535,ROI,160,160,224,224,8.90,58.33,7.15,0.0,17.15,724.43,93.02,724.58,92.58,97.48,72.27,0.8974,18.3500,-28.7800,0.0000,0.0000,0.8950,0
473,09:29:38.584,ROI,160,160,224,224,10.39,45.14,9.7,0.0,22.15,726.23,94.01,726.55,93.77,95.90,73.12,0.9381,16.9100,-34.2900,0.0000,0.0000,0.8543,0
474,09:29:38.711,ROI,160,160,192,192,7.43,116.89,6.75,0.0,8.55,729.78,95.94,729.23,95.32,95.96,73.92,0.8827,15.7600,-32.8000,0.0000,0.0000,0.8512,0
475,09:29:38.759,ROI,160,160,192,192,7.53,41.45,0.0,0.0,24.13,730.72,96.66,731.01,96.62,94.76,72.10,0.9564,15.3400,-34.0900,0.0000,0.0000,0.8407,0
476,09:29:38.824,ROI,160,160,192,192,7.38,58.59,0.0,0.0,17.07,734.04,98.11,733.56,98.03,96.11,73.57,0.8972,15.4100,-35.3900,0.0000,0.0000,0.8538,0
477,09:29:38.889,ROI,160,160,224,224,16.43,68.64,0.0,0.0,14.57,735.97,98.98,735.99,99.27,95.41,73.32,0.9385,15.5100,-34.5800,0.0000,0.0000,0.8424,0
478,09:29:38.936,ROI,160,160,192,192,19.35,39.12,26.2,19.25,25.56,738.08,100.20,738.23,100.51,96.59,75.34,0.9267,14.8200,-35.5200,0.9700,-33.1200,0.8313,0
479,09:29:38.999,ROI,160,160,224,224,15.85,49.51,0.0,0.0,20.20,740.25,101.46,740.33,101.75,97.43,74.69,0.9253,16.3000,-35.2400,0.0000,0.0000,0.7746,0
480,09:29:39.065,ROI,160,160,224,224,17.47,59.87,7.975,0.0,16.70,742.62,102.65,742.54,102.93,97.40,74.63,0.9234,16.9600,-35.1900,0.0000,0.0000,0.7693,0
481,09:29:39.112,ROI,160,160,224,224,17.05,38.06,13.55,0.0,26.27,744.88,103.19,744.57,103.83,98.14,73.77,0.9411,18.1400,-33.5300,0.2800,-32.4700,0.7963,0
482,09:29:39.240,ROI,160,160,224,224,18.73,121.87,0.0,0.0,8.21,748.77,106.89,747.49,105.88,97.82,77.38,0.8405,15.4800,-35.3600,0.5500,-31.7900,0.7316,0
483,09:29:39.305,ROI,160,160,224,224,20.55,57.70,0.0,128.55,17.33,751.33,109.58,750.46,108.35,96.21,80.30,0.8878,14.3700,-40.9700,0.5800,-49.9200,0.7760,0
484,09:29:39.351,ROI,160,160,224,224,8.35,26.04,0.0,0.0,38.40,752.58,110.45,752.72,110.29,94.72,81.00,0.9537,13.8400,-41.1700,0.0000,0.0000,0.7801,0
485,09:29:39.415,ROI,160,160,192,192,8.13,57.74,7.1,0.0,17.32,756.02,111.25,755.60,111.80,92.02,79.62,0.9110,13.8500,-43.5800,0.0000,0.0000,0.8054,0
486,09:29:39.464,ROI,160,160,192,192,8.30,42.75,0.0,0.0,23.39,758.04,111.18,758.12,112.65,91.92,77.44,0.9313,14.2100,-39.6800,0.0000,0.0000,0.7930,0
487,09:29:39.527,ROI,160,160,192,192,9.59,57.80,0.0,38.575,17.30,759.86,112.46,760.38,113.50,91.86,77.50,0.9304,14.3500,-40.7100,0.0000,0.0000,0.7842,0
488,09:29:39.640,ROI,160,160,192,192,16.58,114.68,0.0,22.225,8.72,762.00,114.05,762.76,114.60,90.22,77.87,0.9167,14.5600,-47.0500,0.0000,0.0000,0.8064,0
489,09:29:39.703,ROI,160,160,192,192,7.82,45.14,0.0,0.0,22.16,762.98,116.94,764.48,116.39,90.73,80.76,0.9103,14.3100,-53.0100,0.0000,0.0000,0.8288,0
490,09:29:39.768,ROI,160,160,192,192,7.89,58.42,13.925,0.0,17.12,764.05,117.69,765.67,117.77,90.84,79.58,0.9588,13.5500,-50.8500,0.0000,0.0000,0.7516,0
491,09:29:39.832,ROI,160,160,192,192,8.65,59.22,0.0,0.0,16.89,767.53,120.11,767.66,119.59,86.32,79.40,0.8718,13.4500,-54.5000,0.0000,0.0000,0.8336,0
492,09:29:39.879,ROI,160,160,192,192,9.04,41.36,20.75,0.0,24.18,767.66,121.61,768.72,121.23,88.14,80.56,0.9435,14.2800,-49.9300,0.7700,-44.5300,0.8031,0
493,09:29:39.942,ROI,160,160,192,192,7.87,55.50,14.65,0.0,18.02,769.87,122.75,770.13,122.73,86.70,78.24,0.9238,13.6700,-54.2300,0.0000,0.0000,0.8216,0
494,09:29:39.990,ROI,160,160,192,192,7.82,42.15,9.875,0.0,23.73,771.20,122.96,771.19,123.67,86.92,78.88,0.9622,14.3600,-51.5000,0.0000,0.0000,0.8256,0
495,09:29:40.054,ROI,160,160,192,192,7.78,56.55,14.05,0.0,17.68,773.27,126.28,772.56,125.46,87.02,80.84,0.8789,13.8000,-55.5200,0.0000,0.0000,0.8524,0
496,09:29:40.182,ROI,160,160,192,192,7.81,121.91,3.275,0.0,8.20,776.06,130.00,774.67,128.26,85.12,82.68,0.8583,14.0500,-61.1700,0.0000,0.0000,0.8605,0
497,09:29:40.232,ROI,160,160,192,192,7.77,42.77,19.2,0.0,23.38,777.37,130.90,776.42,130.47,84.66,82.01,0.9490,13.8900,-60.0100,0.0000,0.0000,0.8530,0
498,09:29:40.296,ROI,160,160,192,192,7.80,58.60,6.95,0.0,17.06,779.66,133.37,778.55,132.90,84.43,83.06,0.8933,14.3000,-63.3200,0.0000,0.0000,0.8627,0
499,09:29:40.360,ROI,160,160,192,192,8.23,58.40,0.0,0.0,17.12,781.02,134.15,780.39,134.70,82.34,81.36,0.9483,14.0700,-65.0000,0.0000,0.0000,0.8514,0
500,09:29:40.409,ROI,160,160,192,192,8.28,42.92,19.375,0.0,23.30,781.44,136.03,781.72,136.56,81.18,82.10,0.9420,12.8600,-66.0300,0.0000,0.0000,0.8184,0
501,09:29:40.470,ROI,160,160,192,192,7.67,54.63,14.925,0.0,18.30,782.20,137.42,782.72,138.14,80.99,82.36,0.9492,13.4300,-67.4000,0.0000,0.0000,0.8279,0
502,09:29:40.520,ROI,160,160,192,192,7.83,44.03,9.375,0.0,22.71,783.07,137.91,783.63,139.25,82.68,81.94,0.9674,13.2700,-67.2400,0.0000,0.0000,0.8171,0
503,09:29:40.647,ROI,160,160,192,192,8.13,121.51,6.575,0.0,8.23,784.55,140.29,784.64,140.72,82.38,82.12,0.9114,14.2200,-66.9500,0.0000,0.0000,0.8265,0
504,09:29:40.710,ROI,160,160,192,192,7.79,56.28,14.4,0.0,17.77,786.27,142.69,786.02,142.58,82.75,83.75,0.9062,15.0000,-68.9800,0.0000,0.0000,0.8351,0
505,09:29:40.760,ROI,160,160,192,192,13.55,49.44,18.95,0.0,20.22,787.80,143.63,787.39,144.05,80.59,82.15,0.9417,13.9300,-72.3400,0.0000,0.0000,0.7893,0
506,09:29:40.824,ROI,160,160,192,192,7.81,50.23,7.85,0.0,19.91,787.74,146.47,788.27,146.07,82.98,84.58,0.9078,14.5000,-71.2100,0.0000,0.0000,0.8079,0
507,09:29:40.887,ROI,160,160,192,192,7.72,57.27,7.125,0.0,17.46,788.90,148.68,789.19,148.18,80.57,86.87,0.9232,15.5200,-74.4100,0.0000,0.0000,0.8224,0
508,09:29:40.935,ROI,160,160,192,192,7.81,41.78,19.65,0.0,23.93,790.14,151.53,790.18,150.64,79.28,88.74,0.9095,15.1200,-76.1700,0.0000,0.0000,0.8254,0
509,09:29:41.000,ROI,160,160,192,192,8.02,59.52,0.0,0.0,16.80,790.50,152.52,790.83,152.57,78.32,87.32,0.9658,15.2300,-75.3700,0.0000,0.0000,0.8430,0
510,09:29:41.062,ROI,160,160,192,192,8.38,55.52,14.7,0.0,18.01,792.27,154.66,791.82,154.54,77.23,87.53,0.9110,13.6900,-77.0500,0.0000,0.0000,0.7774,0
511,09:29:41.112,ROI,160,160,192,192,8.54,42.93,9.65,0.0,23.30,792.43,156.03,792.37,156.08,77.59,88.19,0.9650,14.1100,-76.2400,0.0000,0.0000,0.8189,0
512,09:29:41.240,ROI,160,160,192,192,9.03,120.12,6.55,0.0,8.33,794.02,158.60,793.38,158.12,78.20,85.63,0.9060,15.1800,-78.5000,0.0000,0.0000,0.8081,0
513,09:29:41.286,ROI,160,160,192,192,9.38,39.97,21.4,0.0,25.02,794.28,161.49,794.12,160.71,78.94,86.74,0.9267,16.0800,-79.9600,0.5100,-81.9300,0.8335,0
514,09:29:41.352,ROI,160,160,192,192,7.92,58.11,7.0,0.0,17.21,794.44,162.91,794.51,162.98,79.78,88.06,0.9580,16.0600,-80.9600,0.0000,0.0000,0.8255,0
515,09:29:41.398,ROI,160,160,192,192,8.10,39.67,20.925,0.0,25.21,794.61,163.94,794.83,164.83,80.16,87.18,0.9720,16.8000,-83.0600,0.0000,0.0000,0.8219,0
516,09:29:41.464,ROI,160,160,192,192,8.93,60.84,13.65,0.0,16.44,795.62,165.28,795.41,166.32,79.34,86.08,0.9457,16.0200,-86.2100,0.0000,0.0000,0.8292,0
517,09:29:41.526,ROI,160,160,192,192,8.78,53.11,7.475,41.0,18.83,795.59,165.94,795.75,167.31,79.60,84.82,0.9817,16.7500,-87.8600,0.0000,0.0000,0.8435,0
518,09:29:41.640,ROI,160,160,192,192,8.06,105.94,3.75,0.0,9.44,796.91,168.07,796.53,168.56,79.56,87.53,0.9213,15.1000,-88.2400,0.0000,0.0000,0.8340,0
519,09:29:41.702,ROI,160,160,192,192,8.00,55.38,7.325,0.0,18.06,797.21,171.12,797.12,170.56,82.08,86.50,0.9048,16.7100,-88.1700,0.0000,0.0000,0.8706,0
520,09:29:41.767,ROI,160,160,192,192,8.08,58.41,13.975,0.0,17.12,797.37,172.25,797.45,172.16,82.04,85.72,0.9704,16.7200,-89.0200,0.0000,0.0000,0.8227,0
521,09:29:41.815,ROI,160,160,192,192,10.17,44.56,19.475,0.0,22.44,798.04,175.67,798.06,174.57,84.64,85.78,0.8960,16.5400,-89.4200,0.0000,0.0000,0.8787,0
522,09:29:41.879,ROI,160,160,192,192,8.18,47.46,14.925,0.0,21.07,798.41,176.32,798.46,176.36,84.31,85.34,0.9766,18.3500,-88.7400,0.0000,0.0000,0.8618,0
523,09:29:41.943,ROI,160,160,192,192,8.29,58.50,14.05,0.0,17.09,798.28,178.95,798.62,178.45,83.39,85.94,0.9304,18.3000,-90.1400,0.0000,0.0000,0.8701,0
524,09:29:41.990,ROI,160,160,192,192,8.01,39.96,20.625,0.0,25.03,797.98,180.63,798.45,180.20,85.32,87.86,0.9405,19.4700,-91.1700,0.0000,0.0000,0.8687,0
525,09:29:42.120,ROI,160,160,192,192,8.04,124.15,6.425,0.0,8.05,797.98,183.71,798.21,182.52,84.64,87.53,0.9249,19.5200,-94.6500,0.0000,0.0000,0.9070,0
526,09:29:42.166,ROI,160,160,192,192,7.94,39.44,20.975,0.0,25.35,797.32,184.87,797.78,184.62,84.14,85.96,0.9586,18.5000,-97.6100,0.0000,0.0000,0.8753,0
527,09:29:42.230,ROI,160,160,192,192,7.87,58.34,14.0,0.0,17.14,797.41,186.00,797.42,186.33,84.29,85.81,0.9721,19.2900,-95.6600,0.0000,0.0000,0.8817,0
528,09:29:42.278,ROI,160,160,192,192,8.04,41.83,19.85,0.0,23.91,797.82,188.42,797.40,188.42,86.11,88.34,0.9261,19.0000,-93.3100,0.0000,0.0000,0.8417,0
529,09:29:42.342,ROI,160,160,192,192,8.01,58.03,14.1,0.0,17.23,798.19,193.14,797.61,191.63,87.35,93.46,0.8890,19.4600,-93.6000,0.0000,0.0000,0.8884,0
530,09:29:42.406,ROI,160,160,192,192,8.57,58.01,14.15,0.0,17.24,797.92,194.87,797.64,194.52,85.90,93.92,0.9479,19.2200,-92.8100,0.0000,0.0000,0.8461,0
531,09:29:42.470,ROI,160,160,192,192,7.97,57.64,14.175,0.0,17.35,798.92,197.30,798.06,197.38,85.08,92.82,0.9278,20.4000,-95.5000,0.0000,0.0000,0.8650,0
532,09:29:42.518,ROI,160,160,192,192,7.86,41.50,19.85,0.0,24.09,798.73,197.30,798.26,199.03,86.89,90.72,0.9574,18.9200,-97.0800,0.0000,0.0000,0.8191,0
533,09:29:42.647,ROI,160,160,192,192,8.00,122.62,6.525,0.0,8.16,797.64,200.84,797.96,201.36,88.30,92.93,0.9036,21.2300,-99.5700,0.0000,0.0000,0.9026,0
534,09:29:42.694,ROI,160,160,192,192,14.54,48.15,19.95,25.775,20.77,796.21,202.86,797.19,203.59,87.65,92.57,0.9274,22.7400,-103.5200,0.0000,0.0000,0.9347,0
535,09:29:42.760,ROI,160,160,192,192,8.26,51.89,7.825,0.0,19.27,795.69,204.56,796.46,205.43,89.34,92.46,0.9460,19.8200,-102.6800,0.0000,0.0000,0.8831,0
536,09:29:42.822,ROI,160,160,192,192,7.94,56.48,7.25,0.0,17.71,796.08,206.92,796.03,207.41,92.12,94.26,0.9224,19.8600,-98.8500,0.0000,0.0000,0.8502,0
537,09:29:42.870,ROI,160,160,192,192,7.78,42.15,9.85,0.0,23.73,795.26,207.64,795.39,208.77,87.20,93.78,0.9323,20.0300,-100.9900,0.0000,0.0000,0.8583,0
538,09:29:42.934,ROI,160,160,192,192,8.04,57.85,14.125,0.0,17.28,794.34,210.23,794.61,210.56,90.06,92.80,0.9170,20.8200,-105.0700,0.0000,0.0000,0.8739,0
539,09:29:42.998,ROI,160,160,192,192,8.57,54.96,14.175,0.0,18.20,793.81,210.98,793.79,211.76,87.62,91.78,0.9572,20.6100,-104.8900,0.0000,0.0000,0.8736,0
540,09:29:43.047,ROI,160,160,192,192,8.01,41.89,19.675,0.0,23.87,792.47,213.38,792.77,213.29,88.85,93.67,0.9218,20.7600,-109.7600,0.0000,0.0000,0.9195,0
541,09:29:43.174,ROI,160,160,192,192,8.27,121.44,6.575,0.0,8.23,791.38,215.40,791.58,214.86,85.32,93.65,0.9206,20.3600,-106.9700,0.0000,0.0000,0.8804,0
542,09:29:43.222,ROI,160,160,192,192,8.48,41.66,20.025,0.0,24.00,791.11,218.84,790.77,217.20,88.50,93.84,0.8969,18.5500,-109.8500,0.0000,0.0000,0.8566,0
543,09:29:43.286,ROI,160,160,192,192,8.03,57.47,14.25,0.0,17.40,791.06,219.84,790.27,219.20,86.71,93.36,0.9593,19.4800,-108.4100,0.0000,0.0000,0.8694,0
544,09:29:43.350,ROI,160,160,192,192,7.91,58.05,7.025,0.0,17.23,788.91,221.83,789.12,221.29,82.68,93.10,0.9116,19.0800,-110.8300,0.0000,0.0000,0.8927,0
545,09:29:43.398,ROI,160,160,192,192,9.79,43.48,19.825,0.0,23.00,789.25,223.24,788.47,223.15,86.66,92.75,0.9262,18.3900,-113.0600,2.0000,-110.2800,0.8987,0
546,09:29:43.462,ROI,160,160,192,192,7.97,55.81,14.625,0.0,17.92,786.79,226.24,787.15,225.51,86.93,93.73,0.8876,19.9700,-112.1000,0.0000,0.0000,0.9275,0
547,09:29:43.526,ROI,160,160,192,192,8.10,57.62,14.15,44.95,17.36,785.44,227.78,785.66,227.51,90.02,94.58,0.9350,17.2800,-113.6400,0.0000,0.0000,0.8701,0
548,09:29:43.638,ROI,160,160,192,192,7.77,106.10,3.775,0.0,9.43,781.10,231.57,782.95,230.27,90.22,94.76,0.8411,18.6500,-113.1000,0.0000,0.0000,0.9285,0
549,09:29:43.702,ROI,160,160,192,192,8.28,58.16,0.0,0.0,17.19,779.69,233.15,780.49,232.79,93.47,94.38,0.9342,16.1000,-116.1800,0.0000,0.0000,0.9131,0
550,09:29:43.750,ROI,160,160,192,192,7.78,41.58,9.925,0.0,24.05,779.62,236.17,778.82,235.55,94.10,95.48,0.9322,17.9000,-115.9700,0.0000,0.0000,0.9475,0
551,09:29:43.814,ROI,160,160,192,192,11.43,61.61,14.05,0.0,16.23,777.32,238.45,776.92,238.38,93.68,96.02,0.9088,18.8100,-115.9100,0.0000,0.0000,0.9638,0
552,09:29:43.879,ROI,160,160,224,224,10.33,56.69,15.025,0.0,17.64,777.32,238.42,775.81,240.02,91.49,95.17,0.9679,17.3100,-118.2700,1.0900,-109.6600,0.9350,0
553,09:29:43.927,ROI,160,160,192,192,9.24,41.01,20.85,0.0,24.39,775.56,241.07,774.57,242.02,91.27,91.55,0.9099,18.4900,-117.7700,0.3300,-118.9900,0.9616,0
554,09:29:44.055,ROI,160,160,192,192,7.66,120.10,3.325,0.0,8.33,772.07,243.36,772.47,244.05,95.33,92.35,0.8842,17.2400,-121.4800,0.0000,0.0000,0.9406,0
555,09:29:44.103,ROI,160,160,192,192,9.38,41.99,19.65,0.0,23.82,770.18,244.40,770.40,245.72,96.58,90.78,0.9402,17.8600,-120.7300,0.6600,-112.1800,0.9572,0
556,09:29:44.166,ROI,160,160,224,224,9.23,57.57,14.525,0.0,17.37,771.36,246.49,769.57,247.38,94.23,92.41,0.9327,15.3000,-121.2200,0.3400,-112.0900,0.9011,0
557,09:29:44.230,ROI,160,160,192,192,8.02,56.40,14.45,44.975,17.73,766.82,248.34,767.34,248.85,96.65,89.82,0.8750,16.7300,-121.2700,0.0000,0.0000,0.9310,0
558,09:29:44.278,ROI,160,160,224,224,12.54,46.52,9.925,0.0,21.50,766.39,251.14,765.78,250.66,98.98,92.08,0.9186,16.0400,-122.6200,1.2000,-119.3300,0.9005,0
559,09:29:44.342,ROI,160,160,224,224,7.90,52.82,15.425,0.0,18.93,763.05,253.51,763.54,252.84,100.83,92.62,0.8898,16.7700,-120.9200,0.0000,0.0000,0.9208,0
560,09:29:44.406,ROI,160,160,224,224,7.97,58.01,7.05,0.0,17.24,762.64,254.02,761.95,254.34,99.57,90.87,0.9688,15.9700,-122.4900,0.0000,0.0000,0.9111,0
561,09:29:44.454,ROI,160,160,224,224,8.04,39.96,19.8,0.0,25.02,759.93,256.55,760.07,256.26,96.64,91.07,0.8965,16.2500,-121.3100,0.0000,0.0000,0.9122,0
562,09:29:44.582,ROI,160,160,224,224,8.47,122.31,3.275,0.0,8.18,756.41,259.42,757.59,258.38,99.26,90.61,0.8756,15.6800,-122.2300,0.0000,0.0000,0.8960,0
563,09:29:44.630,ROI,160,160,224,224,8.13,41.18,20.2,0.0,24.28,754.96,259.48,755.42,259.79,100.91,90.76,0.9699,15.5500,-123.8000,0.0000,0.0000,0.8462,0
564,09:29:44.694,ROI,160,160,224,224,7.96,57.75,14.1,0.0,17.32,751.49,262.04,752.59,261.64,102.34,90.29,0.8842,16.0900,-126.6900,0.0000,0.0000,0.8549,0
565,09:29:44.758,ROI,160,160,224,224,8.14,58.02,7.05,0.0,17.23,751.45,262.98,750.74,263.12,101.95,89.04,0.9755,16.8500,-127.7800,0.0000,0.0000,0.8084,0
566,09:29:44.808,ROI,160,160,224,224,16.29,52.20,18.975,22.6,19.16,747.16,263.90,747.98,264.41,105.76,86.94,0.9003,16.3300,-132.9200,0.0000,0.0000,0.8294,0
567,09:29:44.870,ROI,160,160,224,224,7.72,46.62,8.725,0.0,21.45,747.34,264.15,746.33,265.11,104.38,86.97,0.9815,14.8200,-130.0600,0.0000,0.0000,0.7963,0
568,09:29:44.934,ROI,160,160,224,224,7.79,57.61,14.075,0.0,17.36,744.05,264.07,744.06,265.40,107.09,84.34,0.9124,17.9100,-136.1200,0.0000,0.0000,0.8892,0
569,09:29:44.982,ROI,160,160,224,224,7.85,42.13,19.6,0.0,23.73,742.26,266.46,741.99,266.26,112.27,85.64,0.9024,16.0400,-137.6800,0.0000,0.0000,0.8090,0
570,09:29:45.110,ROI,160,160,256,256,7.85,121.40,6.55,0.0,8.24,738.48,266.98,739.16,266.90,111.23,81.84,0.8942,16.6800,-142.3200,0.0000,0.0000,0.8097,0
571,09:29:45.160,ROI,160,160,224,224,15.03,51.13,9.5,24.575,19.56,735.33,268.17,736.00,267.65,115.89,81.26,0.9195,13.4800,-148.3600,0.0000,0.0000,0.7740,0
572,09:29:45.223,ROI,160,160,256,256,8.21,46.11,8.275,0.0,21.69,734.38,270.35,733.62,269.11,111.50,82.03,0.9131,14.4700,-147.2600,0.0000,0.0000,0.7531,0
573,09:29:45.286,ROI,160,160,224,224,9.65,58.38,14.35,0.0,17.13,732.60,271.12,731.61,270.30,113.95,81.17,0.9513,14.3900,-149.1700,0.5200,-150.0200,0.7481,0
574,09:29:45.334,ROI,160,160,256,256,7.96,40.36,20.6,0.0,24.77,728.67,273.13,728.81,271.88,110.35,78.30,0.8875,14.8300,-150.1500,0.0000,0.0000,0.7838,0
575,09:29:45.398,ROI,160,160,224,224,8.51,58.05,14.125,0.0,17.23,728.18,274.33,727.13,273.33,114.44,80.68,0.9356,13.2500,-153.4600,0.0000,0.0000,0.7346,0
576,09:29:45.462,ROI,160,160,256,256,7.82,57.01,14.3,0.0,17.54,724.91,272.91,724.94,273.70,111.68,78.64,0.9114,15.6700,-153.9700,0.0000,0.0000,0.7911,0
577,09:29:45.510,ROI,160,160,224,224,11.77,46.23,9.825,0.0,21.63,722.33,275.40,722.75,274.74,120.41,79.87,0.8724,13.6600,-154.4000,0.4600,-156.5600,0.7206,0
578,09:29:45.638,ROI,160,160,256,256,7.81,116.99,3.375,0.0,8.55,718.90,275.38,719.83,275.49,114.61,76.94,0.9087,15.4200,-157.2700,0.0000,0.0000,0.7516,0
579,09:29:45.687,ROI,160,160,256,256,7.88,42.19,0.0,0.0,23.70,714.88,276.89,716.29,276.49,115.97,78.54,0.8983,14.8500,-154.5200,0.0000,0.0000,0.7404,0
580,09:29:45.751,ROI,160,160,256,256,8.56,58.19,14.125,0.0,17.18,713.86,277.01,713.68,277.28,117.73,83.25,0.9272,15.5800,-158.6100,0.0000,0.0000,0.7963,0
581,09:29:45.815,ROI,160,160,256,256,8.09,57.60,14.2,0.0,17.36,710.39,277.46,710.61,278.02,116.37,81.89,0.9275,15.1000,-159.8100,0.0000,0.0000,0.7915,0
582,09:29:45.862,ROI,160,160,256,256,8.33,41.47,20.1,0.0,24.11,708.26,279.46,707.99,279.12,116.00,81.87,0.9187,16.1700,-159.2500,0.0000,0.0000,0.8271,0
583,09:29:45.927,ROI,160,160,256,256,8.11,58.37,14.025,0.0,17.13,704.53,280.15,704.95,280.16,118.00,82.11,0.9231,15.7100,-161.1000,0.0000,0.0000,0.8323,0
584,09:29:46.038,ROI,160,160,256,256,7.91,104.91,7.625,0.0,9.53,699.39,281.65,700.80,281.46,119.25,82.88,0.8856,16.5000,-160.4300,0.0000,0.0000,0.8332,0
585,09:29:46.102,ROI,160,160,256,256,8.66,58.36,14.075,0.0,17.13,696.79,281.85,696.96,282.29,119.94,82.38,0.9519,16.8900,-162.6800,0.0000,0.0000,0.8510,0
586,09:29:46.167,ROI,160,160,256,256,8.08,57.03,14.175,0.0,17.53,693.90,282.68,693.65,283.07,119.18,83.38,0.9344,16.6700,-162.2200,0.0000,0.0000,0.8602,0
587,09:29:46.214,ROI,160,160,256,256,8.34,41.70,20.125,0.0,23.98,689.38,283.17,689.58,283.62,120.42,82.30,0.9158,17.8200,-164.4400,0.0000,0.0000,0.8869,0
588,09:29:46.278,ROI,160,160,256,256,7.94,57.22,14.175,0.0,17.48,687.67,283.67,686.49,284.12,120.35,84.80,0.9437,17.9600,-164.3300,0.0000,0.0000,0.8801,0
589,09:29:46.342,ROI,160,160,256,256,8.15,58.32,14.075,0.0,17.15,682.50,283.86,682.47,284.47,118.94,84.06,0.9095,17.6000,-165.1600,0.0000,0.0000,0.8921,0
590,09:29:46.390,ROI,160,160,256,256,8.09,41.66,19.85,0.0,24.00,681.76,283.85,679.89,284.42,117.25,85.31,0.9715,18.2700,-166.5400,0.0000,0.0000,0.9060,0
591,09:29:46.518,ROI,160,160,256,256,8.16,121.42,6.575,0.0,8.24,674.81,283.21,675.68,284.01,119.25,84.93,0.8764,16.8500,-167.5100,0.0000,0.0000,0.8408,0
592,09:29:46.566,ROI,160,160,256,256,7.91,41.44,19.95,0.0,24.13,671.12,283.24,671.46,283.73,117.55,85.82,0.9301,17.5900,-170.0800,0.0000,0.0000,0.8643,0
593,09:29:46.630,ROI,160,160,256,256,11.07,61.43,14.075,0.0,16.28,669.10,283.94,668.11,283.62,117.60,84.66,0.9506,17.6200,-173.1800,0.0000,0.0000,0.8266,0
594,09:29:46.694,ROI,160,160,256,256,8.39,49.38,15.05,0.0,20.25,666.02,284.28,664.81,283.76,121.98,84.72,0.9427,17.8600,-174.3300,0.0000,0.0000,0.8209,0
595,09:29:46.742,ROI,160,160,256,256,8.10,41.68,19.95,44.6,23.99,663.94,283.89,662.30,283.70,123.63,82.69,0.9439,17.8100,-177.4700,0.0000,0.0000,0.8420,0
596,09:29:46.807,ROI,160,160,256,256,8.04,58.29,6.925,0.0,17.16,662.04,284.02,660.06,283.75,121.20,84.86,0.9452,17.3900,-174.5700,0.0000,0.0000,0.7905,0
597,09:29:46.870,ROI,160,160,256,256,7.88,56.99,14.325,0.0,17.55,657.92,283.62,657.51,283.56,124.06,84.26,0.9264,17.3900,-177.6100,0.0000,0.0000,0.8066,0
598,09:29:46.918,ROI,160,160,256,256,8.72,42.16,19.9,0.0,23.72,656.66,283.02,655.63,283.04,118.38,83.86,0.9409,16.5500,-176.1700,0.0000,0.0000,0.7855,0
599,09:29:47.047,ROI,160,160,256,256,8.87,122.04,3.275,0.0,8.19,649.73,282.09,651.98,282.34,121.58,85.14,0.8722,15.6400,179.9000,0.0000,0.0000,0.7589,0
600,09:29:47.094,ROI,160,160,256,256,7.90,40.41,20.5,0.0,24.75,646.10,282.42,648.13,281.90,120.37,83.82,0.9277,15.7600,178.6000,0.0000,0.0000,0.7179,0
601,09:29:47.158,ROI,160,160,256,256,8.04,57.74,14.075,0.0,17.32,645.44,282.08,645.34,281.44,118.88,83.58,0.9798,14.9000,175.8700,0.0000,0.0000,0.6837,0
602,09:29:47.223,ROI,160,160,256,256,7.99,58.23,14.05,0.0,17.17,640.42,280.53,641.74,280.57,120.11,83.54,0.8872,14.1000,171.4100,0.0000,0.0000,0.6162,0
603,09:29:47.270,ROI,160,160,256,256,8.81,42.38,20.0,0.0,23.60,639.28,281.66,639.11,280.44,119.81,83.52,0.9550,14.1600,174.4900,0.0000,0.0000,0.7111,0
604,09:29:47.334,ROI,160,160,256,256,8.07,55.58,14.35,0.0,17.99,635.00,279.46,635.70,279.64,122.18,82.93,0.8853,15.3400,169.2200,0.0000,0.0000,0.6808,0
605,09:29:47.398,ROI,160,160,256,256,7.95,57.64,14.125,0.0,17.35,632.65,279.40,632.80,279.22,122.78,83.25,0.9587,14.5600,171.1000,0.0000,0.0000,0.6948,0
606,09:29:47.447,ROI,160,160,256,256,8.48,42.45,19.625,42.95,23.56,628.32,279.05,629.29,278.66,122.45,82.10,0.9193,15.7400,170.9300,0.0000,0.0000,0.6327,0
607,09:29:47.576,ROI,160,160,256,256,8.37,123.10,3.25,0.0,8.12,622.69,276.68,624.81,277.51,117.65,81.33,0.8611,14.6200,168.4500,0.0000,0.0000,0.6953,0
608,09:29:47.622,ROI,160,160,256,256,7.98,39.39,10.475,0.0,25.38,619.18,276.11,620.42,276.44,123.01,80.06,0.9295,15.9100,171.7100,0.0000,0.0000,0.7116,0
609,09:29:47.687,ROI,160,160,256,256,7.97,58.08,7.025,0.0,17.22,617.40,275.26,616.73,275.46,122.13,79.18,0.9511,15.3700,168.0100,0.0000,0.0000,0.6827,0
610,09:29:47.751,ROI,160,160,256,256,8.02,57.78,14.075,0.0,17.31,613.13,273.82,612.88,274.18,125.07,78.93,0.9007,15.7600,168.6100,0.0000,0.0000,0.7264,0
611,09:29:47.798,ROI,160,160,256,256,7.86,41.37,20.075,0.0,24.17,609.94,272.71,609.19,272.79,123.73,77.68,0.9242,15.0700,167.0400,0.0000,0.0000,0.7692,0
612,09:29:47.862,ROI,160,160,256,256,9.22,59.01,14.1,0.0,16.95,604.63,271.38,604.94,271.41,127.06,75.97,0.8888,15.2700,167.2200,0.3600,163.9200,0.7933,0
613,09:29:47.926,ROI,160,160,256,256,7.91,56.40,14.45,0.0,17.73,603.92,270.70,602.10,270.22,125.73,76.96,0.9715,14.7400,164.8400,0.0000,0.0000,0.8000,0
614,09:29:48.038,ROI,160,160,256,256,8.33,106.01,3.775,0.0,9.43,597.96,270.40,597.97,269.45,129.65,79.81,0.8792,17.5200,165.5600,0.0000,0.0000,0.8351,0
615,09:29:48.104,ROI,160,160,288,288,11.05,62.27,6.9,0.0,16.06,594.91,268.04,594.27,268.06,128.77,83.74,0.9017,18.0700,163.6600,0.0000,0.0000,0.8708,0
616,09:29:48.151,ROI,160,160,288,288,8.46,38.06,22.175,0.0,26.27,593.15,267.80,591.48,267.13,127.58,86.18,0.9458,17.9700,164.3400,0.0000,0.0000,0.8742,0
617,09:29:48.214,ROI,160,160,256,256,7.99,57.31,14.275,0.0,17.45,587.91,266.89,587.76,266.29,129.06,82.61,0.8849,17.6000,165.9100,0.0000,0.0000,0.7973,0
618,09:29:48.278,ROI,160,160,288,288,9.27,58.49,14.2,0.0,17.10,586.39,267.33,585.16,266.09,128.03,86.80,0.9301,17.8300,163.2400,0.5000,160.5900,0.8362,0
619,09:29:48.326,ROI,160,160,288,288,8.64,41.06,10.275,0.0,24.36,582.76,265.49,582.21,265.41,128.56,88.65,0.9071,17.8900,161.7400,0.0000,0.0000,0.8607,0
620,09:29:48.454,ROI,160,160,288,288,16.44,129.79,3.275,22.475,7.70,578.71,263.16,579.24,264.13,128.95,86.98,0.8920,17.8600,161.3900,0.0000,0.0000,0.8617,0
621,09:29:48.503,ROI,160,160,288,288,7.91,31.63,12.525,0.0,31.62,576.07,261.69,576.25,262.64,125.42,88.25,0.9284,17.8600,158.0700,0.0000,0.0000,0.8182,0
622,09:29:48.566,ROI,160,160,256,256,7.97,56.74,14.3,0.0,17.63,573.41,260.38,573.34,261.10,124.22,88.53,0.9308,18.2200,158.0700,0.0000,0.0000,0.8488,0
623,09:29:48.630,ROI,160,160,256,256,7.94,58.04,14.05,0.0,17.23,570.78,258.78,570.63,259.48,122.80,89.98,0.9254,18.1500,157.9300,0.0000,0.0000,0.8406,0
624,09:29:48.678,ROI,160,160,256,256,9.25,42.76,19.825,0.0,23.38,570.82,257.38,569.09,257.90,118.56,90.00,0.9362,17.2700,155.5800,0.4400,159.2500,0.8551,0
625,09:29:48.742,ROI,160,160,256,256,7.92,56.44,14.45,0.0,17.72,567.33,256.15,567.04,256.37,119.78,90.38,0.9185,16.9100,152.9700,0.0000,0.0000,0.8630,0
626,09:29:48.806,ROI,160,160,256,256,8.52,58.20,14.075,0.0,17.18,565.06,255.33,565.18,255.12,120.19,89.65,0.9458,16.9200,154.2100,0.0000,0.0000,0.8453,0
627,09:29:48.854,ROI,160,160,256,256,7.87,41.07,20.025,0.0,24.35,561.62,253.96,562.74,253.83,121.33,90.24,0.9170,16.7800,151.8700,0.0000,0.0000,0.8691,0
628,09:29:48.982,ROI,160,160,256,256,7.97,121.47,6.55,0.0,8.23,558.38,251.82,560.22,252.16,115.79,90.26,0.9039,15.8600,149.5000,0.0000,0.0000,0.8582,0
629,09:29:49.030,ROI,160,160,256,256,7.93,42.23,0.0,0.0,23.68,557.31,251.40,557.98,250.87,115.95,92.46,0.9585,16.7200,148.4300,0.0000,0.0000,0.8661,0
630,09:29:49.094,ROI,160,160,256,256,9.15,58.84,14.125,0.0,17.00,555.42,250.18,555.75,249.67,117.17,92.51,0.9433,16.8700,147.0900,0.3200,129.8100,0.8617,0
631,09:29:49.158,ROI,160,160,256,256,7.99,56.81,14.375,0.0,17.60,553.94,249.30,554.01,248.66,119.44,94.30,0.9569,16.7100,146.8500,0.0000,0.0000,0.8524,0
632,09:29:49.207,ROI,160,160,256,256,9.81,44.77,19.275,0.0,22.34,550.52,248.92,551.43,247.87,117.79,95.82,0.9294,16.3100,140.2500,0.0000,0.0000,0.8625,0
633,09:29:49.272,ROI,160,160,256,256,7.95,54.76,14.425,0.0,18.26,546.56,247.49,548.35,247.09,116.50,96.98,0.9082,15.8500,139.9900,0.0000,0.0000,0.8570,0
634,09:29:49.334,ROI,160,160,256,256,7.85,55.98,7.3,0.0,17.86,544.85,245.66,545.59,245.84,119.65,95.50,0.9358,16.7900,143.4300,0.0000,0.0000,0.7913,0
635,09:29:49.382,ROI,160,160,256,256,7.81,41.72,19.675,0.0,23.97,544.06,244.84,543.70,244.85,116.78,95.78,0.9598,15.8700,139.6600,0.0000,0.0000,0.8402,0
636,09:29:49.512,ROI,160,160,256,256,7.79,124.30,3.2,0.0,8.05,539.87,241.58,540.91,243.05,113.97,96.51,0.8710,14.7400,139.2300,0.0000,0.0000,0.9120,0
637,09:29:49.560,ROI,160,160,256,256,7.92,41.70,9.925,0.0,23.98,538.87,240.46,538.57,241.31,114.61,98.91,0.9589,15.0800,134.6800,0.0000,0.0000,0.9078,0
638,09:29:49.624,ROI,160,160,256,256,8.31,54.36,7.05,0.0,18.40,535.60,237.87,535.76,239.17,110.83,98.64,0.8967,14.3000,135.5600,0.0000,0.0000,0.9329,0
639,09:29:49.686,ROI,160,160,224,224,7.73,55.20,7.35,0.0,18.12,534.48,237.77,533.70,237.76,106.01,96.68,0.9375,14.6000,135.4800,0.0000,0.0000,0.8362,0
640,09:29:49.736,ROI,160,160,224,224,7.95,44.65,9.3,0.0,22.40,532.07,235.89,531.50,236.12,105.36,100.76,0.9176,14.7900,132.6600,0.0000,0.0000,0.9023,0
641,09:29:49.800,ROI,160,160,224,224,7.95,57.45,14.125,0.0,17.41,531.16,234.41,529.94,234.49,105.84,98.62,0.9544,15.5800,134.2000,0.0000,0.0000,0.8913,0
642,09:29:49.864,ROI,160,160,224,224,8.26,58.47,7.05,0.0,17.10,529.11,231.37,528.13,232.16,103.10,101.09,0.9059,13.1800,130.0400,0.0000,0.0000,0.8891,0
643,09:29:49.912,ROI,160,160,224,224,8.03,41.34,10.025,0.0,24.19,527.88,230.72,526.93,230.38,102.51,99.41,0.9603,12.8300,130.7300,0.0000,0.0000,0.8718,0
644,09:29:50.040,ROI,160,160,224,224,7.81,122.03,3.275,0.0,8.19,524.79,226.72,524.93,227.69,100.32,98.98,0.8699,11.6100,126.2000,0.0000,0.0000,0.8165,0
645,09:29:50.086,ROI,160,160,224,224,7.89,39.59,20.825,0.0,25.26,521.91,224.57,522.57,224.89,96.70,97.73,0.9038,11.4000,127.3600,0.0000,0.0000,0.8246,0
646,09:29:50.152,ROI,160,160,224,224,7.61,59.98,6.775,47.675,16.67,520.23,222.60,520.62,222.28,95.55,95.00,0.9273,10.8500,127.0800,0.0000,0.0000,0.7837,0
647,09:29:50.216,ROI,160,160,192,192,7.85,58.33,6.975,0.0,17.15,518.19,219.70,518.48,219.43,91.55,96.05,0.9021,12.3600,123.2900,0.0000,0.0000,0.8529,0
648,09:29:50.264,ROI,160,160,224,224,7.99,41.94,0.0,0.0,23.84,516.17,218.85,516.53,217.48,94.74,96.14,0.9411,9.8900,120.9300,0.0000,0.0000,0.8122,0
649,09:29:50.328,ROI,160,160,224,224,10.30,60.43,0.0,0.0,16.55,515.27,217.05,515.03,215.70,93.49,96.40,0.9455,9.4300,121.2600,0.0000,0.0000,0.7592,0
650,09:29:50.440,ROI,160,160,224,224,9.87,105.83,7.725,0.0,9.45,512.96,214.24,513.16,213.56,91.35,94.74,0.8979,10.9400,116.4200,0.0000,0.0000,0.7859,0
651,09:29:50.502,ROI,160,160,192,192,8.33,52.42,15.25,0.0,19.08,511.52,212.00,511.43,211.43,86.59,91.87,0.9038,10.4500,117.0500,0.0000,0.0000,0.8093,0
652,09:29:50.566,ROI,160,160,192,192,9.28,58.93,14.15,0.0,16.97,510.90,210.75,510.14,209.75,87.88,92.26,0.9592,11.7000,116.6800,0.0000,0.0000,0.8214,0
653,09:29:50.615,ROI,160,160,192,192,8.81,42.32,19.875,0.0,23.63,509.15,207.34,508.65,207.47,83.87,91.54,0.8874,10.9100,116.0400,0.0000,0.0000,0.8107,0
654,09:29:50.681,ROI,160,160,192,192,10.38,60.92,13.95,0.0,16.42,507.66,206.20,507.42,205.66,83.00,89.59,0.9412,9.9400,112.3900,0.0000,0.0000,0.7840,0
655,09:29:50.743,ROI,160,160,192,192,9.32,55.64,15.1,0.0,17.97,504.79,203.66,505.54,203.64,84.20,90.36,0.8841,9.2500,111.2700,0.0000,0.0000,0.7472,0
656,09:29:50.792,ROI,160,160,192,192,8.11,40.75,20.25,0.0,24.54,504.73,202.03,504.43,201.88,84.85,92.83,0.9577,10.6800,111.4400,0.0000,0.0000,0.8001,0
657,09:29:50.920,ROI,160,160,192,192,9.73,123.57,6.55,0.0,8.09,503.20,199.64,503.15,199.93,84.50,90.86,0.9162,11.4700,106.8500,0.0000,0.0000,0.8310,0
658,09:29:50.966,ROI,160,160,192,192,8.20,37.42,10.9,0.0,26.72,501.21,196.41,501.49,197.36,82.98,91.36,0.8899,11.3800,104.7800,0.0000,0.0000,0.8748,0
659,09:29:51.030,ROI,160,160,192,192,16.78,66.72,7.075,22.375,14.99,500.05,195.03,500.07,195.23,86.17,91.98,0.9348,12.6700,105.1500,0.0000,0.0000,0.8853,0
660,09:29:51.094,ROI,160,160,192,192,8.10,44.24,8.375,0.0,22.61,498.64,193.22,498.71,193.18,86.78,92.96,0.9315,11.0000,103.8600,0.0000,0.0000,0.8434,0
661,09:29:51.142,ROI,160,160,192,192,8.70,42.78,19.85,0.0,23.37,498.78,191.99,498.14,191.48,86.27,93.04,0.9681,11.0600,102.4400,0.0000,0.0000,0.8387,0
662,09:29:51.208,ROI,160,160,192,192,9.68,60.48,13.8,0.0,16.54,499.33,190.29,498.17,189.93,84.96,92.12,0.9495,11.2700,101.9100,0.0000,0.0000,0.8487,0
663,09:29:51.273,ROI,160,160,192,192,8.81,57.53,14.35,0.0,17.38,497.81,187.00,497.64,187.75,82.85,92.59,0.8992,11.3100,102.8200,0.0000,0.0000,0.8734,0
664,09:29:51.320,ROI,160,160,192,192,9.79,42.36,20.625,0.0,23.61,498.78,185.48,497.84,185.79,83.40,92.84,0.9458,11.2400,100.2900,0.0000,0.0000,0.8501,0
665,09:29:51.447,ROI,160,160,192,192,9.78,120.28,6.675,37.525,8.31,496.68,180.78,497.44,182.77,81.35,90.72,0.8596,11.9600,95.7600,0.0000,0.0000,0.8321,0
666,09:29:51.494,ROI,160,160,192,192,8.17,37.18,10.8,0.0,26.89,495.03,179.24,496.40,180.04,84.60,91.87,0.9296,11.6900,96.3800,0.0000,0.0000,0.8322,0
667,09:29:51.560,ROI,160,160,192,192,9.70,60.66,13.675,0.0,16.49,496.63,178.33,496.47,177.96,83.50,92.92,0.9441,11.3200,95.2400,0.0000,0.0000,0.8149,0
668,09:29:51.622,ROI,160,160,192,192,10.49,56.48,14.925,0.0,17.71,495.77,173.81,496.13,174.72,83.57,93.37,0.8899,12.0200,96.4800,0.0000,0.0000,0.8140,0
669,09:29:51.672,ROI,160,160,192,192,10.26,41.75,20.35,0.0,23.95,495.55,172.93,495.89,172.39,82.57,89.32,0.9452,12.0400,94.8700,0.0000,0.0000,0.8218,0
670,09:29:51.736,ROI,160,160,192,192,9.62,56.78,14.775,0.0,17.61,494.83,170.21,495.39,169.89,84.70,89.59,0.9181,11.9500,94.9800,0.0000,0.0000,0.8663,0
671,09:29:51.800,ROI,160,160,192,192,9.40,56.16,14.45,0.0,17.81,494.48,167.76,494.99,167.47,85.37,86.78,0.9383,11.6900,92.6100,0.0000,0.0000,0.8822,0
672,09:29:51.848,ROI,160,160,192,192,9.31,41.29,20.7,0.0,24.22,494.64,164.94,494.80,164.80,85.13,85.54,0.9333,11.5400,91.6200,0.0000,0.0000,0.8990,0
673,09:29:51.974,ROI,160,160,192,192,9.76,121.02,6.7,0.0,8.26,494.83,161.48,494.91,161.95,86.17,86.29,0.9119,12.5700,90.6600,0.0000,0.0000,0.9249,0
674,09:29:52.024,ROI,160,160,192,192,8.04,40.31,20.0,0.0,24.81,495.24,160.11,495.17,159.54,84.67,85.54,0.9520,12.7200,92.5400,0.0000,0.0000,0.8851,0
675,09:29:52.088,ROI,160,160,192,192,8.31,58.24,14.075,0.0,17.17,495.62,158.94,495.47,157.67,84.85,85.22,0.9643,12.6700,90.3600,0.0000,0.0000,0.9132,0
676,09:29:52.153,ROI,160,160,192,192,11.67,62.15,13.925,31.675,16.09,496.94,156.73,496.26,155.80,82.25,86.17,0.9209,13.8200,91.1400,0.0000,0.0000,0.9065,0
677,09:29:52.198,ROI,160,160,192,192,8.04,35.23,11.875,0.0,28.38,496.95,156.06,496.82,154.44,84.06,88.14,0.9566,14.3600,86.7100,0.0000,0.0000,0.9289,0
678,09:29:52.263,ROI,160,160,192,192,9.31,59.30,13.95,0.0,16.86,496.35,153.68,496.91,152.95,82.79,88.67,0.9337,15.4300,85.6200,0.0000,0.0000,0.9175,0
679,09:29:52.327,ROI,160,160,192,192,9.03,57.96,7.175,0.0,17.25,496.72,153.40,497.14,152.17,83.02,88.74,0.9847,14.6300,86.4500,0.0000,0.0000,0.9296,0
680,09:29:52.440,ROI,160,160,192,192,10.12,108.00,7.525,0.0,9.26,496.31,149.81,497.01,150.42,83.16,89.26,0.9138,16.6800,83.5400,0.0000,0.0000,0.8862,0
681,09:29:52.506,ROI,160,160,192,192,17.58,66.50,14.35,21.175,15.04,497.54,147.96,497.35,148.66,87.31,90.65,0.9146,15.5000,84.2400,0.0000,0.0000,0.9198,0
682,09:29:52.550,ROI,160,160,192,192,8.86,29.03,14.95,0.0,34.45,497.60,147.32,497.68,147.48,86.96,90.60,0.9822,15.4000,82.3100,0.0000,0.0000,0.8934,0
683,09:29:52.614,ROI,160,160,192,192,9.89,58.59,7.2,0.0,17.07,497.79,144.23,497.98,145.50,86.88,89.90,0.9297,17.5000,81.5500,0.0000,0.0000,0.8884,0
684,09:29:52.680,ROI,160,160,192,192,10.21,60.23,14.0,0.0,16.60,498.26,142.44,498.38,143.61,87.60,89.22,0.9508,17.8700,80.3000,0.0000,0.0000,0.8918,0
685,09:29:52.728,ROI,160,160,192,192,8.91,40.33,21.1,0.0,24.80,499.31,139.91,498.94,141.37,86.87,88.61,0.9229,17.6100,80.3300,0.0000,0.0000,0.8529,0
686,09:29:52.857,ROI,160,160,192,192,8.04,121.56,6.55,0.0,8.23,503.15,135.65,501.04,138.20,86.29,88.69,0.8343,17.0700,81.3100,0.0000,0.0000,0.8968,0
687,09:29:52.905,ROI,160,160,192,192,7.69,40.98,9.9,0.0,24.40,503.84,134.93,502.86,135.75,82.02,85.32,0.9144,15.3500,80.0800,0.0000,0.0000,0.8023,0
688,09:29:52.968,ROI,160,160,192,192,7.79,57.28,7.1,0.0,17.46,504.51,133.48,504.35,133.45,80.63,84.46,0.9503,15.6500,79.4400,0.0000,0.0000,0.8010,0
689,09:29:53.033,ROI,160,160,192,192,8.74,59.36,0.0,0.0,16.85,506.10,131.27,505.95,131.09,82.82,85.01,0.9137,14.8400,79.8400,0.0000,0.0000,0.8205,0
690,09:29:53.079,ROI,160,160,192,192,8.99,40.43,20.975,0.0,24.73,505.95,129.72,506.82,128.96,86.66,86.39,0.9220,15.7600,75.1700,0.0000,0.0000,0.8882,0
691,09:29:53.144,ROI,160,160,192,192,7.77,57.34,14.1,0.0,17.44,509.33,127.58,508.71,126.88,82.07,85.34,0.8796,17.0700,75.5700,0.0000,0.0000,0.8493,0
692,09:29:53.208,ROI,160,160,192,192,8.90,59.02,14.075,0.0,16.94,509.90,125.93,510.28,125.06,81.41,84.22,0.9487,16.7000,74.4400,0.0000,0.0000,0.9196,0
693,09:29:53.257,ROI,160,160,192,192,11.22,44.75,19.8,0.0,22.35,510.91,124.14,511.59,123.26,79.30,83.47,0.9336,17.5500,74.2000,0.0000,0.0000,0.9044,0
694,09:29:53.384,ROI,160,160,192,192,8.67,118.21,6.775,0.0,8.46,512.88,121.59,513.34,121.33,81.46,83.17,0.8969,16.2500,73.3100,0.0000,0.0000,0.9023,0
695,09:29:53.432,ROI,160,160,192,192,8.44,41.35,20.225,0.0,24.18,514.84,119.75,515.15,119.28,82.30,82.02,0.9127,17.1700,71.6100,0.0000,0.0000,0.8782,0
696,09:29:53.496,ROI,160,160,192,192,8.73,57.21,14.2,0.0,17.48,517.41,117.34,517.16,117.14,81.19,79.98,0.8864,16.2700,70.3100,0.0000,0.0000,0.8309,0
697,09:29:53.560,ROI,160,160,192,192,8.58,57.80,14.25,0.0,17.30,518.93,115.98,519.20,115.50,81.71,81.00,0.9317,17.7100,68.7400,0.0000,0.0000,0.8279,0
698,09:29:53.624,ROI,160,160,192,192,11.18,59.77,7.15,0.0,16.73,519.76,114.45,520.75,113.84,80.72,80.86,0.9437,16.8400,69.6200,0.0000,0.0000,0.8698,0
699,09:29:53.672,ROI,160,160,192,192,8.30,38.86,10.7,0.0,25.73,521.88,113.23,522.50,112.60,80.16,80.00,0.9211,16.4300,70.4700,0.0000,0.0000,0.8694,0
700,09:29:53.736,ROI,160,160,192,192,8.43,57.30,14.25,0.0,17.45,522.98,111.22,523.91,111.20,83.58,80.69,0.9131,17.3200,66.8000,0.0000,0.0000,0.8229,0
701,09:29:53.800,ROI,160,160,192,192,8.39,57.41,14.2,0.0,17.42,524.39,110.29,525.16,110.14,83.48,81.46,0.9452,17.5800,66.5100,0.0000,0.0000,0.8478,0
702,09:29:53.848,ROI,160,160,192,192,8.35,41.23,20.2,43.8,24.26,525.63,108.13,526.27,108.72,86.22,79.55,0.9187,17.7300,62.4700,0.0000,0.0000,0.8918,0
703,09:29:53.959,ROI,160,160,192,192,8.32,105.55,3.8,0.0,9.47,527.48,106.00,527.52,106.89,89.20,81.16,0.9098,17.4900,61.5700,0.0000,0.0000,0.9031,0
704,09:29:54.024,ROI,160,160,192,192,8.51,57.99,14.0,0.0,17.24,528.90,104.56,528.74,105.15,90.36,80.89,0.9357,17.7000,61.3800,0.0000,0.0000,0.8828,0
705,09:29:54.087,ROI,160,160,192,192,9.34,57.87,14.45,0.0,17.28,529.98,104.19,529.82,103.96,91.99,81.38,0.9678,17.1600,61.3300,0.0000,0.0000,0.8964,0
706,09:29:54.152,ROI,160,160,192,192,8.37,55.82,14.225,43.75,17.92,533.28,101.50,531.87,102.12,94.58,79.08,0.8735,17.2000,57.3200,0.0000,0.0000,0.9034,0
707,09:29:54.200,ROI,160,160,192,192,8.22,41.97,9.975,0.0,23.83,533.64,100.76,533.36,100.73,95.52,79.67,0.9719,17.2400,53.7900,0.0000,0.0000,0.8869,0
708,09:29:54.264,ROI,160,160,192,192,7.88,57.36,7.075,0.0,17.43,535.50,99.12,534.99,99.17,93.49,77.58,0.9227,17.3100,56.0300,0.0000,0.0000,0.9031,0
709,09:29:54.310,ROI,160,160,192,192,8.26,39.94,10.525,0.0,25.04,537.12,98.10,536.70,97.98,94.67,76.58,0.9411,17.1500,53.8500,0.0000,0.0000,0.8772,0
710,09:29:54.440,ROI,160,160,192,192,8.28,123.40,6.45,0.0,8.10,541.50,95.83,539.52,96.26,95.09,76.57,0.8615,16.8700,50.3800,0.0000,0.0000,0.8753,0
711,09:29:54.504,ROI,160,160,192,192,8.31,57.80,14.15,0.0,17.30,543.98,94.08,542.52,94.45,98.38,76.00,0.9086,16.6200,46.8600,0.0000,0.0000,0.8524,0
712,09:29:54.550,ROI,160,160,224,224,8.68,40.09,21.0,0.0,24.95,545.24,94.77,545.03,93.77,95.75,75.32,0.9559,17.7400,40.8400,0.0000,0.0000,0.8305,0
713,09:29:54.614,ROI,160,160,192,192,8.18,57.48,14.275,0.0,17.40,547.52,92.05,547.50,92.35,101.14,77.44,0.8827,15.7300,45.0700,0.0000,0.0000,0.8591,0
714,09:29:54.680,ROI,160,160,224,224,8.01,59.05,13.75,0.0,16.93,548.44,92.15,549.32,91.63,97.36,74.47,0.9257,16.1000,36.6600,0.0000,0.0000,0.7914,0
715,09:29:54.729,ROI,160,160,224,224,9.15,44.62,19.175,0.0,22.41,552.24,91.49,551.82,91.07,99.81,73.96,0.9102,17.9100,36.5100,0.0000,0.0000,0.7871,0
716,09:29:54.840,ROI,160,160,224,224,9.14,104.14,7.75,0.0,9.60,554.06,90.06,554.34,90.05,99.86,75.60,0.9287,15.9100,35.6300,0.3600,62.2500,0.7909,0
717,09:29:54.904,ROI,160,160,224,224,9.51,58.25,14.35,0.0,17.17,557.19,88.80,557.18,89.00,99.82,74.17,0.9090,14.7700,35.1600,0.9000,54.0900,0.7371,0
718,09:29:54.968,ROI,160,160,224,224,9.36,56.95,7.25,0.0,17.56,556.89,87.70,558.77,87.97,101.16,74.89,0.9580,15.9400,33.0500,1.1700,44.3400,0.8264,0
719,09:29:55.032,ROI,160,160,224,224,9.83,58.37,7.225,0.0,17.13,559.92,86.17,560.86,86.70,103.53,75.33,0.9059,15.6400,33.9400,0.7700,46.2700,0.8159,0
720,09:29:55.082,ROI,160,160,224,224,11.87,46.44,19.7,0.0,21.53,560.61,85.36,562.14,85.61,102.93,74.86,0.9657,14.8200,33.1800,0.0000,0.0000,0.8207,0
721,09:29:55.142,ROI,160,160,224,224,8.08,44.95,16.5,0.0,22.25,564.79,83.80,564.59,84.31,103.22,73.37,0.8857,15.2700,33.4500,0.0000,0.0000,0.8258,0
722,09:29:55.192,ROI,160,160,224,224,7.86,43.11,18.9,0.0,23.20,566.00,83.64,566.48,83.46,103.88,71.74,0.9553,14.8600,29.6300,0.0000,0.0000,0.8213,0
723,09:29:55.320,ROI,160,160,224,224,7.75,121.39,6.525,0.0,8.24,571.35,82.57,569.65,82.60,104.76,69.68,0.8771,16.0400,25.7800,0.0000,0.0000,0.8125,0
724,09:29:55.383,ROI,160,160,224,224,7.78,55.72,14.475,0.0,17.95,574.32,81.66,572.88,81.70,105.27,70.04,0.9213,15.8200,25.2900,0.0000,0.0000,0.7690,0
725,09:29:55.433,ROI,160,160,224,224,7.72,43.45,18.775,0.0,23.02,574.36,81.03,574.91,80.93,100.90,70.63,0.9420,15.0700,27.1200,0.0000,0.0000,0.7510,0
726,09:29:55.496,ROI,160,160,224,224,8.43,55.86,7.125,43.625,17.90,578.17,79.70,577.68,79.88,102.93,69.54,0.8947,18.1300,26.5500,0.0000,0.0000,0.8782,0
727,09:29:55.543,ROI,160,160,224,224,7.97,40.47,0.0,0.0,24.71,580.09,79.79,580.19,79.28,103.95,69.68,0.9614,17.7300,24.9800,0.0000,0.0000,0.8565,0
728,09:29:55.607,ROI,160,160,224,224,7.98,57.54,14.025,0.0,17.38,584.21,79.20,583.34,78.74,105.46,70.14,0.9093,17.5500,23.2900,0.0000,0.0000,0.8938,0
729,09:29:55.671,ROI,160,160,224,224,8.47,57.37,7.1,0.0,17.43,585.15,78.48,585.76,78.21,105.56,70.11,0.9628,13.6500,21.4000,0.0000,0.0000,0.8682,0
730,09:29:55.721,ROI,160,160,224,224,8.52,43.60,9.55,0.0,22.94,587.24,77.90,588.00,77.69,105.06,70.31,0.9454,14.2300,22.6000,0.0000,0.0000,0.8722,0
731,09:29:55.847,ROI,160,160,224,224,7.86,119.19,6.675,0.0,8.39,592.03,77.43,591.27,77.31,104.45,71.04,0.9013,15.8600,20.9100,0.0000,0.0000,0.9079,0
732,09:29:55.911,ROI,160,160,224,224,7.85,57.08,14.125,0.0,17.52,593.16,76.78,593.76,76.86,105.83,70.03,0.9608,13.2300,19.7500,0.0000,0.0000,0.8695,0
733,09:29:55.959,ROI,160,160,224,224,8.25,42.06,19.7,0.0,23.78,595.55,76.55,596.22,76.48,105.31,70.64,0.9477,13.1700,20.1600,0.0000,0.0000,0.8592,0
734,09:29:56.023,ROI,160,160,224,224,8.01,57.20,14.2,0.0,17.48,597.70,76.05,598.49,76.07,106.85,70.20,0.9469,14.7700,18.7500,0.0000,0.0000,0.9101,0
735,09:29:56.071,ROI,160,160,224,224,9.03,42.75,19.75,0.0,23.39,599.91,75.64,600.59,75.80,106.72,70.24,0.9486,13.8700,19.9900,0.0000,0.0000,0.8768,0
736,09:29:56.136,ROI,160,160,224,224,8.19,57.63,14.125,0.0,17.35,602.49,74.91,602.93,75.29,106.51,68.99,0.9336,14.7000,19.0800,0.0000,0.0000,0.8897,0
737,09:29:56.201,ROI,160,160,224,224,8.23,58.41,13.825,0.0,17.12,602.90,75.11,604.28,75.12,107.31,68.12,0.9800,13.9600,17.5700,0.0000,0.0000,0.8833,0
738,09:29:56.247,ROI,160,160,224,224,8.60,39.82,10.55,0.0,25.11,606.86,74.44,606.44,74.78,104.24,66.42,0.9050,15.0100,14.6400,0.0000,0.0000,0.9359,0
739,09:29:56.376,ROI,160,160,224,224,8.34,122.38,6.5,0.0,8.17,611.52,73.78,609.46,74.35,103.49,64.97,0.8951,15.4900,11.4500,0.0000,0.0000,0.9414,0
740,09:29:56.425,ROI,160,160,224,224,7.50,40.86,19.775,0.0,24.47,612.54,73.84,611.93,74.01,106.54,64.89,0.9697,13.5800,10.8100,0.0000,0.0000,0.8759,0
741,09:29:56.488,ROI,160,160,224,224,7.51,56.54,14.225,0.0,17.69,614.32,73.93,614.20,73.74,105.04,65.14,0.9632,13.5100,10.6200,0.0000,0.0000,0.8731,0
742,09:29:56.553,ROI,160,160,224,224,9.48,60.81,6.875,38.2,16.44,618.58,73.88,617.24,73.71,102.12,64.15,0.9074,14.6400,6.3300,0.0000,0.0000,0.9020,0
743,09:29:56.601,ROI,160,160,224,224,7.33,37.14,10.375,0.0,26.92,618.56,73.51,619.17,73.42,103.71,63.08,0.9685,12.0700,5.3600,0.0000,0.0000,0.8459,0
744,09:29:56.664,ROI,160,160,224,224,8.43,58.43,0.0,0.0,17.12,622.51,73.56,621.74,73.32,104.69,63.76,0.9175,13.1300,3.8500,0.0000,0.0000,0.8429,0
745,09:29:56.728,ROI,160,160,224,224,7.39,55.97,14.35,0.0,17.87,623.71,73.28,623.94,73.23,103.36,61.40,0.9413,12.2300,3.3800,0.0000,0.0000,0.8280,0
746,09:29:56.840,ROI,160,160,224,224,7.39,105.59,7.5,0.0,9.47,629.40,72.86,627.61,73.02,102.63,63.04,0.8733,13.3500,4.9200,0.0000,0.0000,0.8940,0
747,09:29:56.905,ROI,160,160,224,224,7.42,58.96,13.575,0.0,16.96,632.81,72.73,631.60,72.85,101.58,63.94,0.9227,12.7500,-0.1600,0.0000,0.0000,0.8343,0
748,09:29:56.953,ROI,160,160,224,224,7.40,28.26,0.0,0.0,35.38,633.54,72.81,634.32,72.80,101.67,64.05,0.9831,11.8900,0.1300,0.0000,0.0000,0.8195,0
749,09:29:57.015,ROI,160,160,224,224,7.81,53.00,7.175,0.0,18.87,637.86,72.52,637.78,72.64,100.91,64.18,0.9102,12.6200,-0.5500,0.0000,0.0000,0.8210,0
750,09:29:57.080,ROI,160,160,224,224,7.40,57.57,13.875,0.0,17.37,638.41,73.33,639.95,72.91,99.54,63.20,0.9616,11.9200,-0.9700,0.0000,0.0000,0.7810,0
751,09:29:57.129,ROI,160,160,224,224,7.50,39.37,19.0,0.0,25.40,642.94,73.05,643.06,72.95,99.29,63.77,0.9050,12.4800,-0.8600,0.0000,0.0000,0.8161,0
