frame_id,timestamp,mode,input_width,input_height,roi_w,roi_h,inf_time_ms,end_to_end_time_ms,cpu_load_pct,end_to_end_cpu_load_pct,fps,x_center,y_center,width,height,vector_magnitude,angle,best_conf,tracking_lost
542,11:59:35.709,ROI,160,160,256,256,9.37,9.81,0.0,0.0,101.97,708.32,201.00,116.95,83.00,0.8828,0.0000,0.8828,0
543,11:59:35.742,ROI,160,160,256,256,9.72,10.41,0.0,0.0,96.10,708.50,200.45,115.20,82.70,0.8604,0.0000,0.8604,0
544,11:59:35.789,ROI,160,160,256,256,9.11,9.47,0.0,0.0,105.57,709.45,200.85,114.70,82.70,0.8887,0.0000,0.8887,0
545,11:59:35.820,ROI,160,160,256,256,8.48,8.82,0.0,0.0,113.38,709.03,200.65,116.15,82.50,0.8843,0.0000,0.8843,0
546,11:59:35.852,ROI,160,160,256,256,8.62,8.99,0.0,0.0,111.27,708.90,200.80,116.20,82.80,0.8906,0.0000,0.8906,0
547,11:59:35.886,ROI,160,160,256,256,8.24,8.65,0.0,0.0,115.59,709.53,201.05,114.15,82.70,0.8926,0.0000,0.8926,0
548,11:59:35.948,ROI,160,160,256,256,7.44,7.78,0.0,0.0,128.47,708.40,200.95,116.60,82.70,0.8770,0.0000,0.8770,0
549,11:59:35.981,ROI,160,160,256,256,7.21,7.54,0.0,0.0,132.61,709.60,200.95,114.00,82.50,0.8887,0.0000,0.8887,0
550,11:59:35.995,ROI,160,160,256,256,8.50,8.82,0.0,0.0,113.34,709.25,200.68,115.70,82.65,0.8789,0.0000,0.8789,0
551,11:59:36.012,ROI,160,160,256,256,8.35,8.77,0.0,44.55,114.04,709.07,200.60,115.45,83.00,0.8843,0.0000,0.8843,0
552,11:59:36.044,ROI,160,160,256,256,8.08,8.49,0.0,0.0,117.80,709.30,200.43,115.40,82.75,0.8872,0.0000,0.8872,0
553,11:59:36.077,ROI,160,160,256,256,7.61,8.04,0.0,0.0,124.35,709.20,200.45,116.00,82.90,0.8799,0.0000,0.8799,0
554,11:59:36.125,ROI,160,160,256,256,7.35,7.74,9.75,0.0,129.15,709.10,200.52,116.20,82.95,0.8804,0.0000,0.8804,0
555,11:59:36.157,ROI,160,160,256,256,7.26,7.67,0.0,0.0,130.36,709.17,200.48,115.85,82.85,0.8906,0.0000,0.8906,0
556,11:59:36.188,ROI,160,160,256,256,7.29,7.64,0.0,0.0,130.81,709.05,200.48,116.10,83.05,0.8813,0.0000,0.8813,0
557,11:59:36.222,ROI,160,160,256,256,7.07,7.42,0.0,0.0,134.69,709.05,200.48,116.10,83.05,0.8813,0.0000,0.8813,0
558,11:59:36.252,ROI,160,160,256,256,7.27,7.61,17.175,0.0,131.33,708.90,200.40,116.60,83.00,0.8813,0.0000,0.8813,0
559,11:59:36.284,ROI,160,160,256,256,7.55,8.01,0.0,0.0,124.88,709.22,200.85,115.15,83.30,0.8975,0.0000,0.8975,0
560,11:59:36.317,ROI,160,160,256,256,8.13,8.47,0.0,46.125,118.08,709.15,200.67,116.10,83.05,0.8799,0.0000,0.8799,0
561,11:59:36.348,ROI,160,160,256,256,8.19,8.60,0.0,45.4,116.22,709.20,200.62,115.80,83.15,0.8833,0.0000,0.8833,0
562,11:59:36.381,ROI,160,160,256,256,7.95,8.29,0.0,0.0,120.69,709.25,200.58,115.50,83.25,0.8750,0.0000,0.8750,0
563,11:59:36.414,ROI,160,160,256,256,7.25,7.67,0.0,0.0,130.42,709.25,200.58,115.50,83.25,0.8750,0.0000,0.8750,0
564,11:59:36.460,ROI,160,160,256,256,8.11,8.57,0.0,0.0,116.72,709.33,200.75,115.35,82.90,0.8896,0.0000,0.8896,0
565,11:59:36.493,ROI,160,160,256,256,7.93,8.69,0.0,0.0,115.06,709.10,200.80,115.40,82.80,0.8687,0.0000,0.8687,0
566,11:59:36.524,ROI,160,160,256,256,8.02,8.37,0.0,0.0,119.54,709.05,200.70,115.50,82.80,0.8867,0.0000,0.8867,0
567,11:59:36.557,ROI,160,160,256,256,8.17,8.60,0.0,0.0,116.31,708.97,200.65,116.05,83.10,0.8804,0.0000,0.8804,0
568,11:59:36.589,ROI,160,160,256,256,8.11,8.45,0.0,46.225,118.30,709.40,201.00,114.80,83.20,0.8975,0.0000,0.8975,0
569,11:59:36.620,ROI,160,160,256,256,8.53,8.93,0.0,0.0,111.95,708.22,200.95,117.55,83.50,0.8760,0.0000,0.8760,0
570,11:59:36.652,ROI,160,160,256,256,8.22,8.55,0.0,0.0,116.94,709.20,201.00,114.80,83.20,0.8965,0.0000,0.8965,0
571,11:59:36.684,ROI,160,160,256,256,8.46,8.88,0.0,0.0,112.60,708.00,200.95,117.60,83.30,0.8721,0.0000,0.8721,0
572,11:59:36.716,ROI,160,160,256,256,7.77,8.17,0.0,0.0,122.33,709.45,201.15,114.30,82.90,0.8945,0.0000,0.8945,0
573,11:59:36.748,ROI,160,160,256,256,7.17,7.62,0.0,0.0,131.30,708.55,201.05,116.90,83.10,0.8750,0.0000,0.8750,0
574,11:59:36.780,ROI,160,160,256,256,7.95,8.28,0.0,0.0,120.79,708.85,200.80,114.90,82.60,0.8716,0.0000,0.8716,0
575,11:59:36.813,ROI,160,160,256,256,8.48,8.94,0.0,0.0,111.82,709.68,201.02,114.05,82.95,0.9062,0.0000,0.9062,0
576,11:59:36.860,ROI,160,160,256,256,7.53,7.89,0.0,0.0,126.77,708.50,200.90,116.60,83.00,0.8789,0.0000,0.8789,0
577,11:59:36.893,ROI,160,160,256,256,8.15,8.49,0.0,0.0,117.79,709.65,200.80,114.30,83.20,0.9077,0.0000,0.9077,0
578,11:59:36.925,ROI,160,160,256,256,7.61,7.95,0.0,0.0,125.86,708.83,200.62,116.35,82.95,0.8828,0.0000,0.8828,0
579,11:59:36.958,ROI,160,160,256,256,7.95,8.38,0.0,0.0,119.32,709.38,200.90,114.85,82.80,0.8984,0.0000,0.8984,0
580,11:59:36.989,ROI,160,160,256,256,8.46,8.80,0.0,0.0,113.58,708.88,200.60,116.25,82.60,0.8721,0.0000,0.8721,0
581,11:59:37.020,ROI,160,160,256,256,8.38,8.79,0.0,44.45,113.80,709.35,201.00,114.50,82.60,0.8911,0.0000,0.8911,0
582,11:59:37.053,ROI,160,160,256,256,8.96,9.38,0.0,0.0,106.58,708.15,200.75,116.90,83.30,0.8672,0.0000,0.8672,0
583,11:59:37.084,ROI,160,160,256,256,8.54,8.92,0.0,0.0,112.17,709.30,200.95,114.60,82.90,0.9004,0.0000,0.9004,0
584,11:59:37.117,ROI,160,160,256,256,7.22,7.57,0.0,51.6,132.05,709.05,200.62,115.90,82.95,0.8799,0.0000,0.8799,0
585,11:59:37.149,ROI,160,160,256,256,8.13,8.54,0.0,45.75,117.12,709.05,200.55,115.90,82.90,0.8706,0.0000,0.8706,0
586,11:59:37.180,ROI,160,160,256,256,7.39,7.76,0.0,50.325,128.83,708.92,200.68,115.35,82.85,0.8804,0.0000,0.8804,0
587,11:59:37.212,ROI,160,160,256,256,8.31,8.75,0.0,44.65,114.27,709.47,200.95,113.65,82.90,0.8911,0.0000,0.8911,0
588,11:59:37.260,ROI,160,160,256,256,8.09,8.44,0.0,0.0,118.53,708.95,200.62,115.30,83.15,0.8706,0.0000,0.8706,0
589,11:59:37.292,ROI,160,160,256,256,7.96,8.31,0.0,0.0,120.38,709.50,201.08,113.80,83.05,0.8960,0.0000,0.8960,0
590,11:59:37.325,ROI,160,160,256,256,8.60,8.93,0.0,0.0,112.02,708.15,200.95,116.70,83.70,0.8760,0.0000,0.8760,0
591,11:59:37.357,ROI,160,160,256,256,7.90,8.32,0.0,0.0,120.14,709.35,201.05,114.10,82.70,0.8926,0.0000,0.8926,0
592,11:59:37.388,ROI,160,160,256,256,7.91,8.23,0.0,0.0,121.45,708.20,201.00,117.00,83.20,0.8833,0.0000,0.8833,0
593,11:59:37.422,ROI,160,160,256,256,10.31,10.77,0.0,0.0,92.82,708.75,200.82,115.30,82.35,0.8716,0.0000,0.8716,0
594,11:59:37.453,ROI,160,160,256,256,9.23,9.63,19.75,0.0,103.86,709.45,201.10,114.30,83.00,0.8828,0.0000,0.8828,0
595,11:59:37.485,ROI,160,160,256,256,7.93,8.43,0.0,0.0,118.64,708.78,200.80,116.85,84.00,0.8833,0.0000,0.8833,0
596,11:59:37.518,ROI,160,160,256,256,7.15,7.51,0.0,0.0,133.10,710.10,200.75,114.20,82.70,0.8911,0.0000,0.8911,0
597,11:59:37.548,ROI,160,160,256,256,8.26,8.63,0.0,0.0,115.90,710.55,200.50,115.30,82.60,0.8833,0.0000,0.8833,0
598,11:59:37.580,ROI,160,160,256,256,7.80,8.14,16.8,0.0,122.85,711.15,200.75,114.50,81.10,0.8906,0.0000,0.8906,0
599,11:59:37.628,ROI,160,160,256,256,8.64,9.05,0.0,0.0,110.48,711.10,201.00,114.60,82.20,0.8662,0.0000,0.8662,0
600,11:59:37.660,ROI,160,160,256,256,27.45,27.92,0.0,0.0,35.81,711.35,200.50,115.30,81.60,0.9004,0.0000,0.9004,0
601,11:59:37.694,ROI,160,160,256,256,21.97,22.50,0.0,0.0,44.44,712.05,200.98,114.30,81.85,0.8750,0.0000,0.8750,0
602,11:59:37.725,ROI,160,160,256,256,25.07,25.59,103.175,0.0,39.08,712.75,201.00,114.50,82.60,0.8843,0.0000,0.8843,0
603,11:59:37.757,ROI,160,160,256,256,12.50,12.97,0.0,30.125,77.08,712.60,200.70,116.00,82.20,0.8428,0.0000,0.8428,0
604,11:59:37.789,ROI,160,160,256,256,16.99,17.43,0.0,0.0,57.38,713.50,201.25,116.20,82.70,0.8613,0.0000,0.8613,0
605,11:59:37.820,ROI,160,160,256,256,7.80,8.24,0.0,0.0,121.35,714.10,200.77,115.40,80.85,0.8472,0.0000,0.8472,0
606,11:59:37.852,ROI,160,160,256,256,7.70,8.05,0.0,0.0,124.20,714.40,201.38,116.00,82.25,0.8774,0.0000,0.8774,0
607,11:59:37.884,ROI,160,160,256,256,6.64,7.11,0.0,0.0,140.63,714.60,201.02,116.20,81.55,0.8462,0.0000,0.8462,0
608,11:59:37.916,ROI,160,160,256,256,8.01,8.35,0.0,0.0,119.76,716.83,200.90,114.75,81.40,0.9014,0.0000,0.9014,0
609,11:59:37.965,ROI,160,160,256,256,8.82,9.39,0.0,0.0,106.49,718.35,201.55,114.50,83.50,0.8213,0.0000,0.8213,0
610,11:59:37.996,ROI,160,160,256,256,8.31,8.69,0.0,44.925,115.03,718.45,201.55,113.50,82.50,0.8081,0.0000,0.8081,0
611,11:59:38.028,ROI,160,160,256,256,8.21,8.77,0.0,0.0,113.99,719.60,202.10,115.20,83.40,0.7827,0.0000,0.7827,0
612,11:59:38.063,ROI,160,160,256,256,7.06,7.39,0.0,0.0,135.23,720.65,201.40,114.70,82.60,0.8115,0.0000,0.8115,0
613,11:59:38.092,ROI,160,160,256,256,7.45,7.95,18.125,0.0,125.79,720.97,202.20,114.05,81.60,0.7358,0.0000,0.7358,0
614,11:59:38.125,ROI,160,160,256,256,7.99,8.33,15.65,0.0,120.10,723.18,202.60,114.45,82.20,0.8198,0.0000,0.8198,0
615,11:59:38.157,ROI,160,160,256,256,7.46,7.96,0.0,0.0,125.58,724.12,202.77,115.35,81.25,0.7734,0.0000,0.7734,0
616,11:59:38.188,ROI,160,160,256,256,8.18,8.53,0.0,0.0,117.23,726.43,203.20,117.55,80.80,0.8423,0.0000,0.8423,0
617,11:59:38.220,ROI,160,160,256,256,7.52,8.22,0.0,0.0,121.72,728.00,203.08,115.40,81.25,0.8179,0.0000,0.8179,0
618,11:59:38.254,ROI,160,160,256,256,9.33,9.83,0.0,0.0,101.73,728.95,203.45,116.90,81.70,0.8164,0.0000,0.8164,0
619,11:59:38.302,ROI,160,160,256,256,9.02,9.78,0.0,0.0,102.24,730.15,203.60,117.30,82.80,0.8276,0.0000,0.8276,0
620,11:59:38.333,ROI,160,160,256,256,7.49,7.84,0.0,0.0,127.48,731.65,203.23,117.50,82.15,0.8184,0.0000,0.8184,0
621,11:59:38.366,ROI,160,160,256,256,7.12,7.55,0.0,0.0,132.38,734.10,204.12,118.20,82.55,0.8379,0.0000,0.8379,0
622,11:59:38.397,ROI,160,160,256,256,8.41,8.75,0.0,0.0,114.26,736.65,204.38,116.30,81.05,0.8257,0.0000,0.8257,0
623,11:59:38.429,ROI,160,160,256,256,27.72,28.22,0.0,0.0,35.44,737.88,204.85,115.45,79.70,0.7969,0.0000,0.7969,0
624,11:59:38.463,ROI,160,160,256,256,22.41,22.91,0.0,0.0,43.64,738.45,204.98,115.90,80.25,0.7852,0.0000,0.7852,0
625,11:59:38.492,ROI,160,160,256,256,27.86,28.37,66.925,0.0,35.25,740.33,205.18,116.35,80.65,0.7920,0.0000,0.7920,0
626,11:59:38.526,ROI,160,160,256,256,8.59,9.08,68.175,0.0,110.17,739.92,205.83,118.15,82.75,0.8018,-15.0000,0.8018,0
627,11:59:38.556,ROI,160,160,256,256,11.01,11.51,0.0,0.0,86.92,742.30,206.00,117.00,83.00,0.8477,-15.0000,0.8477,0
628,11:59:38.588,ROI,160,160,256,256,8.43,8.78,0.0,0.0,113.92,742.10,207.40,117.80,83.40,0.8154,-15.0000,0.8154,0
629,11:59:38.620,ROI,160,160,256,256,7.73,8.28,0.0,0.0,120.75,744.72,207.80,117.35,84.60,0.7993,-15.0000,0.7993,0
630,11:59:38.653,ROI,160,160,256,256,8.56,8.91,0.0,0.0,112.20,743.70,208.08,119.60,85.25,0.7759,-15.0000,0.7759,0
631,11:59:38.700,ROI,160,160,256,256,8.36,8.93,0.0,0.0,112.02,744.70,208.93,118.60,85.35,0.7920,-15.0000,0.7920,0
632,11:59:38.733,ROI,160,160,256,256,8.54,8.89,0.0,0.0,112.53,747.25,208.35,120.50,85.30,0.8042,-15.0000,0.8042,0
633,11:59:38.765,ROI,160,160,256,256,7.85,8.40,17.25,0.0,119.07,750.95,209.28,120.50,85.65,0.8179,-15.0000,0.8179,0
634,11:59:38.796,ROI,160,160,256,256,9.26,9.63,16.775,0.0,103.89,751.30,210.10,122.20,84.20,0.8428,-15.0000,0.8428,0
635,11:59:38.828,ROI,160,160,256,256,8.98,9.51,0.0,0.0,105.12,752.25,210.15,121.50,84.70,0.8354,-15.0000,0.8354,0
636,11:59:38.860,ROI,160,160,256,256,8.84,9.18,0.0,0.0,108.96,752.40,210.05,120.80,83.90,0.8423,-15.0000,0.8423,0
637,11:59:38.892,ROI,160,160,256,256,8.64,9.14,0.0,0.0,109.42,754.38,210.68,120.65,84.45,0.8647,-15.0000,0.8647,0
638,11:59:38.924,ROI,160,160,256,256,8.17,8.54,0.0,0.0,117.11,755.88,210.62,120.25,83.75,0.8389,-15.0000,0.8389,0
639,11:59:38.957,ROI,160,160,256,256,8.56,9.10,16.35,42.925,109.87,758.58,211.43,121.25,84.75,0.8408,-15.0000,0.8408,0
640,11:59:38.990,ROI,160,160,256,256,7.58,7.92,0.0,0.0,126.26,758.97,211.48,120.05,84.05,0.8511,-15.0000,0.8511,0
641,11:59:39.020,ROI,160,160,256,256,8.13,8.63,0.0,45.3,115.93,762.30,211.40,121.40,83.20,0.8662,-15.0000,0.8662,0
642,11:59:39.069,ROI,160,160,256,256,9.77,10.14,0.0,38.525,98.62,761.22,212.25,120.35,83.50,0.8706,-15.0000,0.8706,0
643,11:59:39.101,ROI,160,160,256,256,9.05,9.41,0.0,0.0,106.29,762.65,211.10,120.70,83.20,0.8770,-15.0000,0.8770,0
644,11:59:39.133,ROI,160,160,256,256,8.67,9.02,0.0,43.3,110.84,763.93,212.70,120.95,85.00,0.8921,-15.0000,0.8921,0
645,11:59:39.164,ROI,160,160,256,256,8.18,8.75,0.0,0.0,114.33,765.68,213.38,121.45,86.05,0.8701,-15.0000,0.8701,0
646,11:59:39.196,ROI,160,160,256,256,7.66,8.03,0.0,0.0,124.60,767.22,214.00,123.15,87.60,0.8447,-15.0000,0.8447,0
647,11:59:39.230,ROI,160,160,256,256,10.93,11.42,0.0,0.0,87.58,770.03,214.45,120.75,89.10,0.8589,-15.0000,0.8589,0
648,11:59:39.260,ROI,160,160,256,256,7.39,7.74,0.0,0.0,129.17,769.28,213.78,119.45,87.85,0.8945,-15.0000,0.8945,0
649,11:59:39.294,ROI,160,160,256,256,9.46,9.95,0.0,0.0,100.51,770.90,214.45,121.80,89.10,0.8774,-15.0000,0.8774,0
650,11:59:39.325,ROI,160,160,256,256,9.60,9.99,0.0,0.0,100.15,772.05,215.58,120.30,88.25,0.8677,-15.0000,0.8677,0
651,11:59:39.356,ROI,160,160,256,256,8.26,8.84,0.0,0.0,113.06,773.18,216.12,120.05,87.95,0.8770,-15.0000,0.8770,0
652,11:59:39.406,ROI,160,160,256,256,8.06,8.43,0.0,0.0,118.60,774.65,216.80,120.90,89.20,0.8115,-15.0000,0.8115,0
653,11:59:39.438,ROI,160,160,256,256,9.16,9.66,0.0,0.0,103.48,777.10,217.55,119.60,91.30,0.8364,-15.0000,0.8364,0
654,11:59:39.468,ROI,160,160,256,256,8.94,9.29,0.0,0.0,107.66,778.10,219.65,116.00,91.50,0.8364,-15.0000,0.8364,0
655,11:59:39.500,ROI,160,160,256,256,8.07,8.43,0.0,0.0,118.62,777.38,220.23,117.65,90.95,0.8789,-15.0000,0.8789,0
656,11:59:39.533,ROI,160,160,256,256,7.54,7.87,0.0,0.0,126.99,779.65,220.90,115.70,93.00,0.8096,-30.0000,0.8096,0
657,11:59:39.565,ROI,160,160,256,256,7.38,7.94,0.0,0.0,125.94,781.15,222.05,113.70,93.90,0.8330,-15.0000,0.8330,0
658,11:59:39.597,ROI,160,160,256,256,8.44,8.83,16.7,0.0,113.30,781.95,222.15,116.90,93.70,0.8291,-30.0000,0.8291,0
659,11:59:39.628,ROI,160,160,256,256,7.27,7.76,0.0,0.0,128.81,783.72,223.20,116.35,92.60,0.8442,-15.0000,0.8442,0
660,11:59:39.662,ROI,160,160,256,256,7.60,7.94,0.0,0.0,125.88,785.32,224.33,116.55,93.15,0.8257,-30.0000,0.8257,0
661,11:59:39.692,ROI,160,160,256,256,7.75,8.30,0.0,47.1,120.55,785.05,224.10,115.70,94.20,0.8750,-30.0000,0.8750,0
662,11:59:39.740,ROI,160,160,256,256,8.56,8.89,0.0,0.0,112.43,786.62,224.35,115.75,92.90,0.8589,-30.0000,0.8589,0
663,11:59:39.772,ROI,160,160,256,256,8.25,8.74,0.0,0.0,114.37,788.33,226.05,115.35,92.50,0.8496,-30.0000,0.8496,0
664,11:59:39.804,ROI,160,160,256,256,8.46,8.80,0.0,0.0,113.62,788.10,225.65,114.20,90.90,0.8999,-30.0000,0.8999,0
665,11:59:39.838,ROI,160,160,256,256,8.14,8.79,0.0,0.0,113.77,790.88,227.22,115.85,89.15,0.8535,-30.0000,0.8535,0
666,11:59:39.868,ROI,160,160,256,256,7.37,7.71,0.0,50.675,129.73,790.55,227.38,116.10,89.65,0.8882,-30.0000,0.8882,0
667,11:59:39.900,ROI,160,160,256,256,7.15,7.72,0.0,50.6,129.52,790.55,227.38,116.10,89.65,0.8882,-30.0000,0.8882,0
668,11:59:39.933,ROI,160,160,256,256,8.61,8.98,0.0,0.0,111.33,793.45,228.75,116.50,89.50,0.8232,-30.0000,0.8232,0
669,11:59:39.964,ROI,160,160,256,256,8.61,8.98,0.0,0.0,111.35,793.30,227.85,114.20,91.90,0.9038,-45.0000,0.9038,0
670,11:59:39.996,ROI,160,160,256,256,8.64,9.00,0.0,0.0,111.15,793.70,228.53,114.60,89.35,0.8462,-45.0000,0.8462,0
671,11:59:40.028,ROI,160,160,256,256,7.72,8.08,0.0,0.0,123.73,797.03,229.93,112.55,90.55,0.7231,-45.0000,0.7231,0
672,11:59:40.060,ROI,160,160,256,256,10.28,10.81,0.0,0.0,92.52,799.85,233.83,116.10,95.75,0.7534,-45.0000,0.7534,0
673,11:59:40.093,ROI,160,160,256,256,9.66,10.00,0.0,0.0,99.99,798.10,230.15,113.00,91.70,0.9077,-30.0000,0.9077,0
674,11:59:40.140,ROI,160,160,256,256,8.55,9.13,0.0,0.0,109.52,801.05,235.40,114.30,98.80,0.7246,-45.0000,0.7246,0
675,11:59:40.172,ROI,160,160,256,256,7.16,7.51,0.0,0.0,133.11,803.32,236.48,111.95,99.25,0.7041,-45.0000,0.7041,0
676,11:59:40.206,ROI,160,160,224,224,8.11,8.57,0.0,0.0,116.63,806.15,237.99,111.30,98.57,0.6943,-60.0000,0.6943,0
677,11:59:40.238,ROI,160,160,224,224,7.87,8.27,0.0,0.0,120.97,807.05,238.27,110.08,98.96,0.6992,-60.0000,0.6992,0
678,11:59:40.268,ROI,160,160,224,224,8.00,8.52,0.0,0.0,117.37,807.02,239.66,109.16,100.27,0.7397,-60.0000,0.7397,0
679,11:59:40.300,ROI,160,160,224,224,7.63,7.97,0.0,0.0,125.55,807.63,240.07,110.03,99.36,0.7202,-60.0000,0.7202,0
680,11:59:40.334,ROI,160,160,224,224,7.48,7.95,0.0,0.0,125.81,807.98,240.46,107.58,100.58,0.7041,-60.0000,0.7041,0
681,11:59:40.364,ROI,160,160,224,224,7.28,7.61,0.0,0.0,131.40,808.88,241.33,107.89,100.41,0.7666,-60.0000,0.7666,0
682,11:59:40.396,ROI,160,160,224,224,8.00,8.53,0.0,0.0,117.30,811.06,242.49,106.40,99.40,0.7476,-60.0000,0.7476,0
683,11:59:40.428,ROI,160,160,224,224,9.15,9.49,0.0,0.0,105.33,811.83,243.44,103.69,102.11,0.7397,-60.0000,0.7397,0
684,11:59:40.460,ROI,160,160,224,224,9.02,9.49,0.0,0.0,105.34,812.22,244.71,103.95,101.24,0.7397,-60.0000,0.7397,0
685,11:59:40.492,ROI,160,160,224,224,10.13,10.45,0.0,37.35,95.65,811.82,244.83,104.30,101.24,0.7646,-60.0000,0.7646,0
686,11:59:40.540,ROI,160,160,224,224,8.12,8.60,0.0,0.0,116.32,813.41,245.99,103.34,101.72,0.7969,-60.0000,0.7969,0
687,11:59:40.572,ROI,160,160,224,224,8.84,9.17,0.0,42.575,108.99,814.64,247.34,102.77,102.07,0.8042,-60.0000,0.8042,0
688,11:59:40.605,ROI,160,160,224,224,8.68,9.18,0.0,0.0,108.88,815.62,249.17,100.89,100.14,0.7744,-60.0000,0.7744,0
689,11:59:40.636,ROI,160,160,224,224,8.96,9.29,0.0,0.0,107.61,815.85,250.20,101.89,101.19,0.8198,-60.0000,0.8198,0
690,11:59:40.668,ROI,160,160,224,224,9.33,9.81,0.0,39.85,101.97,816.49,251.31,102.20,101.67,0.8057,-60.0000,0.8057,0
691,11:59:40.701,ROI,160,160,224,224,8.96,9.30,0.0,0.0,107.57,817.05,251.07,99.75,100.32,0.8232,-60.0000,0.8232,0
692,11:59:40.733,ROI,160,160,224,224,9.33,9.70,0.0,0.0,103.09,817.57,252.01,99.31,99.84,0.8354,-60.0000,0.8354,0
693,11:59:40.764,ROI,160,160,224,224,8.74,9.07,0.0,0.0,110.22,817.31,253.27,98.79,102.11,0.8721,-75.0000,0.8721,0
694,11:59:40.797,ROI,160,160,224,224,8.85,9.33,16.85,0.0,107.20,818.09,254.05,97.91,102.72,0.8521,-60.0000,0.8521,0
695,11:59:40.828,ROI,160,160,224,224,7.32,7.67,0.0,0.0,130.32,819.36,255.42,98.61,101.46,0.8398,-60.0000,0.8398,0
696,11:59:40.860,ROI,160,160,224,224,7.67,8.13,0.0,0.0,122.93,819.35,256.64,98.17,102.24,0.8716,-75.0000,0.8716,0
697,11:59:40.910,ROI,160,160,224,224,8.92,9.25,0.0,0.0,108.13,819.22,256.48,97.74,101.59,0.8247,-75.0000,0.8247,0
698,11:59:40.940,ROI,160,160,224,224,8.63,9.12,0.0,0.0,109.67,819.53,257.40,98.35,102.20,0.8677,-75.0000,0.8677,0
699,11:59:40.972,ROI,160,160,224,224,8.56,8.89,0.0,0.0,112.51,819.81,258.92,98.31,102.55,0.8828,-75.0000,0.8828,0
700,11:59:41.004,ROI,160,160,224,224,9.07,9.57,0.0,0.0,104.53,819.96,261.24,98.88,103.77,0.8872,-75.0000,0.8872,0
701,11:59:41.038,ROI,160,160,224,224,8.55,8.92,0.0,0.0,112.15,819.92,262.03,99.31,102.94,0.8760,-75.0000,0.8760,0
702,11:59:41.069,ROI,160,160,224,224,9.01,9.52,0.0,0.0,105.03,820.73,263.18,97.34,101.59,0.8857,-75.0000,0.8857,0
703,11:59:41.083,ROI,160,160,224,224,8.37,8.71,0.0,0.0,114.79,821.12,263.26,96.12,102.02,0.8887,-75.0000,0.8887,0
704,11:59:41.131,ROI,160,160,224,224,7.52,8.03,0.0,48.65,124.58,821.53,264.71,96.60,102.99,0.8999,-75.0000,0.8999,0
705,11:59:41.165,ROI,160,160,224,224,8.24,8.59,0.0,0.0,116.42,821.63,266.19,96.38,102.38,0.8872,-75.0000,0.8872,0
706,11:59:41.196,ROI,160,160,224,224,8.53,9.03,0.0,0.0,110.78,821.68,267.12,96.47,101.02,0.8872,-75.0000,0.8872,0
707,11:59:41.245,ROI,160,160,224,224,7.35,7.71,0.0,0.0,129.68,822.16,268.18,95.51,101.94,0.9336,-75.0000,0.9336,0
708,11:59:41.276,ROI,160,160,224,224,7.56,7.91,0.0,49.375,126.36,822.83,268.55,94.24,101.28,0.9150,-75.0000,0.9150,0
709,11:59:41.308,ROI,160,160,224,224,8.53,8.87,0.0,0.0,112.80,823.20,269.64,93.49,101.72,0.8867,-75.0000,0.8867,0
710,11:59:41.342,ROI,160,160,224,224,8.39,8.98,0.0,0.0,111.34,823.44,269.85,93.97,101.19,0.8706,-75.0000,0.8706,0
711,11:59:41.373,ROI,160,160,224,224,7.48,7.81,0.0,0.0,128.00,824.22,270.66,92.75,101.68,0.8882,-75.0000,0.8882,0
712,11:59:41.405,ROI,160,160,224,224,8.20,8.70,0.0,0.0,114.98,824.46,272.54,93.93,100.98,0.8921,-75.0000,0.8921,0
713,11:59:41.436,ROI,160,160,224,224,8.47,8.82,0.0,0.0,113.40,824.42,273.60,92.27,100.41,0.8975,-75.0000,0.8975,0
714,11:59:41.450,ROI,160,160,224,224,8.94,9.30,0.0,0.0,107.48,824.02,273.70,92.36,98.70,0.8569,-75.0000,0.8569,0
715,11:59:41.468,ROI,160,160,224,224,8.43,8.76,0.0,0.0,114.12,824.74,274.88,91.44,99.84,0.8730,-75.0000,0.8730,0
716,11:59:41.532,ROI,160,160,224,224,8.58,8.92,0.0,0.0,112.14,824.39,276.71,90.91,100.98,0.8926,-75.0000,0.8926,0
717,11:59:41.580,ROI,160,160,224,224,9.04,9.36,0.0,0.0,106.83,824.74,278.56,91.44,101.63,0.8896,-75.0000,0.8896,0
718,11:59:41.612,ROI,160,160,224,224,8.62,8.94,0.0,0.0,111.80,824.26,282.79,91.70,107.67,0.9194,-90.0000,0.9194,0
719,11:59:41.644,ROI,160,160,224,224,8.48,8.94,0.0,0.0,111.81,825.97,283.57,89.86,103.42,0.8716,-75.0000,0.8716,0
720,11:59:41.677,ROI,160,160,224,224,8.76,9.11,0.0,0.0,109.80,824.85,287.09,92.18,108.37,0.9087,-90.0000,0.9087,0
721,11:59:41.708,ROI,160,160,224,224,7.96,8.40,0.0,0.0,119.02,824.61,285.12,93.80,100.89,0.8257,-75.0000,0.8257,0
722,11:59:41.742,ROI,160,160,224,224,7.99,8.33,0.0,0.0,120.05,824.48,285.72,93.36,104.61,0.8364,-90.0000,0.8364,0
723,11:59:41.774,ROI,160,160,224,224,8.43,8.94,0.0,0.0,111.82,824.24,286.75,91.92,105.35,0.8462,-90.0000,0.8462,0
724,11:59:41.804,ROI,160,160,224,224,8.64,8.96,0.0,0.0,111.59,823.87,287.71,93.36,104.56,0.8496,-90.0000,0.8496,0
725,11:59:41.818,ROI,160,160,224,224,8.40,8.91,0.0,43.875,112.29,824.49,287.46,91.88,102.86,0.8442,-90.0000,0.8442,0
726,11:59:41.836,ROI,160,160,224,224,8.32,8.73,0.0,0.0,114.49,823.91,287.61,92.75,103.25,0.8774,-90.0000,0.8774,0
727,11:59:41.868,ROI,160,160,224,224,7.49,7.97,0.0,0.0,125.42,824.42,289.76,92.18,106.31,0.9062,-90.0000,0.9062,0
728,11:59:41.932,ROI,160,160,224,224,7.31,7.65,0.0,0.0,130.67,824.96,291.54,90.48,108.50,0.9448,-90.0000,0.9448,0
729,11:59:41.980,ROI,160,160,224,224,8.19,8.53,0.0,45.8,117.19,824.15,293.10,91.74,108.50,0.9194,-90.0000,0.9194,0
730,11:59:42.014,ROI,160,160,224,224,7.49,7.94,0.0,0.0,125.92,824.77,293.88,90.69,106.75,0.8857,-90.0000,0.8857,0
731,11:59:42.046,ROI,160,160,224,224,7.60,7.95,0.0,0.0,125.84,824.13,294.62,92.49,104.91,0.8989,-90.0000,0.8989,0
732,11:59:42.076,ROI,160,160,224,224,8.69,9.14,0.0,0.0,109.36,824.98,299.03,91.66,110.69,0.9370,-90.0000,0.9370,0
733,11:59:42.109,ROI,160,160,224,224,8.47,8.98,16.425,0.0,111.35,825.27,297.60,87.59,106.58,0.9370,-90.0000,0.9370,0
734,11:59:42.141,ROI,160,160,224,224,8.29,8.78,0.0,0.0,113.89,826.60,299.80,85.01,110.25,0.9258,-90.0000,0.9258,0
735,11:59:42.173,ROI,160,160,224,224,8.22,8.55,0.0,0.0,116.96,826.66,300.92,86.19,110.95,0.9497,-90.0000,0.9497,0
736,11:59:42.187,ROI,160,160,224,224,8.00,8.37,0.0,0.0,119.47,826.57,301.47,87.06,112.22,0.9507,-90.0000,0.9507,0
737,11:59:42.204,ROI,160,160,256,256,7.25,7.59,0.0,0.0,131.67,826.35,302.28,89.70,110.65,0.9341,-90.0000,0.9341,0
738,11:59:42.238,ROI,160,160,224,224,8.22,8.71,0.0,0.0,114.84,826.33,307.29,88.24,119.61,0.9277,-90.0000,0.9277,0
739,11:59:42.269,ROI,160,160,256,256,8.72,9.13,0.0,42.825,109.57,826.00,304.20,88.60,114.60,0.9341,-90.0000,0.9341,0
740,11:59:42.348,ROI,160,160,256,256,8.24,8.76,0.0,44.575,114.12,826.43,304.35,87.95,109.70,0.9448,-90.0000,0.9448,0
741,11:59:42.380,ROI,160,160,224,224,7.95,8.29,0.0,0.0,120.62,825.10,307.37,87.37,115.06,0.9448,-90.0000,0.9448,0
742,11:59:42.414,ROI,160,160,256,256,7.22,7.70,0.0,0.0,129.79,825.30,308.33,87.80,113.75,0.9463,-90.0000,0.9463,0
743,11:59:42.444,ROI,160,160,256,256,8.40,8.74,0.0,0.0,114.41,825.25,308.45,88.30,109.90,0.9277,-90.0000,0.9277,0
744,11:59:42.476,ROI,160,160,224,224,8.04,8.51,0.0,45.9,117.50,824.47,311.39,88.55,110.82,0.9526,-90.0000,0.9526,0
745,11:59:42.510,ROI,160,160,224,224,8.91,9.25,0.0,42.25,108.15,823.96,312.84,88.29,111.12,0.9492,-90.0000,0.9492,0
746,11:59:42.541,ROI,160,160,224,224,8.94,9.43,0.0,41.45,106.06,823.53,313.01,88.02,109.99,0.8960,-90.0000,0.8960,0
747,11:59:42.554,ROI,160,160,224,224,8.85,9.22,0.0,42.35,108.42,823.61,312.65,87.50,107.62,0.8887,-90.0000,0.8887,0
748,11:59:42.572,ROI,160,160,224,224,8.69,9.15,0.0,0.0,109.24,823.02,313.88,88.33,109.64,0.9141,-105.0000,0.9141,0
749,11:59:42.604,ROI,160,160,224,224,8.70,9.05,0.0,0.0,110.56,822.45,314.58,88.94,105.88,0.9375,-105.0000,0.9375,0
750,11:59:42.637,ROI,160,160,224,224,8.22,8.57,0.0,0.0,116.72,821.39,315.86,89.78,108.98,0.9438,-105.0000,0.9438,0
751,11:59:42.684,ROI,160,160,224,224,7.77,8.11,0.0,0.0,123.34,820.30,316.22,90.30,107.10,0.9375,-105.0000,0.9375,0
752,11:59:42.749,ROI,160,160,224,224,8.57,9.05,0.0,0.0,110.55,819.12,318.28,92.05,105.35,0.9429,-105.0000,0.9429,0
753,11:59:42.780,ROI,160,160,224,224,7.82,8.16,0.0,0.0,122.51,817.93,318.17,92.27,103.60,0.9219,-105.0000,0.9219,0
754,11:59:42.812,ROI,160,160,224,224,8.49,8.94,0.0,0.0,111.82,816.87,318.98,92.31,105.48,0.8950,-105.0000,0.8950,0
755,11:59:42.844,ROI,160,160,224,224,7.91,8.24,0.0,0.0,121.33,816.70,319.27,94.15,103.69,0.8677,-105.0000,0.8677,0
756,11:59:42.878,ROI,160,160,224,224,8.16,8.50,0.0,0.0,117.69,816.09,320.44,94.33,103.16,0.8389,-120.0000,0.8389,0
757,11:59:42.893,ROI,160,160,224,224,8.15,8.50,62.125,0.0,117.69,815.69,320.61,93.89,101.68,0.8770,-120.0000,0.8770,0
758,11:59:42.909,ROI,160,160,224,224,8.81,9.27,49.1,0.0,107.90,815.77,322.34,94.02,105.22,0.8647,-120.0000,0.8647,0
759,11:59:42.940,ROI,160,160,224,224,7.96,8.30,0.0,0.0,120.50,814.85,324.76,94.46,104.04,0.8613,-120.0000,0.8613,0
760,11:59:42.972,ROI,160,160,224,224,8.50,9.01,0.0,0.0,111.04,815.36,324.24,93.89,103.47,0.8491,-120.0000,0.8491,0
761,11:59:43.020,ROI,160,160,224,224,8.38,8.72,0.0,44.775,114.62,815.22,325.88,95.46,101.94,0.8799,-120.0000,0.8799,0
762,11:59:43.052,ROI,160,160,224,224,8.86,9.32,0.0,41.9,107.25,815.20,325.68,95.33,102.59,0.8833,-120.0000,0.8833,0
763,11:59:43.084,ROI,160,160,224,224,9.04,9.40,0.0,0.0,106.33,814.37,327.06,96.12,101.94,0.8784,-120.0000,0.8784,0
764,11:59:43.148,ROI,160,160,224,224,8.28,8.76,0.0,44.6,114.18,811.18,329.54,99.44,100.62,0.8735,-120.0000,0.8735,0
765,11:59:43.180,ROI,160,160,224,224,8.55,8.95,0.0,0.0,111.72,812.62,329.35,98.26,101.67,0.9160,-120.0000,0.9160,0
766,11:59:43.212,ROI,160,160,224,224,8.64,9.15,0.0,0.0,109.30,810.73,330.77,100.36,100.06,0.9175,-120.0000,0.9175,0
767,11:59:43.244,ROI,160,160,224,224,7.98,8.31,0.0,0.0,120.35,810.15,331.75,102.24,99.05,0.9116,-120.0000,0.9116,0
768,11:59:43.258,ROI,160,160,224,224,8.16,8.64,0.0,0.0,115.74,810.48,331.44,102.29,98.88,0.9102,-120.0000,0.9102,0
769,11:59:43.278,ROI,160,160,224,224,7.95,8.29,0.0,0.0,120.63,809.23,332.49,103.73,97.12,0.9165,-120.0000,0.9165,0
770,11:59:43.309,ROI,160,160,224,224,7.60,8.35,0.0,0.0,119.78,808.21,333.79,102.55,97.39,0.8896,-120.0000,0.8896,0
771,11:59:43.340,ROI,160,160,224,224,8.16,8.50,0.0,0.0,117.72,806.69,335.49,103.07,95.29,0.8389,-120.0000,0.8389,0
772,11:59:43.372,ROI,160,160,224,224,8.52,8.97,0.0,0.0,111.46,806.11,334.34,104.78,95.81,0.8760,-120.0000,0.8760,0
773,11:59:43.420,ROI,160,160,224,224,7.04,7.38,0.0,0.0,135.53,804.99,335.44,103.51,95.11,0.8906,-120.0000,0.8906,0
774,11:59:43.452,ROI,160,160,224,224,8.04,8.53,0.0,0.0,117.24,803.12,336.88,106.40,98.26,0.9219,-120.0000,0.9219,0
775,11:59:43.484,ROI,160,160,224,224,7.18,7.52,0.0,0.0,132.99,800.33,337.79,105.44,97.21,0.9028,-120.0000,0.9028,0
776,11:59:43.548,ROI,160,160,224,224,7.60,8.08,0.0,0.0,123.73,796.57,339.67,106.27,95.81,0.9175,-120.0000,0.9175,0
777,11:59:43.582,ROI,160,160,224,224,9.37,9.71,0.0,0.0,103.01,795.30,339.39,102.90,97.04,0.9375,-120.0000,0.9375,0
778,11:59:43.613,ROI,160,160,224,224,8.70,9.20,0.0,42.45,108.64,794.56,340.79,104.47,96.69,0.9302,-120.0000,0.9302,0
779,11:59:43.647,ROI,160,160,224,224,7.45,7.82,0.0,49.95,127.88,793.17,340.92,106.31,95.99,0.9199,-120.0000,0.9199,0
780,11:59:43.659,ROI,160,160,224,224,7.88,8.36,0.0,0.0,119.60,793.09,340.83,105.52,94.76,0.9072,-120.0000,0.9072,0
781,11:59:43.676,ROI,160,160,224,224,8.60,8.95,0.0,0.0,111.75,791.91,342.27,106.14,94.50,0.8882,-120.0000,0.8882,0
782,11:59:43.709,ROI,160,160,224,224,8.11,8.45,0.0,0.0,118.30,789.73,342.35,104.91,95.90,0.9116,-120.0000,0.9116,0
783,11:59:43.742,ROI,160,160,224,224,7.48,7.81,0.0,0.0,128.07,788.34,343.36,105.96,93.36,0.9160,-120.0000,0.9160,0
784,11:59:43.774,ROI,160,160,224,224,8.15,8.49,0.0,0.0,117.79,789.05,343.26,107.10,91.88,0.9126,-120.0000,0.9126,0
785,11:59:43.822,ROI,160,160,224,224,7.28,7.61,0.0,51.325,131.33,787.84,344.90,108.02,92.44,0.8960,-120.0000,0.8960,0
786,11:59:43.853,ROI,160,160,224,224,9.56,10.09,0.0,0.0,99.13,786.58,345.25,111.43,93.06,0.8921,-120.0000,0.8921,0
787,11:59:43.885,ROI,160,160,224,224,9.02,9.38,0.0,0.0,106.64,785.04,347.38,115.33,93.58,0.8247,-135.0000,0.8247,0
788,11:59:43.948,ROI,160,160,256,256,7.95,8.42,0.0,0.0,118.74,784.55,346.85,120.50,92.70,0.8770,-135.0000,0.8770,0
789,11:59:43.980,ROI,160,160,256,256,8.30,9.10,0.0,0.0,109.86,784.22,347.40,120.95,90.80,0.8706,-135.0000,0.8706,0
790,11:59:44.012,ROI,160,160,256,256,8.95,9.31,0.0,0.0,107.44,783.58,347.90,121.65,92.40,0.8613,-135.0000,0.8613,0
791,11:59:44.026,ROI,160,160,256,256,9.37,9.74,0.0,40.1,102.63,783.25,348.45,121.30,92.30,0.8784,-150.0000,0.8784,0
792,11:59:44.046,ROI,160,160,256,256,9.34,9.81,0.0,0.0,101.90,781.20,348.65,122.20,91.50,0.8521,-135.0000,0.8521,0
793,11:59:44.076,ROI,160,160,256,256,9.00,9.36,0.0,0.0,106.87,779.90,348.83,122.80,89.95,0.8574,-135.0000,0.8574,0
794,11:59:44.108,ROI,160,160,256,256,8.76,9.19,0.0,0.0,108.79,777.85,349.65,123.50,89.30,0.8496,-135.0000,0.8496,0
795,11:59:44.140,ROI,160,160,256,256,8.56,8.91,0.0,0.0,112.26,776.88,350.45,125.85,88.50,0.8828,-150.0000,0.8828,0
796,11:59:44.189,ROI,160,160,256,256,7.84,8.21,0.0,0.0,121.84,777.17,350.35,123.85,88.10,0.8975,-150.0000,0.8975,0
797,11:59:44.220,ROI,160,160,256,256,7.72,8.06,0.0,0.0,124.08,775.80,351.55,127.40,85.70,0.8706,-150.0000,0.8706,0
798,11:59:44.252,ROI,160,160,256,256,7.48,7.94,0.0,0.0,126.02,773.25,352.20,127.50,87.00,0.8662,-150.0000,0.8662,0
799,11:59:44.284,ROI,160,160,256,256,7.86,8.30,0.0,0.0,120.54,772.15,352.00,130.90,89.60,0.8291,-150.0000,0.8291,0
800,11:59:44.349,ROI,160,160,288,288,7.50,7.99,0.0,48.925,125.22,768.60,350.85,132.81,88.71,0.8345,195.0000,0.8345,0
801,11:59:44.362,ROI,160,160,288,288,8.10,8.48,0.0,0.0,117.88,767.72,353.83,136.01,92.25,0.8535,-150.0000,0.8535,0
802,11:59:44.380,ROI,160,160,288,288,9.40,9.98,0.0,0.0,100.24,767.53,351.09,131.23,88.20,0.8247,-150.0000,0.8247,0
803,11:59:44.414,ROI,160,160,288,288,8.43,8.78,0.0,0.0,113.83,766.21,353.92,135.90,90.45,0.8813,-150.0000,0.8813,0
804,11:59:44.446,ROI,160,160,288,288,8.00,8.50,0.0,0.0,117.68,765.18,352.10,133.71,89.55,0.8408,-150.0000,0.8408,0
805,11:59:44.478,ROI,160,160,288,288,7.15,7.50,0.0,0.0,133.37,765.65,353.04,132.13,87.02,0.8276,195.0000,0.8276,0
806,11:59:44.525,ROI,160,160,288,288,8.82,9.37,0.0,0.0,106.67,763.79,353.73,131.12,88.09,0.7744,195.0000,0.7744,0
807,11:59:44.558,ROI,160,160,288,288,7.29,7.64,0.0,51.15,130.91,762.04,353.87,130.84,87.36,0.7056,195.0000,0.7056,0
808,11:59:44.589,ROI,160,160,288,288,8.42,8.92,0.0,43.775,112.06,759.44,354.10,130.22,85.56,0.7969,195.0000,0.7969,0
809,11:59:44.620,ROI,160,160,288,288,8.85,9.20,0.0,42.45,108.69,758.78,351.64,134.10,87.30,0.7876,195.0000,0.7876,0
810,11:59:44.652,ROI,160,160,288,288,7.83,8.37,0.0,46.675,119.50,756.88,353.42,132.30,86.96,0.8569,195.0000,0.8569,0
811,11:59:44.685,ROI,160,160,288,288,7.72,8.08,0.0,0.0,123.79,755.13,353.06,134.04,86.29,0.7686,195.0000,0.7686,0
812,11:59:44.717,ROI,160,160,288,288,7.27,7.76,0.0,0.0,128.79,753.37,353.31,131.96,85.11,0.7930,195.0000,0.7930,0
813,11:59:44.748,ROI,160,160,288,288,8.21,8.57,0.0,0.0,116.75,751.42,353.90,132.75,83.48,0.8213,195.0000,0.8213,0
814,11:59:44.780,ROI,160,160,288,288,7.22,7.71,0.0,0.0,129.65,748.72,353.79,134.61,82.58,0.8662,195.0000,0.8662,0
815,11:59:44.814,ROI,160,160,288,288,7.79,8.19,0.0,0.0,122.10,747.80,353.70,134.94,82.74,0.8071,195.0000,0.8071,0
816,11:59:44.860,ROI,160,160,288,288,7.87,8.24,0.0,0.0,121.32,746.55,354.29,135.00,86.06,0.8325,195.0000,0.8325,0
817,11:59:44.892,ROI,160,160,288,288,7.39,7.76,0.0,0.0,128.79,744.48,353.49,136.69,84.49,0.8662,195.0000,0.8662,0
818,11:59:44.925,ROI,160,160,288,288,7.37,7.71,0.0,0.0,129.65,741.16,353.96,138.21,85.39,0.8521,195.0000,0.8521,0
819,11:59:44.957,ROI,160,160,288,288,7.40,7.91,0.0,0.0,126.42,740.47,354.35,135.62,85.95,0.8550,195.0000,0.8550,0
820,11:59:44.989,ROI,160,160,288,288,7.41,7.75,16.2,0.0,129.00,738.28,353.49,137.08,86.06,0.9185,180.0000,0.9185,0
821,11:59:45.020,ROI,160,160,288,288,7.32,7.81,0.0,0.0,128.04,737.86,354.55,133.93,84.43,0.8662,195.0000,0.8662,0
822,11:59:45.054,ROI,160,160,288,288,8.80,9.16,0.0,0.0,109.21,735.88,354.00,136.35,86.62,0.9062,180.0000,0.9062,0
823,11:59:45.085,ROI,160,160,288,288,8.48,8.85,0.0,0.0,113.03,732.81,353.41,139.61,85.78,0.9072,180.0000,0.9072,0
824,11:59:45.117,ROI,160,160,288,288,7.43,7.79,0.0,50.175,128.43,733.63,352.83,134.44,83.59,0.9175,180.0000,0.9175,0
825,11:59:45.148,ROI,160,160,288,288,7.47,7.95,0.0,49.15,125.81,731.23,354.78,138.09,87.58,0.9248,180.0000,0.9248,0
826,11:59:45.180,ROI,160,160,288,288,7.55,7.92,0.0,0.0,126.28,730.83,353.52,135.34,87.36,0.9038,180.0000,0.9038,0
827,11:59:45.213,ROI,160,160,288,288,7.64,8.13,0.0,0.0,123.07,731.07,353.06,133.76,86.74,0.9116,180.0000,0.9116,0
828,11:59:45.262,ROI,160,160,288,288,7.03,7.39,0.0,0.0,135.34,728.95,352.69,134.61,86.12,0.9316,180.0000,0.9316,0
829,11:59:45.293,ROI,160,160,288,288,7.68,8.19,0.0,0.0,122.16,726.54,352.31,131.85,83.98,0.9165,165.0000,0.9165,0
830,11:59:45.324,ROI,160,160,288,288,7.07,7.42,0.0,0.0,134.72,724.31,350.99,132.30,83.93,0.9277,165.0000,0.9277,0
831,11:59:45.356,ROI,160,160,288,288,7.27,7.82,0.0,0.0,127.91,722.90,351.91,130.67,82.35,0.9292,165.0000,0.9292,0
832,11:59:45.388,ROI,160,160,288,288,7.35,7.72,0.0,0.0,129.60,720.37,351.17,131.06,84.26,0.9258,165.0000,0.9258,0
833,11:59:45.420,ROI,160,160,288,288,7.37,7.86,0.0,0.0,127.19,720.82,350.72,132.24,83.81,0.9199,165.0000,0.9199,0
834,11:59:45.453,ROI,160,160,288,288,8.07,8.42,0.0,0.0,118.76,718.73,350.51,129.88,81.79,0.9316,165.0000,0.9316,0
835,11:59:45.484,ROI,160,160,288,288,7.62,8.11,0.0,0.0,123.30,716.93,349.61,129.71,83.36,0.9268,165.0000,0.9268,0
836,11:59:45.517,ROI,160,160,288,288,7.25,7.60,0.0,0.0,131.55,714.62,350.86,130.11,84.04,0.9141,165.0000,0.9141,0
837,11:59:45.548,ROI,160,160,288,288,8.12,8.49,0.0,0.0,117.80,712.54,349.27,130.50,83.14,0.9087,165.0000,0.9087,0
838,11:59:45.580,ROI,160,160,288,288,7.61,7.96,0.0,0.0,125.62,710.37,348.92,133.09,82.52,0.9219,165.0000,0.9219,0
839,11:59:45.628,ROI,160,160,288,288,7.81,8.31,0.0,0.0,120.37,710.20,349.41,135.51,85.39,0.9268,165.0000,0.9268,0
840,11:59:45.660,ROI,160,160,288,288,7.24,7.60,0.0,0.0,131.66,709.49,349.00,133.31,85.72,0.9258,165.0000,0.9258,0
841,11:59:45.692,ROI,160,160,288,288,7.97,8.45,0.0,0.0,118.36,708.16,348.66,132.64,87.98,0.9072,165.0000,0.9072,0
842,11:59:45.724,ROI,160,160,288,288,7.55,7.91,0.0,0.0,126.47,705.53,348.67,133.20,86.62,0.9126,165.0000,0.9126,0
843,11:59:45.757,ROI,160,160,288,288,7.15,7.52,0.0,0.0,132.99,703.14,348.08,132.86,89.38,0.9092,165.0000,0.9092,0
844,11:59:45.788,ROI,160,160,288,288,7.36,7.71,0.0,0.0,129.62,701.06,347.58,133.03,88.82,0.8989,165.0000,0.8989,0
845,11:59:45.820,ROI,160,160,288,288,7.43,7.94,0.0,0.0,125.90,700.69,348.32,135.17,88.03,0.9023,165.0000,0.9023,0
846,11:59:45.852,ROI,160,160,288,288,7.25,7.61,0.0,51.325,131.36,699.41,347.66,133.03,88.87,0.8721,165.0000,0.8721,0
847,11:59:45.886,ROI,160,160,288,288,7.22,7.75,0.0,0.0,129.09,698.27,346.94,133.76,89.21,0.8984,165.0000,0.8984,0
848,11:59:45.918,ROI,160,160,288,288,7.07,7.41,0.0,0.0,134.90,696.76,346.23,131.62,87.30,0.8730,165.0000,0.8730,0
849,11:59:45.965,ROI,160,160,288,288,7.77,8.30,0.0,0.0,120.55,691.87,345.44,140.57,88.42,0.8843,165.0000,0.8843,0
850,11:59:45.996,ROI,160,160,288,288,7.44,7.80,0.0,50.075,128.22,688.44,345.06,143.94,89.66,0.8633,150.0000,0.8633,0
851,11:59:46.028,ROI,160,160,288,288,7.41,7.91,0.0,0.0,126.49,686.62,344.33,144.96,89.10,0.8589,150.0000,0.8589,0
852,11:59:46.060,ROI,160,160,320,320,7.97,8.31,0.0,0.0,120.38,688.09,344.53,144.06,89.69,0.9141,165.0000,0.9141,0
853,11:59:46.092,ROI,160,160,320,320,7.99,8.46,0.0,0.0,118.22,687.31,344.31,141.62,87.62,0.9160,165.0000,0.9160,0
854,11:59:46.125,ROI,160,160,288,288,7.35,7.74,0.0,0.0,129.18,683.65,342.42,141.02,91.35,0.8628,165.0000,0.8628,0
855,11:59:46.156,ROI,160,160,288,288,7.11,7.60,0.0,0.0,131.59,683.53,341.66,137.53,90.67,0.8813,150.0000,0.8813,0
856,11:59:46.189,ROI,160,160,288,288,7.38,7.73,0.0,0.0,129.38,682.16,340.94,136.24,90.56,0.8604,165.0000,0.8604,0
857,11:59:46.220,ROI,160,160,288,288,7.23,7.71,0.0,0.0,129.77,680.48,339.94,137.14,94.39,0.8721,165.0000,0.8721,0
858,11:59:46.252,ROI,160,160,288,288,8.53,8.88,0.0,0.0,112.63,678.90,339.06,135.39,93.04,0.8477,165.0000,0.8477,0
859,11:59:46.300,ROI,160,160,288,288,8.41,8.91,0.0,0.0,112.20,678.14,338.77,133.59,92.70,0.8330,150.0000,0.8330,0
860,11:59:46.332,ROI,160,160,288,288,8.74,9.10,16.725,0.0,109.91,677.58,337.72,132.47,95.06,0.8535,165.0000,0.8535,0
861,11:59:46.365,ROI,160,160,288,288,8.76,9.27,0.0,0.0,107.88,675.51,337.45,131.23,95.85,0.8472,165.0000,0.8472,0
862,11:59:46.398,ROI,160,160,288,288,7.38,7.77,0.0,0.0,128.67,673.26,336.18,131.96,97.48,0.8813,150.0000,0.8813,0
863,11:59:46.428,ROI,160,160,288,288,7.36,7.85,0.0,0.0,127.38,672.04,335.92,130.84,98.72,0.8936,150.0000,0.8936,0
864,11:59:46.460,ROI,160,160,288,288,7.18,7.54,0.0,0.0,132.70,672.17,335.56,130.16,97.20,0.8789,150.0000,0.8789,0
865,11:59:46.494,ROI,160,160,288,288,8.46,8.81,0.0,0.0,113.47,671.38,334.94,130.16,97.76,0.9048,150.0000,0.9048,0
866,11:59:46.524,ROI,160,160,288,288,7.39,7.75,0.0,0.0,129.09,671.42,334.39,128.31,98.21,0.9004,150.0000,0.9004,0
867,11:59:46.557,ROI,160,160,288,288,8.25,8.63,0.0,0.0,115.91,669.48,334.20,128.81,98.38,0.9087,150.0000,0.9087,0
868,11:59:46.588,ROI,160,160,288,288,7.39,7.74,0.0,50.45,129.17,666.97,333.80,128.92,98.49,0.8936,150.0000,0.8936,0
869,11:59:46.620,ROI,160,160,288,288,7.67,8.08,0.0,0.0,123.73,665.69,333.45,127.29,97.65,0.9185,150.0000,0.9185,0
870,11:59:46.652,ROI,160,160,256,256,7.95,8.30,0.0,47.075,120.52,666.88,333.35,125.05,98.70,0.9277,150.0000,0.9277,0
871,11:59:46.700,ROI,160,160,256,256,8.05,8.54,0.0,0.0,117.03,665.70,332.70,123.80,99.00,0.9072,150.0000,0.9072,0
872,11:59:46.732,ROI,160,160,256,256,7.74,8.07,0.0,0.0,123.86,664.05,332.03,122.30,99.35,0.9209,150.0000,0.9209,0
873,11:59:46.764,ROI,160,160,256,256,9.02,9.37,0.0,0.0,106.73,662.10,331.20,122.20,99.80,0.9028,150.0000,0.9028,0
874,11:59:46.796,ROI,160,160,256,256,7.17,7.53,0.0,0.0,132.87,661.22,330.30,122.35,101.00,0.9072,150.0000,0.9072,0
875,11:59:46.828,ROI,160,160,256,256,7.72,8.08,0.0,0.0,123.81,659.55,329.27,121.70,101.05,0.9351,150.0000,0.9351,0
876,11:59:46.861,ROI,160,160,256,256,8.76,9.13,0.0,0.0,109.52,659.03,329.10,121.55,100.20,0.9258,150.0000,0.9258,0
877,11:59:46.893,ROI,160,160,256,256,7.35,7.84,0.0,0.0,127.58,655.82,328.80,125.95,100.40,0.9375,150.0000,0.9375,0
878,11:59:46.924,ROI,160,160,256,256,8.45,8.80,0.0,0.0,113.66,654.32,327.00,124.55,102.00,0.9111,150.0000,0.9111,0
879,11:59:46.957,ROI,160,160,256,256,8.32,8.82,0.0,44.275,113.37,653.30,326.27,122.80,101.05,0.9277,150.0000,0.9277,0
880,11:59:46.990,ROI,160,160,256,256,8.40,8.79,0.0,0.0,113.83,652.82,324.77,122.95,103.05,0.9199,150.0000,0.9199,0
881,11:59:47.020,ROI,160,160,256,256,8.48,8.96,0.0,0.0,111.63,650.28,323.58,125.05,103.65,0.9141,150.0000,0.9141,0
882,11:59:47.054,ROI,160,160,256,256,8.69,9.07,0.0,43.1,110.28,649.50,323.45,126.00,103.30,0.8936,150.0000,0.8936,0
883,11:59:47.100,ROI,160,160,256,256,8.43,8.92,0.0,0.0,112.14,648.45,322.55,125.10,104.30,0.9077,150.0000,0.9077,0
884,11:59:47.133,ROI,160,160,256,256,8.11,8.57,0.0,0.0,116.75,648.93,320.75,120.95,102.90,0.8950,150.0000,0.8950,0
885,11:59:47.165,ROI,160,160,256,256,8.12,8.61,0.0,0.0,116.21,648.00,319.95,116.40,102.30,0.8423,150.0000,0.8423,0
886,11:59:47.197,ROI,160,160,256,256,7.19,7.54,0.0,51.75,132.60,646.28,319.53,117.05,102.75,0.8521,150.0000,0.8521,0
887,11:59:47.230,ROI,160,160,256,256,8.85,9.46,0.0,0.0,105.67,644.57,318.25,112.45,103.90,0.8896,120.0000,0.8896,0
888,11:59:47.261,ROI,160,160,256,256,8.22,8.57,0.0,0.0,116.65,645.78,318.67,115.25,104.25,0.8364,135.0000,0.8364,0
889,11:59:47.294,ROI,160,160,256,256,7.31,7.66,0.0,0.0,130.61,644.07,316.90,114.45,105.40,0.8799,120.0000,0.8799,0
890,11:59:47.325,ROI,160,160,256,256,8.08,8.43,0.0,0.0,118.66,639.62,315.85,117.15,105.50,0.7744,120.0000,0.7744,0
891,11:59:47.358,ROI,160,160,256,256,8.04,8.57,0.0,0.0,116.73,638.33,314.10,116.15,106.40,0.9414,120.0000,0.9414,0
892,11:59:47.388,ROI,160,160,256,256,8.05,8.44,0.0,0.0,118.54,638.80,312.77,108.00,106.05,0.9541,120.0000,0.9541,0
893,11:59:47.420,ROI,160,160,224,224,7.39,7.86,0.0,0.0,127.15,640.28,312.20,105.88,105.66,0.7070,120.0000,0.7070,0
894,11:59:47.468,ROI,160,160,224,224,8.55,8.88,0.0,0.0,112.57,641.27,312.94,106.14,103.99,0.7593,135.0000,0.7593,0
895,11:59:47.500,ROI,160,160,224,224,8.29,8.76,0.0,0.0,114.10,640.19,311.54,105.22,105.74,0.7983,135.0000,0.7983,0
896,11:59:47.532,ROI,160,160,224,224,8.32,8.66,0.0,0.0,115.44,638.95,309.95,103.25,105.70,0.7759,135.0000,0.7759,0
897,11:59:47.566,ROI,160,160,224,224,8.42,8.91,0.0,0.0,112.21,637.89,308.63,103.82,107.49,0.8447,135.0000,0.8447,0
898,11:59:47.597,ROI,160,160,224,224,7.82,8.17,0.0,0.0,122.45,634.35,307.96,102.77,108.94,0.8081,120.0000,0.8081,0
899,11:59:47.628,ROI,160,160,224,224,8.20,8.55,0.0,0.0,117.01,632.34,306.32,103.25,110.91,0.9248,120.0000,0.9248,0
900,11:59:47.660,ROI,160,160,224,224,7.84,8.17,0.0,0.0,122.45,631.83,304.77,101.15,110.25,0.9414,105.0000,0.9414,0
901,11:59:47.692,ROI,160,160,224,224,8.41,8.85,0.0,44.125,112.97,632.16,306.56,100.93,108.98,0.9536,120.0000,0.9536,0
902,11:59:47.724,ROI,160,160,224,224,8.08,8.56,0.0,0.0,116.85,630.32,305.45,101.02,110.47,0.9517,120.0000,0.9517,0
903,11:59:47.756,ROI,160,160,224,224,7.88,8.35,0.0,0.0,119.79,629.83,304.26,98.53,110.34,0.9707,105.0000,0.9707,0
904,11:59:47.804,ROI,160,160,224,224,8.84,9.19,0.0,42.5,108.82,629.98,303.45,97.78,110.29,0.9844,105.0000,0.9844,0
905,11:59:47.836,ROI,160,160,224,224,8.04,8.54,0.0,0.0,117.08,629.35,302.04,95.90,108.68,0.9854,105.0000,0.9854,0
906,11:59:47.870,ROI,160,160,224,224,8.44,8.79,0.0,44.475,113.82,628.30,300.25,95.90,109.20,0.9844,105.0000,0.9844,0
907,11:59:47.901,ROI,160,160,224,224,8.11,8.57,0.0,45.575,116.66,626.99,298.91,99.31,111.21,0.9771,105.0000,0.9771,0
908,11:59:47.932,ROI,160,160,224,224,7.59,7.92,0.0,0.0,126.31,626.53,299.77,99.75,108.98,0.9873,105.0000,0.9873,0
909,11:59:47.966,ROI,160,160,224,224,8.20,8.57,0.0,0.0,116.73,626.57,298.89,96.69,107.67,0.9780,105.0000,0.9780,0
910,11:59:47.996,ROI,160,160,224,224,8.26,8.60,0.0,45.4,116.23,625.98,296.69,95.94,112.00,0.9844,105.0000,0.9844,0
911,11:59:48.030,ROI,160,160,224,224,8.73,9.28,0.0,0.0,107.73,624.96,296.33,97.56,107.49,0.9751,105.0000,0.9751,0
912,11:59:48.060,ROI,160,160,224,224,8.04,8.38,0.0,0.0,119.40,625.31,295.02,94.50,106.97,0.9790,105.0000,0.9790,0
913,11:59:48.092,ROI,160,160,224,224,8.18,8.64,0.0,0.0,115.70,625.15,294.87,95.24,106.66,0.9741,105.0000,0.9741,0
914,11:59:48.140,ROI,160,160,224,224,8.55,8.88,0.0,0.0,112.57,622.92,293.21,98.66,107.45,0.9771,105.0000,0.9771,0
915,11:59:48.174,ROI,160,160,224,224,8.09,8.55,15.725,0.0,116.95,623.92,291.67,94.85,106.27,0.9727,105.0000,0.9727,0
916,11:59:48.204,ROI,160,160,224,224,8.03,8.36,0.0,0.0,119.57,622.52,290.83,97.56,106.23,0.9614,105.0000,0.9614,0
917,11:59:48.237,ROI,160,160,224,224,7.99,8.39,0.0,0.0,119.15,622.04,289.04,95.99,106.93,0.9741,105.0000,0.9741,0
918,11:59:48.269,ROI,160,160,224,224,8.02,8.46,0.0,0.0,118.20,621.67,287.23,95.86,107.49,0.9731,105.0000,0.9731,0
919,11:59:48.302,ROI,160,160,224,224,8.36,8.81,0.0,0.0,113.45,623.10,286.04,96.25,106.22,0.9551,105.0000,0.9551,0
920,11:59:48.332,ROI,160,160,224,224,7.44,7.78,0.0,0.0,128.55,620.66,284.91,97.08,106.31,0.9751,105.0000,0.9751,0
921,11:59:48.364,ROI,160,160,224,224,8.04,8.49,0.0,46.025,117.80,620.53,283.39,98.88,105.88,0.9658,105.0000,0.9658,0
922,11:59:48.397,ROI,160,160,224,224,7.37,7.71,0.0,50.675,129.69,620.35,281.62,98.70,106.71,0.9419,105.0000,0.9419,0
923,11:59:48.428,ROI,160,160,224,224,7.37,7.83,0.0,49.875,127.63,619.67,281.70,96.03,105.70,0.9473,105.0000,0.9473,0
924,11:59:48.462,ROI,160,160,224,224,7.37,7.70,0.0,0.0,129.86,619.85,280.54,93.14,103.99,0.9497,105.0000,0.9497,0
925,11:59:48.492,ROI,160,160,224,224,7.38,7.86,0.0,49.675,127.15,619.72,280.90,92.36,103.21,0.9370,105.0000,0.9370,0
926,11:59:48.540,ROI,160,160,224,224,7.78,8.11,0.0,0.0,123.28,617.47,279.41,98.09,105.13,0.9541,105.0000,0.9541,0
927,11:59:48.572,ROI,160,160,224,224,8.49,8.95,0.0,0.0,111.74,618.49,277.16,95.38,107.97,0.9258,90.0000,0.9258,0
928,11:59:48.604,ROI,160,160,224,224,8.66,9.03,0.0,0.0,110.76,619.55,276.56,92.62,109.72,0.9336,105.0000,0.9336,0
929,11:59:48.637,ROI,160,160,224,224,9.89,10.32,16.25,0.0,96.88,618.39,275.80,95.90,111.52,0.9561,105.0000,0.9561,0
930,11:59:48.671,ROI,160,160,224,224,7.62,7.95,0.0,0.0,125.77,619.60,273.99,92.36,110.69,0.9375,90.0000,0.9375,0
931,11:59:48.702,ROI,160,160,224,224,7.50,7.98,0.0,0.0,125.32,618.21,274.79,95.38,107.71,0.9507,105.0000,0.9507,0
932,11:59:48.732,ROI,160,160,224,224,7.75,8.09,0.0,0.0,123.61,620.36,272.75,93.45,108.54,0.9453,90.0000,0.9453,0
933,11:59:48.764,ROI,160,160,224,224,7.90,8.24,0.0,0.0,121.37,618.78,271.91,94.85,108.68,0.9536,90.0000,0.9536,0
934,11:59:48.796,ROI,160,160,224,224,8.18,8.53,16.275,0.0,117.25,620.73,272.73,89.56,110.64,0.9429,90.0000,0.9429,0
935,11:59:48.828,ROI,160,160,224,224,8.98,9.44,0.0,0.0,105.97,618.49,270.10,96.12,111.08,0.9429,90.0000,0.9429,0
936,11:59:48.860,ROI,160,160,224,224,7.62,7.95,0.0,0.0,125.78,620.49,268.93,91.26,112.04,0.9028,90.0000,0.9028,0
937,11:59:48.908,ROI,160,160,256,256,8.92,9.41,0.0,0.0,106.28,616.97,269.55,95.65,109.50,0.9717,90.0000,0.9717,0
938,11:59:48.942,ROI,160,160,224,224,8.31,8.65,0.0,0.0,115.64,619.83,266.68,92.62,109.64,0.9438,90.0000,0.9438,0
939,11:59:48.972,ROI,160,160,224,224,9.05,9.50,0.0,0.0,105.22,620.53,267.29,93.89,110.82,0.9219,90.0000,0.9219,0
940,11:59:49.004,ROI,160,160,224,224,8.33,8.67,0.0,45.05,115.32,618.99,262.82,98.09,109.86,0.9224,90.0000,0.9224,0
941,11:59:49.038,ROI,160,160,224,224,9.25,9.73,0.0,0.0,102.82,623.43,263.44,88.20,101.41,0.9053,90.0000,0.9053,0
942,11:59:49.068,ROI,160,160,224,224,8.53,8.85,0.0,44.15,113.01,619.76,262.69,96.78,106.66,0.9072,90.0000,0.9072,0
943,11:59:49.100,ROI,160,160,224,224,8.93,9.37,0.0,41.7,106.72,621.78,262.31,93.67,107.01,0.8569,90.0000,0.8569,0
944,11:59:49.132,ROI,160,160,224,224,9.01,9.35,0.0,0.0,106.92,620.72,259.94,94.89,108.94,0.8789,90.0000,0.8789,0
945,11:59:49.166,ROI,160,160,224,224,8.13,8.60,0.0,0.0,116.26,621.79,259.24,93.19,105.04,0.8833,90.0000,0.8833,0
946,11:59:49.196,ROI,160,160,224,224,8.53,8.88,0.0,44.0,112.60,620.91,257.25,92.05,105.70,0.8804,75.0000,0.8804,0
947,11:59:49.244,ROI,160,160,224,224,7.33,7.68,0.0,50.9,130.27,621.55,256.12,95.59,106.05,0.8628,90.0000,0.8628,0
948,11:59:49.278,ROI,160,160,224,224,8.14,8.47,0.0,46.1,118.05,623.41,255.23,89.86,105.13,0.8965,75.0000,0.8965,0
949,11:59:49.308,ROI,160,160,224,224,8.35,8.81,0.0,0.0,113.50,621.73,253.32,91.79,106.97,0.9268,75.0000,0.9268,0
950,11:59:49.341,ROI,160,160,224,224,7.87,8.22,0.0,47.525,121.66,622.93,253.28,92.05,107.23,0.9194,75.0000,0.9194,0
951,11:59:49.372,ROI,160,160,224,224,8.39,8.85,0.0,0.0,112.99,622.35,251.49,95.55,106.09,0.9316,75.0000,0.9316,0
952,11:59:49.404,ROI,160,160,224,224,7.59,7.93,0.0,0.0,126.12,623.18,249.99,93.36,104.56,0.9312,75.0000,0.9312,0
953,11:59:49.437,ROI,160,160,224,224,8.27,8.70,0.0,0.0,114.93,622.47,249.59,93.10,105.92,0.9243,75.0000,0.9243,0
954,11:59:49.451,ROI,160,160,224,224,8.21,8.55,0.0,0.0,117.01,624.65,249.63,88.51,106.53,0.9473,75.0000,0.9473,0
955,11:59:49.470,ROI,160,160,224,224,8.76,9.16,36.525,0.0,109.22,624.48,247.53,93.89,105.13,0.9302,75.0000,0.9302,0
956,11:59:49.532,ROI,160,160,224,224,7.65,7.99,7.35,0.0,125.23,625.31,245.91,93.28,104.74,0.9395,75.0000,0.9395,0
957,11:59:49.580,ROI,160,160,224,224,8.17,8.56,0.0,0.0,116.88,626.40,245.22,94.50,104.21,0.9634,75.0000,0.9634,0
958,11:59:49.612,ROI,160,160,224,224,8.48,8.91,0.0,0.0,112.22,626.63,244.19,92.71,102.07,0.9614,75.0000,0.9614,0
959,11:59:49.646,ROI,160,160,224,224,6.88,7.46,0.0,0.0,133.96,627.38,243.32,90.34,101.63,0.9570,75.0000,0.9570,0
960,11:59:49.676,ROI,160,160,224,224,7.14,7.48,0.0,0.0,133.73,627.85,242.54,88.07,100.32,0.9429,75.0000,0.9429,0
961,11:59:49.709,ROI,160,160,224,224,8.33,8.68,0.0,0.0,115.23,629.76,241.39,89.69,99.92,0.9507,75.0000,0.9507,0
962,11:59:49.740,ROI,160,160,224,224,8.25,8.59,0.0,45.475,116.40,628.45,240.80,89.47,99.44,0.9658,75.0000,0.9658,0
963,11:59:49.772,ROI,160,160,224,224,8.02,8.47,0.0,0.0,118.07,630.14,239.63,93.36,99.62,0.9570,75.0000,0.9570,0
964,11:59:49.804,ROI,160,160,224,224,8.19,8.52,0.0,0.0,117.35,631.33,237.75,89.56,98.92,0.9668,75.0000,0.9668,0
965,11:59:49.818,ROI,160,160,224,224,8.74,9.23,0.0,0.0,108.40,631.04,237.85,90.91,99.79,0.9697,75.0000,0.9697,0
966,11:59:49.837,ROI,160,160,224,224,7.14,7.50,0.0,0.0,133.34,632.12,236.65,90.87,99.75,0.9668,75.0000,0.9668,0
967,11:59:49.868,ROI,160,160,224,224,9.70,10.19,0.0,0.0,98.16,633.64,235.67,91.57,100.93,0.9580,75.0000,0.9580,0
968,11:59:49.932,ROI,160,160,224,224,7.52,7.84,0.0,49.8,127.50,634.20,234.08,92.09,100.36,0.9541,75.0000,0.9541,0
969,11:59:49.980,ROI,160,160,224,224,7.15,7.62,0.0,0.0,131.26,635.62,233.04,94.76,100.62,0.9360,60.0000,0.9360,0
970,11:59:50.012,ROI,160,160,224,224,8.35,8.73,0.0,0.0,114.57,636.99,231.51,93.32,100.45,0.9375,60.0000,0.9375,0
971,11:59:50.044,ROI,160,160,224,224,8.04,8.49,0.0,0.0,117.73,636.74,231.04,97.21,101.94,0.9375,60.0000,0.9375,0
972,11:59:50.078,ROI,160,160,224,224,8.10,8.44,0.0,0.0,118.49,637.88,229.07,98.61,101.15,0.9360,60.0000,0.9360,0
973,11:59:50.109,ROI,160,160,224,224,7.54,7.98,17.175,0.0,125.28,638.71,228.65,97.39,100.98,0.9258,60.0000,0.9258,0
974,11:59:50.140,ROI,160,160,224,224,8.03,8.40,0.0,0.0,119.12,639.27,228.35,96.51,101.33,0.9429,75.0000,0.9429,0
975,11:59:50.172,ROI,160,160,224,224,7.52,7.97,0.0,0.0,125.45,640.09,227.69,96.69,100.54,0.9482,75.0000,0.9482,0
976,11:59:50.204,ROI,160,160,224,224,7.38,7.72,0.0,0.0,129.57,641.09,227.15,95.11,98.74,0.9414,75.0000,0.9414,0
977,11:59:50.216,ROI,160,160,224,224,7.22,7.68,0.0,0.0,130.15,641.26,227.22,95.03,98.09,0.9595,60.0000,0.9595,0
978,11:59:50.236,ROI,160,160,224,224,8.47,8.89,0.0,0.0,112.54,641.61,226.74,95.03,98.00,0.9453,60.0000,0.9453,0
979,11:59:50.268,ROI,160,160,224,224,7.89,8.32,0.0,0.0,120.13,643.28,225.23,96.60,97.08,0.9429,60.0000,0.9429,0
980,11:59:50.332,ROI,160,160,224,224,7.21,7.54,0.0,0.0,132.67,644.36,224.67,97.39,96.73,0.9497,60.0000,0.9497,0
981,11:59:50.380,ROI,160,160,224,224,8.11,8.45,0.0,0.0,118.29,644.79,223.85,96.95,96.21,0.9429,60.0000,0.9429,0
982,11:59:50.412,ROI,160,160,224,224,8.55,8.88,0.0,43.975,112.57,646.14,222.17,97.21,95.29,0.9438,60.0000,0.9438,0
983,11:59:50.446,ROI,160,160,224,224,7.94,8.41,0.0,46.5,118.96,646.77,221.34,97.34,92.66,0.9492,60.0000,0.9492,0
984,11:59:50.476,ROI,160,160,224,224,7.51,7.85,0.0,0.0,127.35,647.53,220.17,98.79,91.79,0.9258,60.0000,0.9258,0
985,11:59:50.509,ROI,160,160,224,224,8.12,8.79,0.0,0.0,113.71,648.55,219.69,98.92,91.79,0.9370,60.0000,0.9370,0
986,11:59:50.540,ROI,160,160,224,224,8.30,8.64,0.0,0.0,115.75,648.09,220.33,99.40,92.88,0.9248,60.0000,0.9248,0
987,11:59:50.572,ROI,160,160,224,224,7.38,7.94,0.0,49.225,126.00,649.62,218.56,100.71,89.86,0.9326,60.0000,0.9326,0
988,11:59:50.585,ROI,160,160,224,224,7.17,7.52,0.0,0.0,133.06,649.85,218.61,99.62,91.70,0.9351,60.0000,0.9351,0
989,11:59:50.604,ROI,160,160,224,224,7.64,8.12,35.35,0.0,123.21,650.84,217.80,102.02,90.87,0.9282,60.0000,0.9282,0
990,11:59:50.638,ROI,160,160,224,224,8.26,8.60,0.0,0.0,116.21,652.06,216.98,101.59,87.72,0.9233,60.0000,0.9233,0
991,11:59:50.668,ROI,160,160,224,224,7.35,7.81,0.0,0.0,128.06,653.07,215.96,102.86,88.11,0.9048,60.0000,0.9048,0
992,11:59:50.749,ROI,160,160,224,224,8.39,8.77,0.0,0.0,114.07,654.20,214.87,103.99,88.46,0.8477,45.0000,0.8477,0
993,11:59:50.781,ROI,160,160,224,224,8.17,8.64,0.0,0.0,115.70,654.26,214.83,103.95,85.84,0.8540,45.0000,0.8540,0
994,11:59:50.813,ROI,160,160,224,224,8.38,8.71,0.0,0.0,114.77,657.81,213.52,104.91,84.61,0.8599,45.0000,0.8599,0
995,11:59:50.844,ROI,160,160,224,224,7.73,8.19,0.0,0.0,122.04,657.04,213.04,104.56,85.66,0.8628,45.0000,0.8628,0
996,11:59:50.876,ROI,160,160,224,224,8.50,8.83,0.0,0.0,113.28,660.72,211.97,107.01,85.36,0.8574,45.0000,0.8574,0
997,11:59:50.909,ROI,160,160,224,224,8.19,8.66,0.0,0.0,115.48,661.97,209.97,113.14,83.08,0.9072,30.0000,0.9072,0
998,11:59:50.921,ROI,160,160,256,256,8.23,8.57,0.0,0.0,116.63,662.50,211.43,109.00,84.15,0.7759,45.0000,0.7759,0
999,11:59:50.939,ROI,160,160,224,224,8.52,8.99,0.0,0.0,111.22,662.50,209.67,114.84,83.17,0.9160,30.0000,0.9160,0
1000,11:59:50.972,ROI,160,160,256,256,7.89,8.24,0.0,0.0,121.41,663.30,210.90,109.40,84.80,0.7852,30.0000,0.7852,0
1001,11:59:51.005,ROI,160,160,224,224,8.37,8.97,31.6,0.0,111.50,664.47,209.52,114.67,81.81,0.9092,30.0000,0.9092,0
1002,11:59:51.037,ROI,160,160,256,256,7.36,7.75,0.0,0.0,129.08,666.90,208.25,111.60,81.50,0.8906,30.0000,0.8906,0
1003,11:59:51.086,ROI,160,160,224,224,7.28,7.76,0.0,0.0,128.79,666.28,207.93,116.68,78.71,0.9077,30.0000,0.9077,0
1004,11:59:51.149,ROI,160,160,256,256,8.66,9.09,0.0,42.975,110.03,671.38,206.12,116.05,80.15,0.9087,30.0000,0.9087,0
1005,11:59:51.180,ROI,160,160,256,256,8.41,8.89,0.0,0.0,112.48,669.90,206.50,116.00,80.00,0.8750,15.0000,0.8750,0
1006,11:59:51.212,ROI,160,160,256,256,7.37,7.72,0.0,0.0,129.52,672.62,205.62,112.75,80.15,0.9014,15.0000,0.9014,0
1007,11:59:51.246,ROI,160,160,256,256,7.31,7.86,0.0,0.0,127.18,673.07,206.65,113.05,79.30,0.9185,15.0000,0.9185,0
1008,11:59:51.277,ROI,160,160,256,256,6.74,7.10,0.0,0.0,140.90,675.65,204.25,114.30,79.90,0.9092,15.0000,0.9092,0
1009,11:59:51.289,ROI,160,160,256,256,8.32,8.80,0.0,0.0,113.64,674.35,205.40,114.50,78.00,0.8960,15.0000,0.8960,0
1010,11:59:51.308,ROI,160,160,256,256,8.02,8.38,0.0,0.0,119.38,675.80,204.45,116.40,80.90,0.9302,15.0000,0.9302,0
1011,11:59:51.340,ROI,160,160,256,256,7.82,8.30,0.0,0.0,120.55,678.78,203.55,115.25,79.90,0.9360,15.0000,0.9360,0
1012,11:59:51.372,ROI,160,160,256,256,6.70,7.07,0.0,0.0,141.42,676.40,203.52,118.00,78.55,0.8945,15.0000,0.8945,0
1013,11:59:51.420,ROI,160,160,256,256,6.71,7.22,0.0,0.0,138.50,680.58,202.70,115.25,80.20,0.9326,15.0000,0.9326,0
1014,11:59:51.452,ROI,160,160,256,256,7.44,7.89,0.0,0.0,126.71,680.62,203.65,114.35,79.50,0.9038,15.0000,0.9038,0
1015,11:59:51.484,ROI,160,160,256,256,8.42,8.88,15.775,0.0,112.65,682.38,202.90,115.65,80.20,0.9302,15.0000,0.9302,0
1016,11:59:51.548,ROI,160,160,256,256,10.05,10.40,0.0,0.0,96.19,685.50,201.40,117.80,78.60,0.9429,15.0000,0.9429,0
1017,11:59:51.580,ROI,160,160,256,256,8.34,8.70,0.0,0.0,114.91,687.00,202.65,118.80,77.10,0.9590,15.0000,0.9590,0
1018,11:59:51.612,ROI,160,160,256,256,8.80,9.16,0.0,0.0,109.22,687.00,202.20,116.00,77.20,0.9351,15.0000,0.9351,0
1019,11:59:51.646,ROI,160,160,256,256,8.10,8.63,0.0,0.0,115.93,688.57,201.60,114.45,78.40,0.9482,15.0000,0.9482,0
1020,11:59:51.659,ROI,160,160,256,256,8.48,8.84,0.0,0.0,113.18,689.22,202.30,115.95,76.60,0.9551,15.0000,0.9551,0
1021,11:59:51.676,ROI,160,160,256,256,8.86,9.23,47.825,0.0,108.30,689.93,201.25,114.95,78.90,0.9482,15.0000,0.9482,0
1022,11:59:51.708,ROI,160,160,256,256,8.69,9.03,0.0,0.0,110.69,691.88,201.48,115.45,79.45,0.9570,15.0000,0.9570,0
1023,11:59:51.740,ROI,160,160,256,256,8.79,9.26,0.0,0.0,108.02,692.15,200.90,116.10,79.80,0.9419,15.0000,0.9419,0
1024,11:59:51.773,ROI,160,160,256,256,7.75,8.09,0.0,0.0,123.65,692.97,201.35,115.05,81.10,0.9463,15.0000,0.9463,0
1025,11:59:51.820,ROI,160,160,256,256,8.69,9.11,0.0,0.0,109.81,693.47,200.73,115.05,79.35,0.9404,15.0000,0.9404,0
1026,11:59:51.853,ROI,160,160,256,256,7.67,8.02,0.0,0.0,124.71,696.45,200.82,114.90,80.35,0.9678,15.0000,0.9678,0
1027,11:59:51.884,ROI,160,160,256,256,8.58,9.11,0.0,0.0,109.81,696.20,200.90,115.60,81.60,0.9102,15.0000,0.9102,0
1028,11:59:51.948,ROI,160,160,256,256,8.20,8.54,0.0,0.0,117.12,700.80,201.35,118.00,81.70,0.9595,0.0000,0.9595,0
1029,11:59:51.981,ROI,160,160,256,256,8.08,8.58,0.0,0.0,116.49,699.92,201.00,116.35,81.40,0.8477,0.0000,0.8477,0
1030,11:59:52.013,ROI,160,160,256,256,8.94,9.27,0.0,0.0,107.82,701.20,200.95,112.80,81.70,0.8872,0.0000,0.8872,0
1031,11:59:52.026,ROI,160,160,256,256,8.58,9.08,0.0,43.05,110.17,701.85,200.83,114.30,81.55,0.8735,0.0000,0.8735,0
1032,11:59:52.044,ROI,160,160,256,256,7.67,8.01,0.0,0.0,124.82,702.78,201.10,114.85,82.60,0.8784,0.0000,0.8784,0
1033,11:59:52.076,ROI,160,160,256,256,8.45,8.92,0.0,0.0,112.11,703.28,201.12,115.25,82.55,0.8408,0.0000,0.8408,0
1034,11:59:52.108,ROI,160,160,256,256,9.20,9.54,17.0,0.0,104.77,704.85,201.15,114.50,81.50,0.8628,0.0000,0.8628,0
1035,11:59:52.141,ROI,160,160,256,256,8.28,8.75,0.0,0.0,114.30,705.92,201.30,115.75,82.60,0.8784,0.0000,0.8784,0
1036,11:59:52.189,ROI,160,160,256,256,8.27,8.61,0.0,0.0,116.13,706.35,200.60,115.90,82.20,0.8716,0.0000,0.8716,0
1037,11:59:52.220,ROI,160,160,256,256,8.61,9.03,0.0,0.0,110.70,707.33,200.70,116.75,81.60,0.8442,0.0000,0.8442,0
1038,11:59:52.253,ROI,160,160,256,256,7.35,7.70,0.0,0.0,129.86,708.55,200.45,117.30,81.50,0.8599,0.0000,0.8599,0
1039,11:59:52.286,ROI,160,160,256,256,7.67,8.20,0.0,0.0,121.94,709.58,200.38,115.65,80.85,0.8706,0.0000,0.8706,0
1040,11:59:52.348,ROI,160,160,256,256,8.39,8.86,0.0,0.0,112.90,709.60,200.68,117.20,81.45,0.8628,0.0000,0.8628,0
1041,11:59:52.381,ROI,160,160,256,256,7.33,7.67,0.0,50.95,130.38,709.60,200.68,117.20,81.45,0.8628,0.0000,0.8628,0
1042,11:59:52.395,ROI,160,160,256,256,7.51,7.99,0.0,0.0,125.11,709.60,200.68,117.20,81.45,0.8628,0.0000,0.8628,0
1043,11:59:52.413,ROI,160,160,256,256,8.07,8.41,0.0,0.0,118.85,710.20,200.65,116.20,80.30,0.8633,0.0000,0.8633,0
1044,11:59:52.444,ROI,160,160,256,256,8.48,9.01,0.0,0.0,110.98,710.03,200.50,116.35,81.00,0.8354,0.0000,0.8354,0
1045,11:59:52.476,ROI,160,160,256,256,8.21,8.56,0.0,0.0,116.79,710.32,200.70,116.55,81.00,0.8589,0.0000,0.8589,0
1046,11:59:52.524,ROI,160,160,256,256,7.12,7.60,0.0,51.425,131.62,710.70,200.52,115.80,80.95,0.8647,0.0000,0.8647,0
1047,11:59:52.556,ROI,160,160,256,256,8.06,8.43,0.0,0.0,118.68,710.80,200.75,116.00,81.50,0.8647,0.0000,0.8647,0
1048,11:59:52.588,ROI,160,160,256,256,8.65,9.14,0.0,0.0,109.38,710.80,200.95,116.00,81.30,0.8604,0.0000,0.8604,0
1049,11:59:52.620,ROI,160,160,256,256,7.68,8.05,0.0,48.525,124.18,710.80,200.95,116.00,81.30,0.8604,0.0000,0.8604,0
1050,11:59:52.652,ROI,160,160,256,256,8.40,8.97,0.0,43.575,111.52,711.47,200.80,115.05,81.60,0.8496,0.0000,0.8496,0
1051,11:59:52.686,ROI,160,160,256,256,8.96,9.30,0.0,0.0,107.57,711.60,201.02,114.40,81.35,0.8613,0.0000,0.8613,0
1052,11:59:52.717,ROI,160,160,256,256,8.52,9.00,0.0,0.0,111.17,711.55,200.52,114.90,80.95,0.8784,0.0000,0.8784,0
1053,11:59:52.748,ROI,160,160,256,256,8.52,8.88,0.0,0.0,112.60,711.92,201.00,114.15,81.40,0.8672,0.0000,0.8672,0
1054,11:59:52.780,ROI,160,160,256,256,7.40,7.77,0.0,0.0,128.75,711.78,200.50,114.85,80.60,0.8813,0.0000,0.8813,0
1055,11:59:52.812,ROI,160,160,256,256,8.38,8.73,0.0,0.0,114.58,711.65,200.90,114.30,81.00,0.8589,0.0000,0.8589,0
1056,11:59:52.860,ROI,160,160,256,256,8.53,9.05,0.0,0.0,110.53,711.22,201.25,114.75,81.50,0.8477,0.0000,0.8477,0
1057,11:59:52.893,ROI,160,160,256,256,8.09,8.42,0.0,0.0,118.79,711.80,200.40,114.80,81.20,0.8960,0.0000,0.8960,0
1058,11:59:52.924,ROI,160,160,256,256,8.22,8.71,17.075,0.0,114.85,711.75,200.95,114.50,81.10,0.8628,0.0000,0.8628,0
1059,11:59:52.956,ROI,160,160,256,256,7.55,7.89,0.0,0.0,126.70,711.92,200.95,114.15,81.30,0.8716,0.0000,0.8716,0
1060,11:59:52.989,ROI,160,160,256,256,8.42,8.77,0.0,44.525,113.98,712.00,200.85,114.00,81.10,0.8672,0.0000,0.8672,0
1061,11:59:53.020,ROI,160,160,256,256,7.20,7.55,0.0,0.0,132.43,711.70,201.15,115.80,82.70,0.8442,0.0000,0.8442,0
1062,11:59:53.053,ROI,160,160,256,256,8.55,9.06,0.0,0.0,110.36,711.90,200.48,114.60,81.05,0.8789,0.0000,0.8789,0
1063,11:59:53.084,ROI,160,160,256,256,8.40,8.76,0.0,0.0,114.19,711.97,200.93,114.05,81.35,0.8613,0.0000,0.8613,0
1064,11:59:53.116,ROI,160,160,256,256,7.80,8.32,0.0,0.0,120.18,712.05,200.90,113.90,81.20,0.8706,0.0000,0.8706,0
1065,11:59:53.148,ROI,160,160,256,256,7.43,7.77,0.0,0.0,128.69,711.47,201.30,116.25,82.60,0.8398,0.0000,0.8398,0
1066,11:59:53.180,ROI,160,160,256,256,8.14,8.51,0.0,0.0,117.50,711.65,200.68,115.50,80.65,0.8975,0.0000,0.8975,0
1067,11:59:53.212,ROI,160,160,256,256,8.03,8.39,0.0,46.55,119.15,711.60,201.03,114.80,81.15,0.8716,0.0000,0.8716,0
1068,11:59:53.260,ROI,160,160,256,256,8.09,8.46,0.0,0.0,118.14,711.70,200.68,115.00,80.85,0.8945,0.0000,0.8945,0
1069,11:59:53.292,ROI,160,160,256,256,7.71,8.06,0.0,0.0,124.14,711.80,201.15,114.20,81.30,0.8789,0.0000,0.8789,0
1070,11:59:53.324,ROI,160,160,256,256,7.69,8.16,0.0,0.0,122.50,711.65,200.52,115.10,80.95,0.9077,0.0000,0.9077,0
1071,11:59:53.356,ROI,160,160,256,256,8.41,8.78,0.0,0.0,113.84,712.00,201.05,113.60,81.10,0.8784,0.0000,0.8784,0
1072,11:59:53.389,ROI,160,160,256,256,8.16,8.52,0.0,0.0,117.32,711.70,200.85,116.60,81.90,0.8721,0.0000,0.8721,0
1073,11:59:53.420,ROI,160,160,256,256,7.70,8.06,0.0,0.0,124.09,712.22,200.95,113.55,80.90,0.8828,0.0000,0.8828,0
1074,11:59:53.452,ROI,160,160,256,256,7.80,8.15,0.0,0.0,122.69,711.72,201.35,115.75,82.50,0.8447,0.0000,0.8447,0
1075,11:59:53.484,ROI,160,160,256,256,7.90,8.26,0.0,0.0,121.00,711.85,200.70,114.70,81.00,0.8960,0.0000,0.8960,0
1076,11:59:53.516,ROI,160,160,256,256,7.93,8.28,0.0,0.0,120.77,712.05,200.98,113.90,81.05,0.8813,0.0000,0.8813,0
1077,11:59:53.549,ROI,160,160,256,256,8.26,8.74,0.0,0.0,114.40,711.67,201.40,115.85,82.60,0.8408,0.0000,0.8408,0
1078,11:59:53.580,ROI,160,160,256,256,7.39,7.73,0.0,0.0,129.35,711.70,200.62,114.80,80.75,0.8999,0.0000,0.8999,0
1079,11:59:53.613,ROI,160,160,256,256,8.67,9.31,0.0,42.0,107.45,712.05,200.88,113.90,81.05,0.8799,0.0000,0.8799,0
1080,11:59:53.660,ROI,160,160,256,256,7.42,7.77,0.0,0.0,128.71,711.60,201.20,116.40,82.40,0.8379,0.0000,0.8379,0
1081,11:59:53.693,ROI,160,160,256,256,9.20,9.56,0.0,0.0,104.56,711.75,200.65,115.10,80.70,0.9028,0.0000,0.9028,0
1082,11:59:53.724,ROI,160,160,256,256,8.17,8.52,0.0,0.0,117.42,711.80,200.85,114.00,81.30,0.8735,0.0000,0.8735,0
1083,11:59:53.757,ROI,160,160,256,256,11.20,12.09,0.0,0.0,82.71,711.95,201.00,114.10,81.60,0.8750,0.0000,0.8750,0
1084,11:59:53.790,ROI,160,160,256,256,7.25,7.60,0.0,0.0,131.51,711.90,200.70,114.60,80.60,0.8906,0.0000,0.8906,0
1085,11:59:53.820,ROI,160,160,256,256,8.50,9.02,0.0,0.0,110.82,711.95,200.90,113.70,81.00,0.8730,0.0000,0.8730,0
1086,11:59:53.853,ROI,160,160,256,256,8.09,8.43,0.0,46.35,118.63,712.00,200.90,114.00,81.40,0.8750,0.0000,0.8750,0
1087,11:59:53.886,ROI,160,160,256,256,9.40,9.96,0.0,0.0,100.42,711.75,201.20,115.70,82.40,0.8472,0.0000,0.8472,0
1088,11:59:53.918,ROI,160,160,256,256,7.67,8.02,0.0,48.75,124.76,711.85,200.62,114.30,80.75,0.8965,0.0000,0.8965,0
