anchor_rank,anchor_index,group_id,best_class_id,best_class,best_conf,vector_magnitude,estimated_angle,vector_x,vector_y,x_center_160,y_center_160,width_160,height_160,color_b,color_g,color_r,color_hex,score_Leanbot_0,score_Leanbot_p15,score_Leanbot_p30,score_Leanbot_p45,score_Leanbot_p60,score_Leanbot_p75,score_Leanbot_p90,score_Leanbot_p105,score_Leanbot_p120,score_Leanbot_p135,score_Leanbot_p150,score_Leanbot_p165,score_Leanbot_p180,score_Leanbot_p195,score_Leanbot_m150,score_Leanbot_m135,score_Leanbot_m120,score_Leanbot_m105,score_Leanbot_m90,score_Leanbot_m75,score_Leanbot_m60,score_Leanbot_m45,score_Leanbot_m30,score_Leanbot_m15,roi_x,roi_y,roi_width,roi_height,full_bbox_x1,full_bbox_y1,full_bbox_x2,full_bbox_y2,x1_160,y1_160,x2_160,y2_160,x_center_roi,y_center_roi,width_roi,height_roi,x1_origin,y1_origin,x2_origin,y2_origin,x_center_origin,y_center_origin,width_origin,height_origin,group_anchor_count,group_vector_magnitude,group_x_center_160,group_y_center_160,group_width_160,group_height_160,group_estimated_angle,full_best_conf,full_group_angle,full_group_vector_magnitude
1,189,1,1,Leanbot_p15,0.570312,1.111686,10.991348,1.091293,0.211955,81.750000,80.562500,81.625000,59.843750,25,25,255,#FF1919,0.349365,0.570312,0.099304,0.049957,0.004040,0.000213,0.000259,0.000981,0.000313,0.000220,0.000515,0.000300,0.000817,0.000202,0.000037,0.000371,0.000575,0.000617,0.000245,0.001099,0.000238,0.001240,0.014503,0.058868,519,262,256,256,585.818726,345.868744,709.781250,434.881256,40.937500,50.640625,122.562500,110.484375,130.800000,128.900000,130.600000,95.750000,584.500000,343.025000,715.100000,438.775000,649.800000,390.900000,130.600000,95.750000,30,3.750000,81.530000,81.040000,83.270000,61.120000,11.500000,0.002531,19.790000,0.020000
2,209,1,1,Leanbot_p15,0.412842,0.849935,9.635297,0.837946,0.142259,81.937500,81.312500,84.125000,61.750000,25,39,255,#FF2719,0.283447,0.412842,0.069153,0.033966,0.003752,0.000119,0.000177,0.000755,0.000255,0.000330,0.000294,0.000338,0.000782,0.000236,0.000021,0.000191,0.001090,0.000343,0.000232,0.001032,0.000409,0.002756,0.015900,0.058655,519,262,256,256,585.818726,345.868744,709.781250,434.881256,39.875000,50.437500,124.000000,112.187500,131.100000,130.100000,134.600000,98.800000,582.800000,342.700000,717.400000,441.500000,650.100000,392.100000,134.600000,98.800000,30,3.750000,81.530000,81.040000,83.270000,61.120000,11.500000,0.002531,19.790000,0.020000
3,190,1,1,Leanbot_p15,0.204346,0.433608,10.550527,0.426278,0.079395,80.375000,80.875000,82.500000,60.500000,25,53,255,#FF3519,0.122986,0.204346,0.062927,0.011246,0.003075,0.000158,0.000251,0.000785,0.000448,0.000527,0.000925,0.000174,0.000900,0.000373,0.000027,0.000158,0.001169,0.000328,0.000267,0.001048,0.000484,0.001531,0.006901,0.039490,519,262,256,256,585.818726,345.868744,709.781250,434.881256,39.125000,50.625000,121.625000,111.125000,128.600000,129.400000,132.000000,96.800000,581.600000,343.000000,713.600000,439.800000,647.600000,391.400000,132.000000,96.800000,30,3.750000,81.530000,81.040000,83.270000,61.120000,11.500000,0.002531,19.790000,0.020000
4,210,1,1,Leanbot_p15,0.199829,0.475869,11.444423,0.466408,0.094421,80.750000,82.062500,85.812500,63.250000,25,66,255,#FF4219,0.121216,0.199829,0.091370,0.019379,0.004349,0.000126,0.000308,0.001478,0.000614,0.000626,0.000495,0.000231,0.001090,0.000469,0.000021,0.000142,0.001024,0.000303,0.000185,0.001125,0.000285,0.002306,0.011917,0.050507,519,262,256,256,585.818726,345.868744,709.781250,434.881256,37.843750,50.437500,123.656250,113.687500,129.200000,131.300000,137.300000,101.200000,579.550000,342.700000,716.850000,443.900000,648.200000,393.300000,137.300000,101.200000,30,3.750000,81.530000,81.040000,83.270000,61.120000,11.500000,0.002531,19.790000,0.020000
5,208,1,1,Leanbot_p15,0.150757,0.306855,17.618326,0.292461,0.092877,82.062500,81.375000,82.750000,61.437500,25,80,255,#FF5019,0.049896,0.150757,0.052795,0.044098,0.003006,0.000532,0.000240,0.001009,0.000323,0.000092,0.000154,0.000210,0.000654,0.000263,0.000063,0.000276,0.000161,0.000408,0.000083,0.000515,0.000036,0.000358,0.005344,0.016083,519,262,256,256,585.818726,345.868744,709.781250,434.881256,40.687500,50.656250,123.437500,112.093750,131.300000,130.200000,132.400000,98.300000,584.100000,343.050000,716.500000,441.350000,650.300000,392.200000,132.400000,98.300000,30,3.750000,81.530000,81.040000,83.270000,61.120000,11.500000,0.002531,19.790000,0.020000
6,188,1,1,Leanbot_p15,0.107849,0.236135,15.597881,0.227439,0.063493,82.000000,80.250000,80.562500,59.312500,25,94,255,#FF5E19,0.042725,0.107849,0.042328,0.029938,0.002165,0.000296,0.000102,0.000651,0.000093,0.000031,0.000078,0.000180,0.000437,0.000231,0.000044,0.000247,0.000133,0.000391,0.000085,0.000515,0.000063,0.000414,0.007820,0.016403,519,262,256,256,585.818726,345.868744,709.781250,434.881256,41.718750,50.593750,122.281250,109.906250,131.200000,128.400000,128.900000,94.900000,585.750000,342.950000,714.650000,437.850000,650.200000,390.400000,128.900000,94.900000,30,3.750000,81.530000,81.040000,83.270000,61.120000,11.500000,0.002531,19.790000,0.020000
7,229,1,1,Leanbot_p15,0.029984,0.082601,14.619493,0.079927,0.020848,82.125000,81.687500,89.125000,67.875000,25,108,255,#FF6C19,0.021896,0.029984,0.012337,0.012962,0.001942,0.000106,0.000234,0.000551,0.000155,0.000145,0.000194,0.000118,0.000690,0.000117,0.000021,0.000318,0.000296,0.000287,0.000067,0.000501,0.000083,0.000572,0.002924,0.007233,519,262,256,256,585.818726,345.868744,709.781250,434.881256,37.562500,47.750000,126.687500,115.625000,131.400000,130.700000,142.600000,108.600000,579.100000,338.400000,721.700000,447.000000,650.400000,392.700000,142.600000,108.600000,30,3.750000,81.530000,81.040000,83.270000,61.120000,11.500000,0.002531,19.790000,0.020000
8,169,1,1,Leanbot_p15,0.026672,0.049474,15.113674,0.047762,0.012900,80.187500,78.750000,78.250000,55.500000,25,121,255,#FF7919,0.009789,0.026672,0.005600,0.006096,0.000683,0.000103,0.000080,0.000117,0.000042,0.000038,0.000062,0.000086,0.000158,0.000085,0.000016,0.000182,0.000158,0.000173,0.000085,0.000194,0.000067,0.000257,0.001112,0.002253,519,262,256,256,585.818726,345.868744,709.781250,434.881256,41.062500,51.000000,119.312500,106.500000,128.300000,126.000000,125.200000,88.800000,584.700000,343.600000,709.900000,432.400000,647.300000,388.000000,125.200000,88.800000,30,3.750000,81.530000,81.040000,83.270000,61.120000,11.500000,0.002531,19.790000,0.020000
9,170,1,1,Leanbot_p15,0.010330,0.027782,9.975351,0.027362,0.004813,79.562500,79.125000,79.500000,56.312500,25,135,255,#FF8719,0.007122,0.010330,0.004417,0.002981,0.000540,0.000157,0.000074,0.000134,0.000065,0.000090,0.000283,0.000084,0.000441,0.000079,0.000021,0.000202,0.000227,0.000240,0.000217,0.000474,0.000134,0.000267,0.001400,0.003868,519,262,256,256,585.818726,345.868744,709.781250,434.881256,39.812500,50.968750,119.312500,107.281250,127.300000,126.600000,127.200000,90.100000,582.700000,343.550000,709.900000,433.650000,646.300000,388.600000,127.200000,90.100000,30,3.750000,81.530000,81.040000,83.270000,61.120000,11.500000,0.002531,19.790000,0.020000
10,230,1,1,Leanbot_p15,0.008850,0.022835,16.142059,0.021934,0.006348,80.687500,83.000000,88.875000,69.250000,25,149,255,#FF9519,0.003511,0.008850,0.004555,0.003809,0.000677,0.000102,0.000169,0.000540,0.000105,0.000147,0.000096,0.000092,0.000276,0.000130,0.000022,0.000088,0.000336,0.000067,0.000065,0.000310,0.000055,0.000480,0.001438,0.002398,519,262,256,256,585.818726,345.868744,709.781250,434.881256,36.250000,48.375000,125.125000,117.625000,129.100000,132.800000,142.200000,110.800000,577.000000,339.400000,719.200000,450.200000,648.100000,394.800000,142.200000,110.800000,30,3.750000,81.530000,81.040000,83.270000,61.120000,11.500000,0.002531,19.790000,0.020000
11,455,1,0,Leanbot_0,0.008446,0.026599,-6.817461,0.026411,-0.003158,82.562500,82.375000,93.875000,64.187500,25,163,255,#FFA319,0.008446,0.004539,0.001112,0.000102,0.001467,0.000357,0.000617,0.001211,0.000139,0.000086,0.001768,0.000232,0.000114,0.000194,0.000187,0.000058,0.000894,0.000940,0.000257,0.000343,0.000989,0.000849,0.006878,0.008255,519,262,256,256,585.818726,345.868744,709.781250,434.881256,35.625000,50.281250,129.500000,114.468750,132.100000,131.800000,150.200000,102.700000,576.000000,342.450000,726.200000,445.150000,651.100000,393.800000,150.200000,102.700000,30,3.750000,81.530000,81.040000,83.270000,61.120000,11.500000,0.002531,19.790000,0.020000
12,228,1,1,Leanbot_p15,0.007881,0.020528,23.135971,0.018877,0.008066,82.750000,81.312500,87.250000,66.875000,25,176,255,#FFB019,0.003311,0.007881,0.003260,0.005978,0.000710,0.000127,0.000249,0.000174,0.000115,0.000075,0.000064,0.000074,0.000243,0.000088,0.000026,0.000171,0.000080,0.000232,0.000037,0.000111,0.000023,0.000123,0.000575,0.000771,519,262,256,256,585.818726,345.868744,709.781250,434.881256,39.125000,47.875000,126.375000,114.750000,132.400000,130.100000,139.600000,107.000000,581.600000,338.600000,721.200000,445.600000,651.400000,392.100000,139.600000,107.000000,30,3.750000,81.530000,81.040000,83.270000,61.120000,11.500000,0.002531,19.790000,0.020000
13,517,2,9,Leanbot_p135,0.007851,0.018186,101.646136,-0.003671,0.017812,77.500000,106.437500,107.500000,106.625000,25,190,255,#FFBE19,0.001867,0.004280,0.001797,0.002287,0.002434,0.002993,0.004593,0.001680,0.003637,0.007851,0.003708,0.001700,0.002287,0.000801,0.000451,0.001275,0.001543,0.001688,0.000974,0.000570,0.000424,0.001623,0.000664,0.001346,519,262,256,256,585.818726,345.868744,709.781250,434.881256,23.750000,53.125000,131.250000,159.750000,124.000000,170.300000,172.000000,170.600000,557.000000,347.000000,729.000000,517.600000,643.000000,432.300000,172.000000,170.600000,32,0.080000,76.150000,112.940000,113.570000,93.850000,105.800000,0.002531,19.790000,0.020000
14,522,2,9,Leanbot_p135,0.007401,0.024664,114.786301,-0.010340,0.022392,76.250000,113.875000,107.437500,91.562500,25,204,255,#FFCC19,0.001393,0.001320,0.001305,0.001655,0.003960,0.005203,0.004101,0.003637,0.005405,0.007401,0.004963,0.002306,0.002174,0.000870,0.000409,0.001934,0.001432,0.001496,0.001561,0.000900,0.000826,0.000989,0.000621,0.000750,519,262,256,256,585.818726,345.868744,709.781250,434.881256,22.531250,68.093750,129.968750,159.656250,122.000000,182.200000,171.900000,146.500000,555.050000,370.950000,726.950000,517.450000,641.000000,444.200000,171.900000,146.500000,32,0.080000,76.150000,112.940000,113.570000,93.850000,105.800000,0.002531,19.790000,0.020000
15,444,1,0,Leanbot_0,0.007206,0.016323,-7.794097,0.016172,-0.002214,83.562500,81.500000,88.625000,61.250000,25,218,255,#FFDA19,0.007206,0.002058,0.001320,0.000118,0.000500,0.000150,0.000274,0.000486,0.000083,0.000132,0.000974,0.000374,0.000240,0.000863,0.000232,0.000261,0.000651,0.000303,0.000138,0.000397,0.000527,0.000897,0.001789,0.006462,519,262,256,256,585.818726,345.868744,709.781250,434.881256,39.250000,50.875000,127.875000,112.125000,133.700000,130.400000,141.800000,98.000000,581.800000,343.400000,723.600000,441.400000,652.700000,392.400000,141.800000,98.000000,30,3.750000,81.530000,81.040000,83.270000,61.120000,11.500000,0.002531,19.790000,0.020000
16,521,2,9,Leanbot_p135,0.007175,0.018790,109.657544,-0.006321,0.017695,70.687500,121.187500,121.625000,77.375000,25,232,255,#FFE819,0.000947,0.001099,0.000807,0.001748,0.001957,0.006958,0.003017,0.001661,0.003325,0.007175,0.003735,0.001202,0.001174,0.000758,0.000500,0.001315,0.000721,0.001000,0.001513,0.001389,0.000651,0.000833,0.000455,0.000764,519,262,256,256,585.818726,345.868744,709.781250,434.881256,9.875000,82.500000,131.500000,159.875000,113.100000,193.900000,194.600000,123.800000,534.800000,394.000000,729.400000,517.800000,632.100000,455.900000,194.600000,123.800000,32,0.080000,76.150000,112.940000,113.570000,93.850000,105.800000,0.002531,19.790000,0.020000
17,454,1,0,Leanbot_0,0.006695,0.018578,-6.587850,0.018456,-0.002131,80.750000,81.312500,89.937500,61.906250,25,245,255,#FFF519,0.006695,0.002846,0.000970,0.000130,0.001507,0.000330,0.000419,0.000933,0.000121,0.000126,0.001987,0.000441,0.000098,0.000527,0.000112,0.000107,0.000462,0.000500,0.000134,0.000555,0.000978,0.001727,0.005119,0.004795,519,262,256,256,585.818726,345.868744,709.781250,434.881256,35.781250,50.359375,125.718750,112.265625,129.200000,130.100000,143.900000,99.050000,576.250000,342.575000,720.150000,441.625000,648.200000,392.100000,143.900000,99.050000,30,3.750000,81.530000,81.040000,83.270000,61.120000,11.500000,0.002531,19.790000,0.020000
18,168,1,1,Leanbot_p15,0.006214,0.011334,19.544323,0.010681,0.003792,81.000000,77.562500,78.812500,52.593750,25,255,250,#FAFF19,0.001255,0.006214,0.001980,0.001591,0.000515,0.000085,0.000100,0.000104,0.000030,0.000022,0.000029,0.000051,0.000070,0.000118,0.000000,0.000100,0.000095,0.000083,0.000036,0.000082,0.000033,0.000114,0.000263,0.000429,519,262,256,256,585.818726,345.868744,709.781250,434.881256,41.593750,51.265625,120.406250,103.859375,129.600000,124.100000,126.100000,84.150000,585.550000,344.025000,711.650000,428.175000,648.600000,386.100000,126.100000,84.150000,30,3.750000,81.530000,81.040000,83.270000,61.120000,11.500000,0.002531,19.790000,0.020000
19,207,1,2,Leanbot_p30,0.005383,0.013459,29.106825,0.011760,0.006547,82.562500,78.562500,81.875000,54.218750,25,255,236,#ECFF19,0.001230,0.003237,0.005383,0.002462,0.000947,0.000443,0.000222,0.000455,0.000283,0.000057,0.000092,0.000046,0.000190,0.000213,0.000068,0.000082,0.000054,0.000114,0.000035,0.000107,0.000019,0.000070,0.000419,0.000989,519,262,256,256,585.818726,345.868744,709.781250,434.881256,41.625000,51.453125,123.500000,105.671875,132.100000,125.700000,131.000000,86.750000,585.600000,344.325000,716.600000,431.075000,651.100000,387.700000,131.000000,86.750000,30,3.750000,81.530000,81.040000,83.270000,61.120000,11.500000,0.002531,19.790000,0.020000
20,211,1,1,Leanbot_p15,0.004314,0.010514,20.162189,0.009869,0.003624,79.812500,82.000000,87.375000,63.750000,25,255,222,#DEFF19,0.001078,0.004314,0.002277,0.001782,0.000484,0.000099,0.000143,0.000566,0.000181,0.000210,0.000111,0.000097,0.000147,0.000166,0.000021,0.000034,0.000185,0.000031,0.000055,0.000218,0.000054,0.000426,0.000476,0.001400,519,262,256,256,585.818726,345.868744,709.781250,434.881256,36.125000,50.125000,123.500000,113.875000,127.700000,131.200000,139.800000,102.000000,576.800000,342.200000,716.600000,444.200000,646.700000,393.200000,139.800000,102.000000,30,3.750000,81.530000,81.040000,83.270000,61.120000,11.500000,0.002531,19.790000,0.020000
21,191,1,1,Leanbot_p15,0.003990,0.011823,13.995014,0.011472,0.002859,79.562500,81.062500,85.750000,61.500000,25,255,209,#D1FF19,0.002705,0.003990,0.002684,0.001099,0.000511,0.000094,0.000158,0.000521,0.000196,0.000325,0.000261,0.000090,0.000223,0.000210,0.000025,0.000060,0.000217,0.000069,0.000075,0.000298,0.000124,0.000588,0.000579,0.001934,519,262,256,256,585.818726,345.868744,709.781250,434.881256,36.687500,50.312500,122.437500,111.812500,127.300000,129.700000,137.200000,98.400000,577.700000,342.500000,714.900000,440.900000,646.300000,391.700000,137.200000,98.400000,30,3.750000,81.530000,81.040000,83.270000,61.120000,11.500000,0.002531,19.790000,0.020000
22,445,1,0,Leanbot_0,0.003389,0.007354,-6.455634,0.007307,-0.000827,84.812500,81.750000,92.625000,62.625000,25,255,195,#C3FF19,0.003389,0.002314,0.000727,0.000100,0.000401,0.000305,0.000243,0.000361,0.000120,0.000133,0.001531,0.000432,0.000200,0.000758,0.000128,0.000232,0.000959,0.000511,0.000145,0.000232,0.000227,0.000368,0.001867,0.002550,519,262,256,256,585.818726,345.868744,709.781250,434.881256,38.500000,50.437500,131.125000,113.062500,135.700000,130.800000,148.200000,100.200000,580.600000,342.700000,728.800000,442.900000,654.700000,392.800000,148.200000,100.200000,30,3.750000,81.530000,81.040000,83.270000,61.120000,11.500000,0.002531,19.790000,0.020000
23,443,1,0,Leanbot_0,0.002981,0.006998,-11.605621,0.006855,-0.001408,81.500000,83.750000,89.375000,66.750000,25,255,181,#B5FF19,0.002981,0.000807,0.000330,0.000162,0.000405,0.000132,0.000203,0.000294,0.000074,0.000210,0.000586,0.000203,0.000181,0.000397,0.000227,0.000127,0.000294,0.000089,0.000109,0.000338,0.000497,0.001197,0.000701,0.002747,519,262,256,256,585.818726,345.868744,709.781250,434.881256,36.812500,50.375000,126.187500,117.125000,130.400000,134.000000,143.000000,106.800000,577.900000,342.600000,720.900000,449.400000,649.400000,396.000000,143.000000,106.800000,30,3.750000,81.530000,81.040000,83.270000,61.120000,11.500000,0.002531,19.790000,0.020000
24,187,1,1,Leanbot_p15,0.002756,0.006195,24.757166,0.005626,0.002594,82.500000,77.500000,81.500000,52.062500,25,255,167,#A7FF19,0.000664,0.002756,0.001496,0.000752,0.000484,0.000196,0.000117,0.000257,0.000112,0.000034,0.000046,0.000044,0.000063,0.000092,0.000021,0.000044,0.000055,0.000042,0.000033,0.000068,0.000025,0.000068,0.000196,0.000414,519,262,256,256,585.818726,345.868744,709.781250,434.881256,41.750000,51.468750,123.250000,103.531250,132.000000,124.000000,130.400000,83.300000,585.800000,344.350000,716.200000,427.650000,651.000000,386.000000,130.400000,83.300000,30,3.750000,81.530000,81.040000,83.270000,61.120000,11.500000,0.002531,19.790000,0.020000
25,516,2,9,Leanbot_p135,0.002100,0.004020,89.627982,0.000026,0.004020,72.625000,108.125000,118.750000,104.750000,25,255,154,#9AFF19,0.001568,0.001372,0.001116,0.001206,0.001574,0.001507,0.001444,0.001432,0.001028,0.002100,0.001597,0.001069,0.001061,0.000661,0.000419,0.000985,0.001320,0.001438,0.000840,0.000677,0.000471,0.000915,0.000900,0.000907,519,262,256,256,585.818726,345.868744,709.781250,434.881256,13.250000,55.750000,132.000000,160.500000,116.200000,173.000000,190.000000,167.600000,540.200000,351.200000,730.200000,518.800000,635.200000,435.000000,190.000000,167.600000,32,0.080000,76.150000,112.940000,113.570000,93.850000,105.800000,0.002531,19.790000,0.020000
26,523,2,9,Leanbot_p135,0.001898,0.004432,112.916980,-0.001726,0.004082,82.562500,119.687500,124.375000,80.625000,25,255,140,#8CFF19,0.000925,0.000873,0.000688,0.000750,0.001139,0.001367,0.001326,0.001655,0.001164,0.001898,0.001748,0.000959,0.000747,0.000661,0.000525,0.000785,0.000693,0.000866,0.001057,0.000704,0.000607,0.000856,0.000464,0.000750,519,262,256,256,585.818726,345.868744,709.781250,434.881256,20.375000,79.375000,144.750000,160.000000,132.100000,191.500000,199.000000,129.000000,551.600000,389.000000,750.600000,518.000000,651.100000,453.500000,199.000000,129.000000,32,0.080000,76.150000,112.940000,113.570000,93.850000,105.800000,0.002531,19.790000,0.020000
27,456,1,0,Leanbot_0,0.001410,0.002915,-3.473197,0.002909,-0.000177,85.625000,83.812500,97.562500,68.750000,25,255,126,#7EFF19,0.001410,0.000918,0.000289,0.000134,0.000249,0.000278,0.000225,0.000448,0.000185,0.000171,0.000664,0.000193,0.000173,0.000119,0.000196,0.000140,0.000517,0.000255,0.000105,0.000267,0.000330,0.000388,0.000762,0.000904,519,262,256,256,585.818726,345.868744,709.781250,434.881256,36.843750,49.437500,134.406250,118.187500,137.000000,134.100000,156.100000,110.000000,577.950000,341.100000,734.050000,451.100000,656.000000,396.100000,156.100000,110.000000,30,3.750000,81.530000,81.040000,83.270000,61.120000,11.500000,0.002531,19.790000,0.020000
28,518,2,8,Leanbot_p120,0.001367,0.003268,105.655175,-0.000882,0.003147,87.500000,106.437500,120.312500,107.375000,25,255,112,#70FF19,0.000555,0.000897,0.000933,0.000773,0.001107,0.000710,0.001351,0.000884,0.001367,0.001245,0.001107,0.000807,0.000900,0.000405,0.000572,0.000911,0.000735,0.000619,0.000612,0.000343,0.000466,0.000997,0.000621,0.000548,519,262,256,256,585.818726,345.868744,709.781250,434.881256,27.343750,52.750000,147.656250,160.125000,140.000000,170.300000,192.500000,171.800000,562.750000,346.400000,755.250000,518.200000,659.000000,432.300000,192.500000,171.800000,32,0.080000,76.150000,112.940000,113.570000,93.850000,105.800000,0.002531,19.790000,0.020000
29,453,1,0,Leanbot_0,0.001315,0.002126,-11.110793,0.002086,-0.000410,79.250000,95.125000,94.937500,90.500000,25,255,98,#62FF19,0.001315,0.000352,0.000310,0.000137,0.000347,0.000155,0.000144,0.000333,0.000136,0.000229,0.000409,0.000391,0.000217,0.000462,0.000190,0.000187,0.000188,0.000104,0.000131,0.000274,0.000364,0.000654,0.000490,0.000870,519,262,256,256,585.818726,345.868744,709.781250,434.881256,31.781250,49.875000,126.718750,140.375000,126.800000,152.200000,151.900000,144.800000,569.850000,341.800000,721.750000,486.600000,645.800000,414.200000,151.900000,144.800000,30,3.750000,81.530000,81.040000,83.270000,61.120000,11.500000,0.002531,19.790000,0.020000
30,512,2,1,Leanbot_p15,0.001037,0.001400,84.676406,0.000130,0.001394,81.625000,105.125000,115.562500,110.312500,25,255,85,#55FF19,0.000743,0.001037,0.000767,0.000707,0.000933,0.000638,0.000884,0.000915,0.000612,0.000886,0.000900,0.000863,0.000688,0.000480,0.000646,0.000685,0.000732,0.000656,0.000649,0.000426,0.000612,0.000693,0.000669,0.000638,519,262,256,256,585.818726,345.868744,709.781250,434.881256,23.843750,49.968750,139.406250,160.281250,130.600000,168.200000,184.900000,176.500000,557.150000,341.950000,742.050000,518.450000,649.600000,430.200000,184.900000,176.500000,32,0.080000,76.150000,112.940000,113.570000,93.850000,105.800000,0.002531,19.790000,0.020000
31,520,6,5,Leanbot_p75,0.001004,0.000937,76.933805,0.000212,0.000913,63.031250,134.250000,124.562500,52.375000,25,255,71,#47FF19,0.000469,0.000532,0.000483,0.000602,0.000741,0.001004,0.000617,0.000532,0.000540,0.000710,0.000607,0.000444,0.000548,0.000530,0.000448,0.000530,0.000534,0.000474,0.000527,0.000609,0.000478,0.000614,0.000494,0.000593,519,262,256,256,585.818726,345.868744,709.781250,434.881256,0.750000,108.062500,125.312500,160.437500,100.850000,214.800000,199.300000,83.800000,520.200000,434.900000,719.500000,518.700000,619.850000,476.800000,199.300000,83.800000,3,0.000000,51.850000,133.650000,103.150000,53.120000,57.990000,0.002531,19.790000,0.020000
32,524,2,5,Leanbot_p75,0.000830,0.000723,100.448798,-0.000131,0.000711,89.062500,123.000000,140.375000,76.500000,25,255,57,#39FF19,0.000486,0.000570,0.000476,0.000598,0.000579,0.000830,0.000669,0.000641,0.000536,0.000750,0.000688,0.000490,0.000467,0.000492,0.000557,0.000443,0.000473,0.000530,0.000752,0.000654,0.000480,0.000532,0.000411,0.000511,519,262,256,256,585.818726,345.868744,709.781250,434.881256,18.875000,84.750000,159.250000,161.250000,142.500000,196.800000,224.600000,122.400000,549.200000,397.600000,773.800000,520.000000,661.500000,458.800000,224.600000,122.400000,32,0.080000,76.150000,112.940000,113.570000,93.850000,105.800000,0.002531,19.790000,0.020000
33,171,1,0,Leanbot_0,0.000826,0.002638,8.619216,0.002608,0.000395,79.937500,79.375000,82.875000,57.062500,25,255,43,#2BFF19,0.000826,0.000813,0.000641,0.000416,0.000181,0.000090,0.000112,0.000097,0.000089,0.000107,0.000227,0.000094,0.000182,0.000057,0.000020,0.000109,0.000106,0.000240,0.000089,0.000231,0.000074,0.000130,0.000310,0.000471,519,262,256,256,585.818726,345.868744,709.781250,434.881256,38.500000,50.843750,121.375000,107.906250,127.900000,127.000000,132.600000,91.300000,580.600000,343.350000,713.200000,434.650000,646.900000,389.000000,132.600000,91.300000,30,3.750000,81.530000,81.040000,83.270000,61.120000,11.500000,0.002531,19.790000,0.020000
34,10,3,1,Leanbot_p15,0.000727,0.002174,11.734468,0.002128,0.000442,83.562500,3.294922,66.750000,6.597656,25,255,30,#1EFF19,0.000715,0.000727,0.000345,0.000358,0.000218,0.000105,0.000123,0.000170,0.000106,0.000072,0.000095,0.000148,0.000177,0.000056,0.000091,0.000118,0.000066,0.000155,0.000082,0.000154,0.000072,0.000094,0.000283,0.000492,519,262,256,256,585.818726,345.868744,709.781250,434.881256,50.187500,-0.003906,116.937500,6.593750,133.700000,5.271875,106.800000,10.556250,599.300000,261.993750,706.100000,272.550000,652.700000,267.271875,106.800000,10.556250,5,0.010000,85.820000,3.280000,74.850000,6.580000,13.920000,0.002531,19.790000,0.020000
35,511,2,2,Leanbot_p30,0.000710,0.000300,33.476778,0.000250,0.000166,77.875000,100.375000,139.250000,120.062500,34,255,25,#19FF22,0.000598,0.000538,0.000710,0.000548,0.000555,0.000515,0.000634,0.000651,0.000527,0.000467,0.000538,0.000575,0.000492,0.000536,0.000593,0.000559,0.000614,0.000557,0.000486,0.000385,0.000598,0.000626,0.000621,0.000511,519,262,256,256,585.818726,345.868744,709.781250,434.881256,8.250000,40.343750,147.500000,160.406250,124.600000,160.600000,222.800000,192.100000,532.200000,326.550000,755.000000,518.650000,643.600000,422.600000,222.800000,192.100000,32,0.080000,76.150000,112.940000,113.570000,93.850000,105.800000,0.002531,19.790000,0.020000
36,227,1,3,Leanbot_p45,0.000683,0.001823,33.841580,0.001514,0.001015,82.437500,78.125000,84.750000,56.562500,48,255,25,#19FF30,0.000325,0.000320,0.000530,0.000683,0.000229,0.000112,0.000104,0.000084,0.000127,0.000046,0.000060,0.000033,0.000103,0.000057,0.000044,0.000061,0.000047,0.000148,0.000026,0.000060,0.000024,0.000039,0.000104,0.000160,519,262,256,256,585.818726,345.868744,709.781250,434.881256,40.062500,49.843750,124.812500,106.406250,131.900000,125.000000,135.600000,90.500000,583.100000,341.750000,718.700000,432.250000,650.900000,387.000000,135.600000,90.500000,30,3.750000,81.530000,81.040000,83.270000,61.120000,11.500000,0.002531,19.790000,0.020000
37,513,2,15,Leanbot_m135,0.000675,0.000409,159.300701,-0.000383,0.000145,90.625000,102.500000,129.500000,117.000000,62,255,25,#19FF3E,0.000419,0.000521,0.000600,0.000494,0.000602,0.000617,0.000641,0.000593,0.000636,0.000654,0.000649,0.000581,0.000568,0.000439,0.000600,0.000675,0.000634,0.000568,0.000568,0.000527,0.000607,0.000646,0.000548,0.000523,519,262,256,256,585.818726,345.868744,709.781250,434.881256,25.875000,44.000000,155.375000,161.000000,145.000000,164.000000,207.200000,187.200000,560.400000,332.400000,767.600000,519.600000,664.000000,426.000000,207.200000,187.200000,32,0.080000,76.150000,112.940000,113.570000,93.850000,105.800000,0.002531,19.790000,0.020000
38,11,3,0,Leanbot_0,0.000656,0.001689,11.381063,0.001656,0.000333,95.937500,3.193359,74.375000,6.425781,75,255,25,#19FF4B,0.000656,0.000564,0.000242,0.000325,0.000184,0.000116,0.000152,0.000166,0.000093,0.000082,0.000086,0.000155,0.000156,0.000046,0.000100,0.000120,0.000061,0.000217,0.000066,0.000152,0.000069,0.000083,0.000261,0.000379,519,262,256,256,585.818726,345.868744,709.781250,434.881256,58.750000,-0.019531,133.125000,6.406250,153.500000,5.109375,119.000000,10.281250,613.000000,261.968750,732.000000,272.250000,672.500000,267.109375,119.000000,10.281250,5,0.010000,85.820000,3.280000,74.850000,6.580000,13.920000,0.002531,19.790000,0.020000
39,519,2,6,Leanbot_p90,0.000644,0.000436,91.544333,-0.000012,0.000435,92.125000,97.750000,134.000000,127.312500,89,255,25,#19FF59,0.000471,0.000483,0.000544,0.000515,0.000631,0.000546,0.000644,0.000575,0.000579,0.000548,0.000586,0.000478,0.000466,0.000405,0.000586,0.000570,0.000542,0.000490,0.000464,0.000486,0.000446,0.000614,0.000586,0.000444,519,262,256,256,585.818726,345.868744,709.781250,434.881256,25.125000,34.093750,159.125000,161.406250,147.400000,156.400000,214.400000,203.700000,559.200000,316.550000,773.600000,520.250000,666.400000,418.400000,214.400000,203.700000,32,0.080000,76.150000,112.940000,113.570000,93.850000,105.800000,0.002531,19.790000,0.020000
40,515,2,21,Leanbot_m45,0.000619,0.000303,-86.059419,0.000021,-0.000302,73.250000,113.687500,146.750000,95.375000,103,255,25,#19FF67,0.000505,0.000530,0.000600,0.000455,0.000495,0.000509,0.000462,0.000495,0.000462,0.000562,0.000557,0.000515,0.000568,0.000480,0.000500,0.000575,0.000548,0.000551,0.000570,0.000497,0.000515,0.000619,0.000544,0.000530,519,262,256,256,585.818726,345.868744,709.781250,434.881256,-0.125000,66.000000,146.625000,161.375000,117.200000,181.900000,234.800000,152.600000,518.800000,367.600000,753.600000,520.200000,636.200000,443.900000,234.800000,152.600000,32,0.080000,76.150000,112.940000,113.570000,93.850000,105.800000,0.002531,19.790000,0.020000
41,510,10,21,Leanbot_m45,0.000617,0.000354,-40.423916,0.000269,-0.000229,79.375000,90.500000,169.250000,144.000000,117,255,25,#19FF75,0.000459,0.000521,0.000564,0.000451,0.000409,0.000437,0.000503,0.000466,0.000446,0.000521,0.000430,0.000476,0.000436,0.000462,0.000515,0.000412,0.000486,0.000530,0.000538,0.000401,0.000495,0.000617,0.000536,0.000492,519,262,256,256,585.818726,345.868744,709.781250,434.881256,-5.250000,18.500000,164.000000,162.500000,127.000000,144.800000,270.800000,230.400000,510.600000,291.600000,781.400000,522.000000,646.000000,406.800000,270.800000,230.400000,8,0.000000,81.910000,75.020000,158.030000,168.060000,-38.630000,0.002531,19.790000,0.020000
42,508,10,20,Leanbot_m60,0.000609,0.000375,-37.234622,0.000298,-0.000227,91.125000,82.312500,138.000000,157.875000,131,255,25,#19FF83,0.000460,0.000509,0.000534,0.000460,0.000523,0.000446,0.000532,0.000501,0.000432,0.000473,0.000484,0.000505,0.000519,0.000419,0.000474,0.000503,0.000536,0.000473,0.000483,0.000478,0.000609,0.000593,0.000559,0.000536,519,262,256,256,585.818726,345.868744,709.781250,434.881256,22.125000,3.375000,160.125000,161.250000,145.800000,131.700000,220.800000,252.600000,554.400000,267.400000,775.200000,520.000000,664.800000,393.700000,220.800000,252.600000,8,0.000000,81.910000,75.020000,158.030000,168.060000,-38.630000,0.002531,19.790000,0.020000
43,514,10,21,Leanbot_m45,0.000586,0.000307,-152.397808,-0.000272,-0.000142,91.750000,89.000000,135.500000,146.000000,144,255,25,#19FF90,0.000386,0.000412,0.000422,0.000446,0.000466,0.000559,0.000453,0.000490,0.000542,0.000521,0.000490,0.000492,0.000497,0.000473,0.000503,0.000511,0.000538,0.000467,0.000469,0.000521,0.000509,0.000586,0.000511,0.000460,519,262,256,256,585.818726,345.868744,709.781250,434.881256,24.000000,16.000000,159.500000,162.000000,146.800000,142.400000,216.800000,233.600000,557.400000,287.600000,774.200000,521.200000,665.800000,404.400000,216.800000,233.600000,8,0.000000,81.910000,75.020000,158.030000,168.060000,-38.630000,0.002531,19.790000,0.020000
44,446,1,15,Leanbot_m135,0.000584,0.001106,-108.474414,-0.000351,-0.001049,86.125000,81.375000,99.187500,64.187500,158,255,25,#19FF9E,0.000521,0.000272,0.000234,0.000143,0.000129,0.000180,0.000118,0.000136,0.000106,0.000147,0.000287,0.000296,0.000197,0.000335,0.000289,0.000584,0.000579,0.000416,0.000165,0.000139,0.000112,0.000194,0.000242,0.000330,519,262,256,256,585.818726,345.868744,709.781250,434.881256,36.531250,49.281250,135.718750,113.468750,137.800000,130.200000,158.700000,102.700000,577.450000,340.850000,736.150000,443.550000,656.800000,392.200000,158.700000,102.700000,30,3.750000,81.530000,81.040000,83.270000,61.120000,11.500000,0.002531,19.790000,0.020000
45,507,10,4,Leanbot_p60,0.000584,0.000181,57.880643,0.000096,0.000153,81.687500,82.625000,151.625000,162.250000,172,255,25,#19FFAC,0.000495,0.000492,0.000532,0.000478,0.000584,0.000532,0.000548,0.000500,0.000436,0.000432,0.000514,0.000505,0.000521,0.000455,0.000562,0.000515,0.000490,0.000409,0.000501,0.000444,0.000521,0.000509,0.000492,0.000501,519,262,256,256,585.818726,345.868744,709.781250,434.881256,5.875000,1.500000,157.500000,163.750000,130.700000,132.200000,242.600000,259.600000,528.400000,264.400000,771.000000,524.000000,649.700000,394.200000,242.600000,259.600000,8,0.000000,81.910000,75.020000,158.030000,168.060000,-38.630000,0.002531,19.790000,0.020000
46,505,10,21,Leanbot_m45,0.000568,0.000413,-46.450645,0.000284,-0.000299,74.812500,73.312500,180.875000,178.125000,186,255,25,#19FFBA,0.000417,0.000492,0.000503,0.000414,0.000464,0.000459,0.000519,0.000394,0.000412,0.000483,0.000430,0.000521,0.000412,0.000416,0.000480,0.000421,0.000497,0.000514,0.000476,0.000478,0.000517,0.000568,0.000542,0.000511,519,262,256,256,585.818726,345.868744,709.781250,434.881256,-15.625000,-15.750000,165.250000,162.375000,119.700000,117.300000,289.400000,285.000000,494.000000,236.800000,783.400000,521.800000,638.700000,379.300000,289.400000,285.000000,8,0.000000,81.910000,75.020000,158.030000,168.060000,-38.630000,0.002531,19.790000,0.020000
47,503,9,14,Leanbot_m150,0.000568,0.000255,-118.235064,-0.000121,-0.000225,91.625000,59.250000,136.000000,128.375000,199,255,25,#19FFC7,0.000444,0.000500,0.000559,0.000375,0.000448,0.000434,0.000514,0.000432,0.000446,0.000480,0.000488,0.000494,0.000557,0.000509,0.000568,0.000490,0.000501,0.000460,0.000484,0.000432,0.000476,0.000540,0.000517,0.000536,519,262,256,256,585.818726,345.868744,709.781250,434.881256,23.625000,-4.937500,159.625000,123.437500,146.600000,94.800000,217.600000,205.400000,556.800000,254.100000,774.400000,459.500000,665.600000,356.800000,217.600000,205.400000,5,0.000000,95.850000,57.180000,129.690000,121.710000,-83.860000,0.002531,19.790000,0.020000
48,502,10,22,Leanbot_m30,0.000557,0.000234,-29.715196,0.000203,-0.000116,82.250000,62.125000,154.000000,167.000000,213,255,25,#19FFD5,0.000462,0.000448,0.000525,0.000444,0.000443,0.000424,0.000480,0.000501,0.000490,0.000406,0.000429,0.000453,0.000490,0.000469,0.000492,0.000434,0.000476,0.000434,0.000437,0.000411,0.000551,0.000555,0.000557,0.000464,519,262,256,256,585.818726,345.868744,709.781250,434.881256,5.250000,-21.375000,159.250000,145.625000,131.600000,99.400000,246.400000,267.200000,527.400000,227.800000,773.800000,495.000000,650.600000,361.400000,246.400000,267.200000,8,0.000000,81.910000,75.020000,158.030000,168.060000,-38.630000,0.002531,19.790000,0.020000
49,509,9,12,Leanbot_p180,0.000557,0.000244,-78.039818,0.000050,-0.000238,93.750000,78.000000,135.250000,156.500000,227,255,25,#19FFE3,0.000430,0.000451,0.000484,0.000478,0.000446,0.000379,0.000437,0.000548,0.000484,0.000424,0.000414,0.000386,0.000557,0.000486,0.000455,0.000432,0.000540,0.000519,0.000401,0.000466,0.000501,0.000534,0.000551,0.000441,519,262,256,256,585.818726,345.868744,709.781250,434.881256,26.125000,-0.250000,161.375000,156.250000,150.000000,124.800000,216.400000,250.400000,560.800000,261.600000,777.200000,512.000000,669.000000,386.800000,216.400000,250.400000,5,0.000000,95.850000,57.180000,129.690000,121.710000,-83.860000,0.002531,19.790000,0.020000
50,500,12,21,Leanbot_m45,0.000555,0.000384,-27.739990,0.000339,-0.000179,63.500000,14.312500,157.000000,135.125000,241,255,25,#19FFF1,0.000478,0.000536,0.000505,0.000486,0.000480,0.000495,0.000536,0.000464,0.000427,0.000500,0.000448,0.000474,0.000466,0.000444,0.000476,0.000434,0.000509,0.000548,0.000486,0.000515,0.000527,0.000555,0.000540,0.000497,519,262,256,256,585.818726,345.868744,709.781250,434.881256,-15.000000,-53.250000,142.000000,81.875000,101.600000,22.900000,251.200000,216.200000,495.000000,176.800000,746.200000,393.000000,620.600000,284.900000,251.200000,216.200000,1,0.000000,63.500000,14.310000,157.000000,135.120000,-27.740000,0.002531,19.790000,0.020000
51,504,9,21,Leanbot_m45,0.000555,0.000415,-35.755209,0.000337,-0.000243,100.250000,42.687500,127.187500,104.875000,255,255,25,#19FFFF,0.000427,0.000480,0.000538,0.000474,0.000443,0.000403,0.000480,0.000471,0.000422,0.000412,0.000394,0.000414,0.000480,0.000456,0.000474,0.000388,0.000511,0.000521,0.000427,0.000437,0.000494,0.000555,0.000546,0.000471,519,262,256,256,585.818726,345.868744,709.781250,434.881256,36.656250,-9.750000,163.843750,95.125000,160.400000,68.300000,203.500000,167.800000,577.650000,246.400000,781.150000,414.200000,679.400000,330.300000,203.500000,167.800000,5,0.000000,95.850000,57.180000,129.690000,121.710000,-83.860000,0.002531,19.790000,0.020000
52,506,10,20,Leanbot_m60,0.000553,0.000260,-37.605918,0.000206,-0.000159,79.250000,75.937500,162.250000,178.125000,255,241,25,#19F1FF,0.000460,0.000406,0.000542,0.000439,0.000453,0.000439,0.000492,0.000469,0.000476,0.000377,0.000408,0.000519,0.000401,0.000456,0.000544,0.000462,0.000478,0.000439,0.000427,0.000394,0.000553,0.000540,0.000551,0.000486,519,262,256,256,585.818726,345.868744,709.781250,434.881256,-1.875000,-13.125000,160.375000,165.000000,126.800000,121.500000,259.600000,285.000000,516.000000,241.000000,775.600000,526.000000,645.800000,383.500000,259.600000,285.000000,8,0.000000,81.910000,75.020000,158.030000,168.060000,-38.630000,0.002531,19.790000,0.020000
53,501,10,21,Leanbot_m45,0.000540,0.000348,-18.611668,0.000330,-0.000111,76.187500,45.125000,163.875000,207.250000,255,227,25,#19E3FF,0.000471,0.000451,0.000515,0.000484,0.000459,0.000456,0.000480,0.000473,0.000448,0.000395,0.000419,0.000434,0.000455,0.000443,0.000486,0.000439,0.000480,0.000444,0.000436,0.000444,0.000517,0.000540,0.000525,0.000469,519,262,256,256,585.818726,345.868744,709.781250,434.881256,-5.750000,-58.500000,158.125000,148.750000,121.900000,72.200000,262.200000,331.600000,509.800000,168.400000,772.000000,500.000000,640.900000,334.200000,262.200000,331.600000,8,0.000000,81.910000,75.020000,158.030000,168.060000,-38.630000,0.002531,19.790000,0.020000
54,8,3,0,Leanbot_0,0.000484,0.001067,13.652197,0.001036,0.000252,72.375000,3.304688,84.000000,6.625000,255,213,25,#19D5FF,0.000484,0.000336,0.000240,0.000141,0.000116,0.000082,0.000088,0.000165,0.000128,0.000077,0.000107,0.000102,0.000169,0.000059,0.000059,0.000071,0.000048,0.000111,0.000071,0.000136,0.000064,0.000102,0.000142,0.000320,519,262,256,256,585.818726,345.868744,709.781250,434.881256,30.375000,-0.007812,114.375000,6.617188,115.800000,5.287500,134.400000,10.600000,567.600000,261.987500,702.000000,272.587500,634.800000,267.287500,134.400000,10.600000,5,0.010000,85.820000,3.280000,74.850000,6.580000,13.920000,0.002531,19.790000,0.020000
55,100,4,3,Leanbot_p45,0.000467,0.001268,14.419159,0.001228,0.000316,4.511719,41.843750,9.085938,88.687500,255,199,25,#19C7FF,0.000371,0.000287,0.000205,0.000467,0.000199,0.000106,0.000078,0.000073,0.000063,0.000035,0.000065,0.000102,0.000101,0.000051,0.000093,0.000070,0.000082,0.000162,0.000038,0.000125,0.000049,0.000046,0.000220,0.000265,519,262,256,256,585.818726,345.868744,709.781250,434.881256,-0.031250,-2.500000,9.054688,86.187500,7.218750,66.950000,14.537500,141.900000,518.950000,258.000000,533.487500,399.900000,526.218750,328.950000,14.537500,141.900000,5,0.000000,4.430000,44.040000,8.900000,87.100000,15.370000,0.002531,19.790000,0.020000
56,9,3,1,Leanbot_p15,0.000421,0.001158,17.029055,0.001107,0.000339,76.625000,3.421875,73.062500,6.828125,255,186,25,#19BAFF,0.000406,0.000421,0.000223,0.000188,0.000154,0.000090,0.000114,0.000145,0.000112,0.000076,0.000079,0.000119,0.000126,0.000055,0.000061,0.000093,0.000052,0.000097,0.000068,0.000115,0.000064,0.000098,0.000167,0.000280,519,262,256,256,585.818726,345.868744,709.781250,434.881256,40.093750,0.007812,113.156250,6.835938,122.600000,5.475000,116.900000,10.925000,583.150000,262.012500,700.050000,272.937500,641.600000,267.475000,116.900000,10.925000,5,0.010000,85.820000,3.280000,74.850000,6.580000,13.920000,0.002531,19.790000,0.020000
57,80,4,0,Leanbot_0,0.000406,0.001021,8.158884,0.001010,0.000145,4.304688,39.750000,8.671875,83.750000,255,172,25,#19ACFF,0.000406,0.000242,0.000171,0.000379,0.000156,0.000092,0.000082,0.000070,0.000065,0.000042,0.000090,0.000127,0.000107,0.000049,0.000105,0.000073,0.000082,0.000177,0.000049,0.000156,0.000054,0.000047,0.000215,0.000240,519,262,256,256,585.818726,345.868744,709.781250,434.881256,-0.031250,-2.125000,8.640625,81.625000,6.887500,63.600000,13.875000,134.000000,518.950000,258.600000,532.825000,392.600000,525.887500,325.600000,13.875000,134.000000,5,0.000000,4.430000,44.040000,8.900000,87.100000,15.370000,0.002531,19.790000,0.020000
58,231,1,1,Leanbot_p15,0.000401,0.001027,27.697001,0.000910,0.000478,79.750000,83.625000,88.687500,66.250000,255,158,25,#199EFF,0.000149,0.000401,0.000190,0.000285,0.000112,0.000050,0.000076,0.000131,0.000061,0.000067,0.000037,0.000046,0.000055,0.000063,0.000023,0.000031,0.000074,0.000020,0.000037,0.000058,0.000027,0.000087,0.000097,0.000160,519,262,256,256,585.818726,345.868744,709.781250,434.881256,35.406250,50.500000,124.093750,116.750000,127.600000,133.800000,141.900000,106.000000,575.650000,342.800000,717.550000,448.800000,646.600000,395.800000,141.900000,106.000000,30,3.750000,81.530000,81.040000,83.270000,61.120000,11.500000,0.002531,19.790000,0.020000
59,120,4,3,Leanbot_p45,0.000382,0.000936,23.254637,0.000860,0.000370,4.500000,46.937500,9.031250,91.125000,255,144,25,#1990FF,0.000263,0.000234,0.000202,0.000382,0.000158,0.000108,0.000092,0.000064,0.000073,0.000035,0.000062,0.000077,0.000095,0.000054,0.000082,0.000056,0.000067,0.000150,0.000035,0.000098,0.000036,0.000040,0.000127,0.000178,519,262,256,256,585.818726,345.868744,709.781250,434.881256,-0.015625,1.375000,9.015625,92.500000,7.200000,75.100000,14.450000,145.800000,518.975000,264.200000,533.425000,410.000000,526.200000,337.100000,14.450000,145.800000,5,0.000000,4.430000,44.040000,8.900000,87.100000,15.370000,0.002531,19.790000,0.020000
60,475,2,15,Leanbot_m135,0.000363,0.000492,-139.021433,-0.000372,-0.000323,80.500000,102.000000,124.250000,115.562500,255,131,25,#1983FF,0.000193,0.000078,0.000144,0.000144,0.000096,0.000103,0.000119,0.000121,0.000106,0.000177,0.000118,0.000167,0.000161,0.000181,0.000240,0.000363,0.000207,0.000112,0.000101,0.000112,0.000118,0.000178,0.000150,0.000124,519,262,256,256,585.818726,345.868744,709.781250,434.881256,18.375000,44.218750,142.625000,159.781250,128.800000,163.200000,198.800000,184.900000,548.400000,332.750000,747.200000,517.650000,647.800000,425.200000,198.800000,184.900000,32,0.080000,76.150000,112.940000,113.570000,93.850000,105.800000,0.002531,19.790000,0.020000
61,75,5,4,Leanbot_p60,0.000353,0.000989,33.898906,0.000820,0.000551,126.000000,25.062500,49.937500,49.375000,255,117,25,#1975FF,0.000139,0.000169,0.000298,0.000289,0.000353,0.000122,0.000056,0.000041,0.000026,0.000018,0.000035,0.000023,0.000054,0.000070,0.000027,0.000066,0.000057,0.000105,0.000032,0.000051,0.000048,0.000033,0.000056,0.000077,519,262,256,256,585.818726,345.868744,709.781250,434.881256,101.031250,0.375000,150.968750,49.750000,201.600000,40.100000,79.900000,79.000000,680.650000,262.600000,760.550000,341.600000,720.600000,302.100000,79.900000,79.000000,6,0.000000,126.090000,25.500000,49.020000,45.690000,36.300000,0.002531,19.790000,0.020000
62,474,2,13,Leanbot_p195,0.000336,0.000411,-153.779690,-0.000369,-0.000181,72.250000,103.187500,119.750000,113.625000,255,103,25,#1967FF,0.000255,0.000064,0.000115,0.000164,0.000114,0.000134,0.000115,0.000165,0.000145,0.000242,0.000158,0.000180,0.000184,0.000336,0.000243,0.000263,0.000180,0.000075,0.000077,0.000125,0.000187,0.000245,0.000203,0.000149,519,262,256,256,585.818726,345.868744,709.781250,434.881256,12.375000,46.375000,132.125000,160.000000,115.600000,165.100000,191.600000,181.800000,538.800000,336.200000,730.400000,518.000000,634.600000,427.100000,191.600000,181.800000,32,0.080000,76.150000,112.940000,113.570000,93.850000,105.800000,0.002531,19.790000,0.020000
63,328,2,4,Leanbot_p60,0.000330,0.000868,42.842366,0.000637,0.000590,70.625000,124.875000,87.437500,69.750000,255,89,25,#1959FF,0.000151,0.000215,0.000199,0.000240,0.000330,0.000084,0.000138,0.000095,0.000058,0.000049,0.000067,0.000031,0.000095,0.000058,0.000019,0.000045,0.000040,0.000122,0.000050,0.000103,0.000025,0.000057,0.000032,0.000072,519,262,256,256,585.818726,345.868744,709.781250,434.881256,26.906250,90.000000,114.343750,159.750000,113.000000,199.800000,139.900000,111.600000,562.050000,406.000000,701.950000,517.600000,632.000000,461.800000,139.900000,111.600000,32,0.080000,76.150000,112.940000,113.570000,93.850000,105.800000,0.002531,19.790000,0.020000
64,12,3,0,Leanbot_0,0.000323,0.000755,21.514355,0.000702,0.000277,102.750000,3.208984,89.062500,6.457031,255,75,25,#194BFF,0.000323,0.000245,0.000126,0.000185,0.000137,0.000094,0.000130,0.000149,0.000077,0.000091,0.000068,0.000098,0.000110,0.000048,0.000085,0.000085,0.000056,0.000122,0.000042,0.000092,0.000059,0.000082,0.000156,0.000215,519,262,256,256,585.818726,345.868744,709.781250,434.881256,58.218750,-0.019531,147.281250,6.437500,164.400000,5.134375,142.500000,10.331250,612.150000,261.968750,754.650000,272.300000,683.400000,267.134375,142.500000,10.331250,5,0.010000,85.820000,3.280000,74.850000,6.580000,13.920000,0.002531,19.790000,0.020000
65,435,1,16,Leanbot_m120,0.000308,0.000234,-57.105798,0.000127,-0.000197,94.500000,80.250000,120.500000,66.312500,255,62,25,#193EFF,0.000234,0.000223,0.000231,0.000161,0.000155,0.000184,0.000142,0.000097,0.000114,0.000078,0.000145,0.000112,0.000150,0.000227,0.000124,0.000199,0.000308,0.000225,0.000162,0.000095,0.000109,0.000121,0.000124,0.000174,519,262,256,256,585.818726,345.868744,709.781250,434.881256,34.250000,47.093750,154.750000,113.406250,151.200000,128.400000,192.800000,106.100000,573.800000,337.350000,766.600000,443.450000,670.200000,390.400000,192.800000,106.100000,30,3.750000,81.530000,81.040000,83.270000,61.120000,11.500000,0.002531,19.790000,0.020000
66,473,2,13,Leanbot_p195,0.000305,0.000381,-159.734576,-0.000358,-0.000132,66.687500,103.812500,127.625000,112.375000,255,48,25,#1930FF,0.000222,0.000077,0.000109,0.000178,0.000094,0.000102,0.000096,0.000136,0.000136,0.000197,0.000124,0.000178,0.000202,0.000305,0.000211,0.000211,0.000140,0.000085,0.000090,0.000109,0.000141,0.000211,0.000123,0.000147,519,262,256,256,585.818726,345.868744,709.781250,434.881256,2.875000,47.625000,130.500000,160.000000,106.700000,166.100000,204.200000,179.800000,523.600000,338.200000,727.800000,518.000000,625.700000,428.100000,204.200000,179.800000,32,0.080000,76.150000,112.940000,113.570000,93.850000,105.800000,0.002531,19.790000,0.020000
67,463,2,13,Leanbot_p195,0.000294,0.000524,-148.690891,-0.000448,-0.000272,74.187500,105.187500,108.625000,111.125000,255,34,25,#1922FF,0.000194,0.000107,0.000138,0.000142,0.000095,0.000101,0.000077,0.000116,0.000134,0.000185,0.000115,0.000196,0.000267,0.000294,0.000227,0.000215,0.000143,0.000116,0.000134,0.000121,0.000178,0.000171,0.000098,0.000158,519,262,256,256,585.818726,345.868744,709.781250,434.881256,19.875000,49.625000,128.500000,160.750000,118.700000,168.300000,173.800000,177.800000,550.800000,341.400000,724.600000,519.200000,637.700000,430.300000,173.800000,177.800000,32,0.080000,76.150000,112.940000,113.570000,93.850000,105.800000,0.002531,19.790000,0.020000
68,434,1,16,Leanbot_m120,0.000289,0.000295,-67.601718,0.000112,-0.000273,87.687500,80.687500,107.125000,64.500000,255,25,30,#1E19FF,0.000247,0.000185,0.000197,0.000184,0.000142,0.000185,0.000132,0.000090,0.000102,0.000088,0.000129,0.000095,0.000147,0.000238,0.000208,0.000234,0.000289,0.000165,0.000154,0.000112,0.000098,0.000132,0.000140,0.000231,519,262,256,256,585.818726,345.868744,709.781250,434.881256,34.125000,48.437500,141.250000,112.937500,140.300000,129.100000,171.400000,103.200000,573.600000,339.500000,745.000000,442.700000,659.300000,391.100000,171.400000,103.200000,30,3.750000,81.530000,81.040000,83.270000,61.120000,11.500000,0.002531,19.790000,0.020000
69,74,5,2,Leanbot_p30,0.000285,0.000572,31.699543,0.000486,0.000300,125.625000,26.140625,48.437500,48.093750,255,25,43,#2B19FF,0.000085,0.000132,0.000285,0.000143,0.000142,0.000098,0.000055,0.000030,0.000036,0.000023,0.000040,0.000033,0.000043,0.000079,0.000018,0.000060,0.000043,0.000068,0.000039,0.000049,0.000039,0.000030,0.000046,0.000062,519,262,256,256,585.818726,345.868744,709.781250,434.881256,101.406250,2.093750,149.843750,50.187500,201.000000,41.825000,77.500000,76.950000,681.250000,265.350000,758.750000,342.300000,720.000000,303.825000,77.500000,76.950000,6,0.000000,126.090000,25.500000,49.020000,45.690000,36.300000,0.002531,19.790000,0.020000
70,464,2,12,Leanbot_p180,0.000283,0.000521,-159.190594,-0.000487,-0.000185,75.500000,104.687500,103.500000,110.625000,255,25,57,#3919FF,0.000164,0.000136,0.000164,0.000129,0.000088,0.000128,0.000105,0.000137,0.000166,0.000236,0.000202,0.000222,0.000283,0.000259,0.000205,0.000213,0.000184,0.000114,0.000126,0.000141,0.000234,0.000184,0.000143,0.000164,519,262,256,256,585.818726,345.868744,709.781250,434.881256,23.750000,49.375000,127.250000,160.000000,120.800000,167.500000,165.600000,177.000000,557.000000,341.000000,722.600000,518.000000,639.800000,429.500000,165.600000,177.000000,32,0.080000,76.150000,112.940000,113.570000,93.850000,105.800000,0.002531,19.790000,0.020000
71,476,2,15,Leanbot_m135,0.000276,0.000331,-123.396630,-0.000182,-0.000276,89.937500,101.000000,129.625000,117.812500,255,25,71,#4719FF,0.000157,0.000095,0.000148,0.000171,0.000111,0.000105,0.000118,0.000110,0.000102,0.000133,0.000098,0.000152,0.000126,0.000156,0.000227,0.000276,0.000169,0.000151,0.000120,0.000120,0.000117,0.000157,0.000138,0.000120,519,262,256,256,585.818726,345.868744,709.781250,434.881256,25.125000,42.093750,154.750000,159.906250,143.900000,161.600000,207.400000,188.500000,559.200000,329.350000,766.600000,517.850000,662.900000,423.600000,207.400000,188.500000,32,0.080000,76.150000,112.940000,113.570000,93.850000,105.800000,0.002531,19.790000,0.020000
72,309,2,4,Leanbot_p60,0.000269,0.000813,41.793893,0.000606,0.000542,73.875000,127.625000,92.687500,70.437500,255,25,85,#5519FF,0.000229,0.000236,0.000160,0.000263,0.000269,0.000087,0.000151,0.000111,0.000047,0.000116,0.000093,0.000047,0.000075,0.000057,0.000035,0.000057,0.000074,0.000115,0.000061,0.000114,0.000037,0.000080,0.000038,0.000061,519,262,256,256,585.818726,345.868744,709.781250,434.881256,27.531250,92.406250,120.218750,162.843750,118.200000,204.200000,148.300000,112.700000,563.050000,409.850000,711.350000,522.550000,637.200000,466.200000,148.300000,112.700000,32,0.080000,76.150000,112.940000,113.570000,93.850000,105.800000,0.002531,19.790000,0.020000
73,140,4,3,Leanbot_p45,0.000263,0.000652,21.462377,0.000607,0.000239,4.507812,54.437500,9.046875,88.750000,255,25,98,#6219FF,0.000207,0.000178,0.000165,0.000263,0.000115,0.000094,0.000084,0.000051,0.000058,0.000033,0.000057,0.000069,0.000082,0.000046,0.000058,0.000049,0.000062,0.000138,0.000036,0.000086,0.000033,0.000033,0.000106,0.000128,519,262,256,256,585.818726,345.868744,709.781250,434.881256,-0.015625,10.062500,9.031250,98.812500,7.212500,87.100000,14.475000,142.000000,518.975000,278.100000,533.450000,420.100000,526.212500,349.100000,14.475000,142.000000,5,0.000000,4.430000,44.040000,8.900000,87.100000,15.370000,0.002531,19.790000,0.020000
74,94,5,4,Leanbot_p60,0.000263,0.000695,37.024433,0.000555,0.000418,125.500000,30.906250,47.437500,38.500000,255,25,112,#7019FF,0.000084,0.000125,0.000218,0.000194,0.000263,0.000138,0.000054,0.000041,0.000036,0.000022,0.000035,0.000040,0.000038,0.000082,0.000032,0.000069,0.000051,0.000054,0.000040,0.000048,0.000041,0.000039,0.000074,0.000080,519,262,256,256,585.818726,345.868744,709.781250,434.881256,101.781250,11.656250,149.218750,50.156250,200.800000,49.450000,75.900000,61.600000,681.850000,280.650000,757.750000,342.250000,719.800000,311.450000,75.900000,61.600000,6,0.000000,126.090000,25.500000,49.020000,45.690000,36.300000,0.002531,19.790000,0.020000
75,466,2,0,Leanbot_0,0.000255,0.000276,-66.456815,0.000110,-0.000253,86.750000,104.000000,108.437500,112.500000,255,25,126,#7E19FF,0.000255,0.000149,0.000156,0.000155,0.000105,0.000125,0.000154,0.000142,0.000097,0.000154,0.000120,0.000150,0.000128,0.000114,0.000177,0.000243,0.000238,0.000160,0.000140,0.000132,0.000118,0.000169,0.000161,0.000203,519,262,256,256,585.818726,345.868744,709.781250,434.881256,32.531250,47.750000,140.968750,160.250000,138.800000,166.400000,173.500000,180.000000,571.050000,338.400000,744.550000,518.400000,657.800000,428.400000,173.500000,180.000000,32,0.080000,76.150000,112.940000,113.570000,93.850000,105.800000,0.002531,19.790000,0.020000
76,433,11,23,Leanbot_m15,0.000255,0.000388,4.036640,0.000387,0.000027,71.125000,76.312500,125.750000,79.625000,255,25,140,#8C19FF,0.000234,0.000191,0.000164,0.000177,0.000134,0.000133,0.000167,0.000141,0.000119,0.000112,0.000165,0.000105,0.000126,0.000150,0.000161,0.000121,0.000165,0.000096,0.000101,0.000134,0.000150,0.000161,0.000177,0.000255,519,262,256,256,585.818726,345.868744,709.781250,434.881256,8.250000,36.500000,134.000000,116.125000,113.800000,122.100000,201.200000,127.400000,532.200000,320.400000,733.400000,447.800000,632.800000,384.100000,201.200000,127.400000,1,0.000000,71.120000,76.310000,125.750000,79.620000,4.040000,0.002531,19.790000,0.020000
77,249,2,3,Leanbot_p45,0.000249,0.000852,14.164198,0.000826,0.000208,81.500000,98.750000,97.250000,116.000000,255,25,154,#9A19FF,0.000245,0.000227,0.000180,0.000249,0.000095,0.000052,0.000068,0.000075,0.000029,0.000048,0.000062,0.000037,0.000082,0.000035,0.000000,0.000044,0.000071,0.000055,0.000057,0.000084,0.000035,0.000112,0.000119,0.000105,519,262,256,256,585.818726,345.868744,709.781250,434.881256,32.875000,40.750000,130.125000,156.750000,130.400000,158.000000,155.600000,185.600000,571.600000,327.200000,727.200000,512.800000,649.400000,420.000000,155.600000,185.600000,32,0.080000,76.150000,112.940000,113.570000,93.850000,105.800000,0.002531,19.790000,0.020000
78,496,2,0,Leanbot_0,0.000243,0.000364,13.655255,0.000354,0.000086,87.000000,111.875000,146.000000,96.937500,255,25,167,#A719FF,0.000243,0.000156,0.000122,0.000143,0.000193,0.000142,0.000104,0.000142,0.000165,0.000120,0.000089,0.000128,0.000082,0.000147,0.000073,0.000071,0.000109,0.000180,0.000106,0.000155,0.000132,0.000118,0.000182,0.000118,519,262,256,256,585.818726,345.868744,709.781250,434.881256,14.000000,63.406250,160.000000,160.343750,139.200000,179.000000,233.600000,155.100000,541.400000,363.450000,775.000000,518.550000,658.200000,441.000000,233.600000,155.100000,32,0.080000,76.150000,112.940000,113.570000,93.850000,105.800000,0.002531,19.790000,0.020000
79,248,2,3,Leanbot_p45,0.000240,0.000599,17.892020,0.000570,0.000184,79.062500,96.437500,96.125000,113.625000,255,25,181,#B519FF,0.000173,0.000158,0.000138,0.000240,0.000083,0.000046,0.000065,0.000034,0.000026,0.000036,0.000036,0.000039,0.000072,0.000036,0.000016,0.000041,0.000054,0.000074,0.000042,0.000048,0.000031,0.000061,0.000089,0.000068,519,262,256,256,585.818726,345.868744,709.781250,434.881256,31.000000,39.625000,127.125000,153.250000,126.500000,154.300000,153.800000,181.800000,568.600000,325.400000,722.400000,507.200000,645.500000,416.300000,153.800000,181.800000,32,0.080000,76.150000,112.940000,113.570000,93.850000,105.800000,0.002531,19.790000,0.020000
80,320,8,1,Leanbot_p15,0.000238,0.000708,13.683239,0.000688,0.000167,5.062500,123.625000,10.156250,75.187500,255,25,195,#C319FF,0.000181,0.000238,0.000178,0.000208,0.000095,0.000075,0.000049,0.000046,0.000043,0.000022,0.000041,0.000053,0.000077,0.000057,0.000038,0.000052,0.000050,0.000112,0.000037,0.000067,0.000028,0.000023,0.000131,0.000144,519,262,256,256,585.818726,345.868744,709.781250,434.881256,-0.015625,86.031250,10.140625,161.218750,8.100000,197.800000,16.250000,120.300000,518.975000,399.650000,535.225000,519.950000,527.100000,459.800000,16.250000,120.300000,1,0.000000,5.060000,123.620000,10.160000,75.190000,13.680000,0.002531,19.790000,0.020000
81,361,6,1,Leanbot_p15,0.000236,0.000741,29.648245,0.000644,0.000366,37.187500,132.875000,74.750000,54.062500,255,25,209,#D119FF,0.000170,0.000236,0.000156,0.000091,0.000152,0.000079,0.000077,0.000120,0.000073,0.000068,0.000048,0.000056,0.000067,0.000051,0.000026,0.000024,0.000053,0.000029,0.000027,0.000052,0.000040,0.000069,0.000138,0.000155,519,262,256,256,585.818726,345.868744,709.781250,434.881256,-0.187500,105.843750,74.562500,159.906250,59.500000,212.600000,119.600000,86.500000,518.700000,431.350000,638.300000,517.850000,578.500000,474.600000,119.600000,86.500000,3,0.000000,51.850000,133.650000,103.150000,53.120000,57.990000,0.002531,19.790000,0.020000
82,55,5,4,Leanbot_p60,0.000236,0.000485,33.630537,0.000404,0.000268,126.250000,24.250000,48.500000,47.250000,255,25,222,#DE19FF,0.000070,0.000129,0.000132,0.000147,0.000236,0.000065,0.000033,0.000030,0.000030,0.000000,0.000030,0.000017,0.000031,0.000080,0.000019,0.000042,0.000069,0.000039,0.000023,0.000029,0.000067,0.000030,0.000028,0.000035,519,262,256,256,585.818726,345.868744,709.781250,434.881256,102.000000,0.625000,150.500000,47.875000,202.000000,38.800000,77.600000,75.600000,682.200000,263.000000,759.800000,338.600000,721.000000,300.800000,77.600000,75.600000,6,0.000000,126.090000,25.500000,49.020000,45.690000,36.300000,0.002531,19.790000,0.020000
83,485,2,15,Leanbot_m135,0.000236,0.000226,-151.532180,-0.000199,-0.000108,80.375000,104.312500,143.250000,111.875000,255,25,236,#EC19FF,0.000184,0.000113,0.000157,0.000140,0.000103,0.000099,0.000145,0.000139,0.000131,0.000166,0.000154,0.000162,0.000155,0.000169,0.000156,0.000236,0.000217,0.000138,0.000120,0.000092,0.000113,0.000139,0.000140,0.000174,519,262,256,256,585.818726,345.868744,709.781250,434.881256,8.750000,48.375000,152.000000,160.250000,128.600000,166.900000,229.200000,179.000000,533.000000,339.400000,762.200000,518.400000,647.600000,428.900000,229.200000,179.000000,32,0.080000,76.150000,112.940000,113.570000,93.850000,105.800000,0.002531,19.790000,0.020000
84,329,2,4,Leanbot_p60,0.000234,0.000551,35.694588,0.000448,0.000322,69.625000,126.187500,82.437500,66.625000,255,25,250,#FA19FF,0.000102,0.000170,0.000154,0.000167,0.000234,0.000160,0.000120,0.000054,0.000036,0.000059,0.000070,0.000039,0.000087,0.000061,0.000017,0.000045,0.000065,0.000130,0.000092,0.000112,0.000043,0.000068,0.000048,0.000065,519,262,256,256,585.818726,345.868744,709.781250,434.881256,28.406250,92.875000,110.843750,159.500000,111.400000,201.900000,131.900000,106.600000,564.450000,410.600000,696.350000,517.200000,630.400000,463.900000,131.900000,106.600000,32,0.080000,76.150000,112.940000,113.570000,93.850000,105.800000,0.002531,19.790000,0.020000
85,442,2,0,Leanbot_0,0.000234,0.000446,1.836717,0.000446,0.000014,67.750000,90.375000,133.250000,146.750000,245,25,255,#FF19F5,0.000234,0.000169,0.000127,0.000116,0.000193,0.000157,0.000128,0.000145,0.000119,0.000106,0.000113,0.000103,0.000078,0.000165,0.000113,0.000068,0.000095,0.000100,0.000117,0.000202,0.000174,0.000167,0.000149,0.000165,519,262,256,256,585.818726,345.868744,709.781250,434.881256,1.125000,17.000000,134.375000,163.750000,108.400000,144.600000,213.200000,234.800000,520.800000,289.200000,734.000000,524.000000,627.400000,406.600000,213.200000,234.800000,32,0.080000,76.150000,112.940000,113.570000,93.850000,105.800000,0.002531,19.790000,0.020000
86,495,2,0,Leanbot_0,0.000227,0.000329,3.862851,0.000328,0.000022,81.375000,110.000000,148.000000,101.250000,232,25,255,#FF19E8,0.000227,0.000141,0.000129,0.000136,0.000184,0.000136,0.000096,0.000127,0.000148,0.000104,0.000081,0.000134,0.000091,0.000145,0.000071,0.000085,0.000121,0.000177,0.000103,0.000134,0.000133,0.000107,0.000181,0.000141,519,262,256,256,585.818726,345.868744,709.781250,434.881256,7.375000,59.375000,155.375000,160.625000,130.200000,176.000000,236.800000,162.000000,530.800000,357.000000,767.600000,519.000000,649.200000,438.000000,236.800000,162.000000,32,0.080000,76.150000,112.940000,113.570000,93.850000,105.800000,0.002531,19.790000,0.020000
87,56,5,4,Leanbot_p60,0.000223,0.000717,43.096661,0.000524,0.000490,126.437500,21.734375,48.125000,42.218750,218,25,255,#FF19DA,0.000065,0.000196,0.000122,0.000210,0.000223,0.000131,0.000108,0.000036,0.000026,0.000019,0.000022,0.000030,0.000034,0.000045,0.000000,0.000051,0.000033,0.000079,0.000033,0.000032,0.000028,0.000033,0.000036,0.000027,519,262,256,256,585.818726,345.868744,709.781250,434.881256,102.375000,0.625000,150.500000,42.843750,202.300000,34.775000,77.000000,67.550000,682.800000,263.000000,759.800000,330.550000,721.300000,296.775000,77.000000,67.550000,6,0.000000,126.090000,25.500000,49.020000,45.690000,36.300000,0.002531,19.790000,0.020000
88,436,9,17,Leanbot_m105,0.000223,0.000179,-85.798588,0.000013,-0.000178,94.750000,57.937500,126.250000,112.000000,204,25,255,#FF19CC,0.000190,0.000193,0.000191,0.000133,0.000115,0.000147,0.000125,0.000123,0.000126,0.000085,0.000132,0.000140,0.000158,0.000185,0.000127,0.000194,0.000205,0.000223,0.000142,0.000106,0.000124,0.000107,0.000129,0.000161,519,262,256,256,585.818726,345.868744,709.781250,434.881256,31.625000,1.937500,157.875000,113.937500,151.600000,92.700000,202.000000,179.200000,569.600000,265.100000,771.600000,444.300000,670.600000,354.700000,202.000000,179.200000,5,0.000000,95.850000,57.180000,129.690000,121.710000,-83.860000,0.002531,19.790000,0.020000
89,480,7,23,Leanbot_m15,0.000223,0.000404,-15.127871,0.000390,-0.000106,21.687500,129.625000,43.437500,61.187500,190,25,255,#FF19BE,0.000190,0.000157,0.000191,0.000141,0.000145,0.000106,0.000148,0.000155,0.000105,0.000106,0.000128,0.000106,0.000119,0.000148,0.000140,0.000120,0.000138,0.000137,0.000118,0.000137,0.000164,0.000190,0.000194,0.000223,519,262,256,256,585.818726,345.868744,709.781250,434.881256,-0.031250,99.031250,43.406250,160.218750,34.700000,207.400000,69.500000,97.900000,518.950000,420.450000,588.450000,518.350000,553.700000,469.400000,69.500000,97.900000,2,0.000000,18.310000,133.350000,36.640000,53.300000,6.410000,0.002531,19.790000,0.020000
90,167,1,1,Leanbot_p15,0.000218,0.000532,29.846195,0.000462,0.000265,79.500000,75.687500,75.437500,47.093750,176,25,255,#FF19B0,0.000090,0.000218,0.000118,0.000131,0.000121,0.000045,0.000049,0.000057,0.000036,0.000034,0.000033,0.000031,0.000024,0.000046,0.000020,0.000035,0.000066,0.000025,0.000028,0.000029,0.000026,0.000037,0.000051,0.000071,519,262,256,256,585.818726,345.868744,709.781250,434.881256,41.781250,52.140625,117.218750,99.234375,127.200000,121.100000,120.700000,75.350000,585.850000,345.425000,706.550000,420.775000,646.200000,383.100000,120.700000,75.350000,30,3.750000,81.530000,81.040000,83.270000,61.120000,11.500000,0.002531,19.790000,0.020000
91,452,2,0,Leanbot_0,0.000213,0.000258,-14.564988,0.000250,-0.000065,67.687500,103.000000,133.625000,120.812500,163,25,255,#FF19A3,0.000213,0.000108,0.000136,0.000122,0.000154,0.000123,0.000098,0.000147,0.000123,0.000099,0.000089,0.000121,0.000091,0.000191,0.000112,0.000097,0.000086,0.000103,0.000111,0.000184,0.000149,0.000171,0.000142,0.000133,519,262,256,256,585.818726,345.868744,709.781250,434.881256,0.875000,42.593750,134.500000,163.406250,108.300000,164.800000,213.800000,193.300000,520.400000,330.150000,734.200000,523.450000,627.300000,426.800000,213.800000,193.300000,32,0.080000,76.150000,112.940000,113.570000,93.850000,105.800000,0.002531,19.790000,0.020000
92,327,2,2,Leanbot_p30,0.000213,0.000594,57.069329,0.000323,0.000498,68.937500,123.875000,95.125000,72.000000,149,25,255,#FF1995,0.000090,0.000134,0.000213,0.000106,0.000174,0.000115,0.000114,0.000070,0.000107,0.000046,0.000079,0.000041,0.000059,0.000063,0.000016,0.000035,0.000032,0.000070,0.000038,0.000087,0.000022,0.000038,0.000029,0.000046,519,262,256,256,585.818726,345.868744,709.781250,434.881256,21.375000,87.875000,116.500000,159.875000,110.300000,198.200000,152.200000,115.200000,553.200000,402.600000,705.400000,517.800000,629.300000,460.200000,152.200000,115.200000,32,0.080000,76.150000,112.940000,113.570000,93.850000,105.800000,0.002531,19.790000,0.020000
93,360,7,1,Leanbot_p15,0.000211,0.000742,17.965704,0.000705,0.000229,16.468750,135.375000,32.937500,49.000000,135,25,255,#FF1987,0.000184,0.000211,0.000126,0.000190,0.000112,0.000076,0.000059,0.000068,0.000028,0.000022,0.000020,0.000039,0.000064,0.000040,0.000031,0.000034,0.000036,0.000085,0.000019,0.000044,0.000026,0.000044,0.000134,0.000126,519,262,256,256,585.818726,345.868744,709.781250,434.881256,0.000000,110.875000,32.937500,159.875000,26.350000,216.600000,52.700000,78.400000,519.000000,439.400000,571.700000,517.800000,545.350000,478.600000,52.700000,78.400000,2,0.000000,18.310000,133.350000,36.640000,53.300000,6.410000,0.002531,19.790000,0.020000
94,494,2,0,Leanbot_0,0.000211,0.000189,11.384822,0.000185,0.000037,68.875000,109.437500,135.750000,102.125000,121,25,255,#FF1979,0.000211,0.000122,0.000121,0.000133,0.000148,0.000134,0.000094,0.000131,0.000151,0.000114,0.000092,0.000141,0.000108,0.000150,0.000084,0.000107,0.000123,0.000137,0.000095,0.000120,0.000142,0.000102,0.000174,0.000132,519,262,256,256,585.818726,345.868744,709.781250,434.881256,1.000000,58.375000,136.750000,160.500000,110.200000,175.100000,217.200000,163.400000,520.600000,355.400000,737.800000,518.800000,629.200000,437.100000,217.200000,163.400000,32,0.080000,76.150000,112.940000,113.570000,93.850000,105.800000,0.002531,19.790000,0.020000
95,465,2,0,Leanbot_0,0.000208,0.000139,-130.952351,-0.000091,-0.000105,79.937500,104.375000,104.375000,111.437500,108,25,255,#FF196C,0.000208,0.000143,0.000164,0.000160,0.000110,0.000115,0.000132,0.000149,0.000132,0.000160,0.000162,0.000166,0.000170,0.000151,0.000188,0.000203,0.000185,0.000140,0.000128,0.000127,0.000157,0.000132,0.000148,0.000166,519,262,256,256,585.818726,345.868744,709.781250,434.881256,27.750000,48.656250,132.125000,160.093750,127.900000,167.000000,167.000000,178.300000,563.400000,339.850000,730.400000,518.150000,646.900000,429.000000,167.000000,178.300000,32,0.080000,76.150000,112.940000,113.570000,93.850000,105.800000,0.002531,19.790000,0.020000
96,490,13,23,Leanbot_m15,0.000200,0.000301,-5.170828,0.000300,-0.000027,33.437500,147.000000,68.125000,28.000000,94,25,255,#FF195E,0.000182,0.000177,0.000160,0.000143,0.000137,0.000098,0.000166,0.000160,0.000119,0.000120,0.000152,0.000119,0.000124,0.000161,0.000119,0.000101,0.000134,0.000132,0.000122,0.000112,0.000185,0.000191,0.000174,0.000200,519,262,256,256,585.818726,345.868744,709.781250,434.881256,-0.625000,133.000000,67.500000,161.000000,53.500000,235.200000,109.000000,44.800000,518.000000,474.800000,627.000000,519.600000,572.500000,497.200000,109.000000,44.800000,1,0.000000,33.440000,147.000000,68.120000,28.000000,-5.170000,0.002531,19.790000,0.020000
97,492,6,13,Leanbot_p195,0.000199,0.000068,102.430499,-0.000015,0.000066,57.468750,133.750000,117.437500,53.125000,80,25,255,#FF1950,0.000161,0.000128,0.000106,0.000123,0.000130,0.000131,0.000111,0.000129,0.000160,0.000147,0.000099,0.000128,0.000112,0.000199,0.000113,0.000112,0.000116,0.000126,0.000110,0.000107,0.000107,0.000123,0.000134,0.000141,519,262,256,256,585.818726,345.868744,709.781250,434.881256,-1.250000,107.187500,116.187500,160.312500,91.950000,214.000000,187.900000,85.000000,517.000000,433.500000,704.900000,518.500000,610.950000,476.000000,187.900000,85.000000,3,0.000000,51.850000,133.650000,103.150000,53.120000,57.990000,0.002531,19.790000,0.020000
98,447,9,15,Leanbot_m135,0.000199,0.000194,-155.443062,-0.000176,-0.000080,95.625000,58.656250,122.937500,114.187500,66,25,255,#FF1942,0.000136,0.000131,0.000147,0.000141,0.000101,0.000145,0.000143,0.000119,0.000127,0.000136,0.000133,0.000144,0.000166,0.000143,0.000173,0.000199,0.000190,0.000140,0.000120,0.000112,0.000118,0.000131,0.000124,0.000133,519,262,256,256,585.818726,345.868744,709.781250,434.881256,34.156250,1.562500,157.093750,115.750000,153.000000,93.850000,196.700000,182.700000,573.650000,264.500000,770.350000,447.200000,672.000000,355.850000,196.700000,182.700000,5,0.000000,95.850000,57.180000,129.690000,121.710000,-83.860000,0.002531,19.790000,0.020000
99,76,5,3,Leanbot_p45,0.000197,0.000533,38.069786,0.000420,0.000329,126.875000,24.812500,51.687500,48.875000,53,25,255,#FF1935,0.000092,0.000138,0.000116,0.000197,0.000161,0.000092,0.000084,0.000038,0.000026,0.000027,0.000027,0.000028,0.000036,0.000039,0.000018,0.000039,0.000030,0.000117,0.000028,0.000039,0.000022,0.000028,0.000033,0.000035,519,262,256,256,585.818726,345.868744,709.781250,434.881256,101.031250,0.375000,152.718750,49.250000,203.000000,39.700000,82.700000,78.200000,680.650000,262.600000,763.350000,340.800000,722.000000,301.700000,82.700000,78.200000,6,0.000000,126.090000,25.500000,49.020000,45.690000,36.300000,0.002531,19.790000,0.020000
100,60,4,0,Leanbot_0,0.000196,0.000411,8.617289,0.000406,0.000062,4.164062,38.375000,8.390625,78.750000,39,25,255,#FF1927,0.000196,0.000138,0.000090,0.000173,0.000082,0.000049,0.000064,0.000049,0.000048,0.000032,0.000065,0.000073,0.000068,0.000044,0.000061,0.000042,0.000056,0.000110,0.000038,0.000088,0.000040,0.000038,0.000095,0.000111,519,262,256,256,585.818726,345.868744,709.781250,434.881256,-0.031250,-1.000000,8.359375,77.750000,6.662500,61.400000,13.425000,126.000000,518.950000,260.400000,532.375000,386.400000,525.662500,323.400000,13.425000,126.000000,5,0.000000,4.430000,44.040000,8.900000,87.100000,15.370000,0.002531,19.790000,0.020000
