direction,steps,signed_steps,intervalMs,heading,duration
0,0,0,1500,-11.61,4.765390396118164
0,0,0,1750,-11.52,5.2572243213653564
0,0,0,2000,-11.23,5.709824323654175
0,0,0,2250,-11.31,6.267550230026245
0,0,0,2500,-11.39,6.754946708679199
0,0,0,2750,-11.47,7.236870527267456
0,0,0,3000,-11.61,7.842151165008545
1,10,10,1500,-13.67,4.728494882583618
1,10,10,1750,-13.29,5.258872985839844
1,10,10,2000,-12.84,5.827437162399292
1,10,10,2250,-12.75,6.249855041503906
1,10,10,2500,-12.59,6.8139238357543945
1,10,10,2750,-12.61,7.244550943374634
1,10,10,3000,-12.75,7.76130485534668
-1,10,0,1500,-13.53,4.724964141845703
-1,10,0,1750,-13.14,5.250171899795532
-1,10,0,2000,-12.91,5.7229931354522705
-1,10,0,2250,-13.25,6.248013019561768
-1,10,0,2500,-13.29,6.813564777374268
