frame_id,timestamp,mode,input_width,input_height,roi_w,roi_h,inf_time_ms,end_to_end_time_ms,cpu_load_pct,end_to_end_cpu_load_pct,fps,x_center,y_center,smooth_x,smooth_y,smooth_x2,smooth_y2,raw_angle,raw_angle_smooth,smooth_angle,smooth_angle_smooth,smooth_angle2,smooth_angle2_smooth,width,height,iou_prev_bbox,group1_magnitude,group1_angle,group2_magnitude,group2_angle,best_conf,tracking_lost
102,09:27:45.013,ROI,160,160,224,224,10.640000,41.590000,0.000000,0.000000,24.050000,644.270000,72.370000,644.120000,72.240000,644.120000,72.240000,-3.550000,-3.550000,0.000000,0.000000,0.000000,0.000000,98.000000,64.150000,0.981100,11.760000,-3.550000,0.000000,0.000000,0.754600,0
103,09:27:45.074,ROI,160,160,224,224,7.440000,55.500000,7.925000,0.000000,18.020000,643.640000,72.100000,643.910000,72.190000,643.910000,72.190000,-2.860000,-2.860000,166.607502,166.607502,166.607502,166.607502,98.040000,64.260000,0.979000,11.720000,-2.860000,0.000000,0.000000,0.765600,0
104,09:27:45.138,ROI,160,160,224,224,7.650000,57.640000,0.000000,0.000000,17.350000,644.340000,72.300000,644.100000,72.250000,644.100000,72.250000,-3.770000,-3.770000,-17.525568,-17.525568,-17.525568,-17.525568,97.820000,64.260000,0.979700,11.430000,-3.770000,0.000000,0.000000,0.750800,0
105,09:27:45.189,ROI,160,160,224,224,7.440000,44.290000,0.000000,0.000000,22.580000,643.590000,72.130000,643.880000,72.200000,643.880000,72.200000,-2.990000,-2.990000,167.195734,167.195734,167.195734,167.195734,98.010000,64.370000,0.979700,11.600000,-2.990000,0.000000,0.000000,0.759600,0
106,09:27:45.251,ROI,160,160,224,224,7.450000,55.930000,14.325000,0.000000,17.880000,644.290000,72.310000,644.070000,72.260000,644.070000,72.260000,-3.730000,-3.730000,-17.525568,-17.525568,-17.525568,-17.525568,97.900000,64.130000,0.980400,11.710000,-3.730000,0.000000,0.000000,0.752100,0
107,09:27:45.315,ROI,160,160,224,224,7.530000,58.520000,6.950000,0.000000,17.090000,643.640000,72.130000,643.860000,72.210000,643.860000,72.210000,-3.000000,-3.000000,166.607502,166.607502,166.607502,166.607502,97.990000,64.200000,0.981200,11.770000,-3.000000,0.000000,0.000000,0.761200,0
108,09:27:45.364,ROI,160,160,224,224,7.380000,42.280000,0.000000,0.000000,23.650000,644.270000,72.340000,644.040000,72.280000,644.040000,72.280000,-3.530000,-3.530000,-21.250506,-21.250506,-21.250506,-21.250506,98.070000,64.200000,0.980700,11.610000,-3.530000,0.000000,0.000000,0.752100,0
109,09:27:45.492,ROI,160,160,224,224,7.380000,121.080000,6.500000,0.000000,8.260000,643.650000,72.170000,643.850000,72.240000,643.850000,72.240000,-3.130000,-3.130000,168.111342,168.111342,168.111342,168.111342,97.940000,64.270000,0.982200,11.720000,-3.130000,0.000000,0.000000,0.753900,0
110,09:27:45.539,ROI,160,160,224,224,7.740000,42.050000,0.000000,0.000000,23.780000,644.410000,72.300000,644.080000,72.280000,644.080000,72.280000,-3.550000,-3.550000,-9.865807,-9.865807,-9.865807,-9.865807,97.510000,64.200000,0.980700,11.390000,-3.550000,0.000000,0.000000,0.754300,0
111,09:27:45.603,ROI,160,160,224,224,11.070000,60.900000,7.025000,33.225000,16.420000,643.640000,72.130000,643.880000,72.230000,643.880000,72.230000,-2.520000,-2.520000,165.963757,165.963757,165.963757,165.963757,97.850000,64.320000,0.979100,11.140000,-2.520000,0.000000,0.000000,0.768400,0
112,09:27:45.667,ROI,160,160,224,224,7.920000,53.120000,22.475000,0.000000,18.820000,644.270000,72.310000,644.060000,72.260000,644.060000,72.260000,-3.570000,-3.570000,-9.462322,-9.462322,-9.462322,-9.462322,97.960000,64.300000,0.981500,11.550000,-3.570000,0.000000,0.000000,0.751400,0
113,09:27:45.715,ROI,160,160,224,224,13.900000,48.070000,0.000000,0.000000,20.800000,643.590000,72.160000,643.850000,72.210000,643.850000,72.210000,-2.700000,-2.700000,166.607502,166.607502,166.607502,166.607502,97.930000,64.290000,0.981500,11.190000,-2.700000,0.000000,0.000000,0.765800,0
114,09:27:45.779,ROI,160,160,224,224,7.400000,51.870000,0.000000,0.000000,19.280000,644.270000,72.350000,644.030000,72.270000,644.030000,72.270000,-3.670000,-3.670000,-18.434949,-18.434949,-18.434949,-18.434949,98.010000,64.250000,0.980300,11.520000,-3.670000,0.000000,0.000000,0.748100,0
115,09:27:45.843,ROI,160,160,224,224,7.450000,57.800000,0.000000,0.000000,17.300000,643.550000,72.110000,643.800000,72.200000,643.800000,72.200000,-2.700000,-2.700000,163.072487,163.072487,163.072487,163.072487,97.970000,64.270000,0.978200,11.610000,-2.700000,0.000000,0.000000,0.764100,0
116,09:27:45.956,ROI,160,160,224,224,7.430000,107.420000,3.700000,0.000000,9.310000,644.390000,72.230000,644.060000,72.210000,644.060000,72.210000,-3.680000,-3.680000,-2.202598,-2.202598,-2.202598,-2.202598,97.610000,63.970000,0.978400,11.490000,-3.680000,0.000000,0.000000,0.749800,0
117,09:27:46.019,ROI,160,160,224,224,7.460000,57.280000,7.075000,0.000000,17.460000,643.820000,72.060000,643.950000,72.130000,643.950000,72.130000,-2.440000,-2.440000,143.972627,143.972627,143.972627,143.972627,98.290000,64.720000,0.976900,11.200000,-2.440000,0.000000,0.000000,0.777900,0
118,09:27:46.067,ROI,160,160,224,224,7.490000,41.700000,19.525000,0.000000,23.980000,644.830000,72.770000,644.350000,72.380000,644.350000,72.380000,-3.850000,-3.850000,-32.005383,-32.005383,-32.005383,-32.005383,97.290000,63.420000,0.958000,11.880000,-3.850000,0.000000,0.000000,0.750500,0
119,09:27:46.132,ROI,160,160,224,224,12.500000,63.550000,13.850000,0.000000,15.740000,645.130000,72.790000,644.730000,72.570000,644.408333,72.377018,-3.030000,-3.200965,-26.565051,-20.642965,2.926860,-8.742720,97.850000,64.300000,0.980200,11.070000,-3.030000,0.000000,0.000000,0.768200,0
120,09:27:46.195,ROI,160,160,224,224,7.430000,51.990000,0.000000,0.000000,19.240000,645.560000,72.760000,645.240000,72.710000,644.813684,72.534123,-3.520000,-3.316140,-15.350136,-19.370571,-21.185257,-12.411859,98.130000,64.540000,0.987700,12.430000,-3.520000,0.000000,0.000000,0.748100,0
121,09:27:46.244,ROI,160,160,224,224,7.310000,43.720000,9.400000,0.000000,22.880000,646.200000,72.970000,645.810000,72.890000,645.372281,72.733509,-2.630000,-3.140439,-17.525568,-382.649146,-19.643564,-378.361519,97.480000,64.260000,0.980500,12.650000,-2.630000,0.000000,0.000000,0.769500,0
122,09:27:46.371,ROI,160,160,224,224,8.070000,121.410000,3.300000,0.000000,8.240000,648.440000,73.260000,647.230000,73.150000,646.335000,72.980965,-2.770000,-2.949035,-10.375845,-39.894722,-14.415177,-38.660152,96.080000,64.330000,0.946400,12.490000,-2.770000,0.000000,0.000000,0.754700,0
123,09:27:46.419,ROI,160,160,224,224,7.530000,41.820000,0.000000,0.000000,23.910000,650.730000,73.470000,649.170000,73.410000,647.858772,73.273947,-3.300000,-3.102807,-7.633331,-388.945286,-10.883692,-389.902152,96.470000,63.620000,0.943100,12.130000,-3.300000,0.000000,0.000000,0.779700,0
124,09:27:46.484,ROI,160,160,224,224,8.470000,60.410000,0.000000,0.000000,16.550000,651.670000,73.210000,651.030000,73.490000,649.715702,73.510088,-3.780000,-3.327719,-2.462817,-38.282840,-7.247238,-41.611527,96.560000,64.530000,0.967100,12.540000,-3.780000,0.000000,0.000000,0.774500,0
125,09:27:46.548,ROI,160,160,224,224,7.460000,56.650000,0.000000,0.000000,17.650000,653.980000,73.400000,653.240000,73.590000,651.983596,73.715175,-3.960000,-3.656404,-2.590802,-385.808507,-5.167253,-390.073399,96.960000,64.780000,0.947600,12.260000,-3.960000,0.000000,0.000000,0.719500,0
126,09:27:46.596,ROI,160,160,224,224,7.360000,42.180000,9.750000,0.000000,23.710000,654.900000,73.640000,655.190000,73.760000,654.374474,73.902982,-3.850000,-3.797719,-4.982420,-41.110168,-4.491447,-44.764507,98.140000,64.670000,0.974200,11.120000,-3.850000,0.000000,0.000000,0.726000,0
127,09:27:46.659,ROI,160,160,224,224,7.450000,57.240000,7.075000,0.000000,17.470000,658.340000,73.190000,657.850000,73.660000,657.135088,73.975175,-4.320000,-4.121579,2.152963,-36.568116,-1.498004,-41.265854,98.980000,64.200000,0.920200,11.340000,-4.320000,0.000000,0.000000,0.670200,0
128,09:27:46.724,ROI,160,160,224,224,7.460000,58.920000,6.850000,0.000000,16.970000,659.850000,73.770000,660.340000,73.790000,660.004649,74.035789,-5.000000,-4.565702,-2.988632,-7.579548,-1.210085,-10.744838,97.340000,63.710000,0.952700,12.190000,-5.000000,0.000000,0.000000,0.723200,0
129,09:27:46.788,ROI,160,160,224,224,7.410000,57.920000,6.975000,0.000000,17.260000,663.580000,74.260000,663.430000,74.060000,663.185175,74.154561,-4.540000,-4.833070,-4.993744,-0.361786,-2.138630,-1.683533,97.930000,63.070000,0.912700,11.530000,-4.540000,0.000000,0.000000,0.720500,0
130,09:27:46.836,ROI,160,160,224,224,7.500000,42.090000,9.800000,0.000000,23.760000,664.440000,74.800000,665.860000,74.480000,666.232632,74.371754,-3.820000,-4.597456,-9.806093,30.392331,-4.076592,31.871822,100.790000,63.910000,0.955100,11.580000,-3.820000,0.000000,0.000000,0.762700,0
131,09:27:46.948,ROI,160,160,224,224,9.820000,106.420000,0.000000,37.650000,9.400000,669.460000,74.590000,669.350000,74.660000,669.585439,74.580965,-4.260000,-4.654123,-2.952467,-317.959416,-3.570548,-316.669228,98.910000,64.110000,0.898700,11.910000,-4.260000,0.440000,-6.070000,0.769100,0
132,09:27:47.012,ROI,160,160,224,224,7.570000,56.090000,0.000000,0.000000,17.830000,672.460000,75.080000,672.890000,74.990000,673.098596,74.831579,-5.210000,-4.926842,-5.325741,18.085231,-4.080330,20.115877,97.920000,63.970000,0.927000,14.190000,-5.210000,0.000000,0.000000,0.796400,0
133,09:27:47.076,ROI,160,160,224,224,7.620000,58.090000,0.000000,0.000000,17.210000,674.310000,75.380000,675.800000,75.310000,676.486754,75.129561,-3.860000,-4.673158,-6.275353,4.452174,-5.026130,7.233757,98.800000,64.860000,0.949900,14.160000,-3.860000,0.000000,0.000000,0.831500,0
134,09:27:47.123,ROI,160,160,224,224,7.640000,41.600000,0.000000,0.000000,24.040000,676.100000,75.290000,678.280000,75.490000,679.508772,75.405789,-4.220000,-4.458070,-4.151285,9.744949,-5.222619,12.360634,98.850000,65.300000,0.958100,14.370000,-4.220000,0.000000,0.000000,0.822700,0
135,09:27:47.189,ROI,160,160,224,224,8.010000,60.540000,0.000000,0.000000,16.520000,679.740000,75.920000,681.050000,75.820000,682.388246,75.746579,-7.530000,-5.751754,-6.793831,-9.941777,-6.749633,-6.807816,98.770000,66.670000,0.910500,13.280000,-7.530000,0.000000,0.000000,0.706400,0
136,09:27:47.252,ROI,160,160,224,224,8.210000,55.690000,7.225000,0.000000,17.960000,681.320000,76.150000,683.300000,76.150000,684.895263,76.102368,-7.650000,-6.626754,-8.343892,-10.518173,-8.077330,-6.649416,97.650000,66.280000,0.961800,15.300000,-7.650000,0.000000,0.000000,0.771300,0
137,09:27:47.316,ROI,160,160,224,224,7.720000,57.270000,7.125000,0.000000,17.460000,684.250000,77.200000,685.580000,76.770000,687.145263,76.586053,-9.370000,-8.035526,-15.212583,-13.203952,-12.132279,-12.272671,98.100000,65.930000,0.913400,15.720000,-9.370000,0.000000,0.000000,0.757900,0
138,09:27:47.364,ROI,160,160,224,224,7.670000,42.460000,9.750000,0.000000,23.550000,684.800000,77.910000,687.010000,77.510000,688.888596,77.219737,-7.570000,-8.279386,-27.360775,-20.663574,-19.975699,-17.251328,99.750000,66.390000,0.962600,17.310000,-7.570000,0.000000,0.000000,0.791900,0
139,09:27:47.491,ROI,160,160,224,224,7.610000,120.700000,3.300000,0.000000,8.280000,689.380000,78.320000,689.380000,78.180000,690.691667,77.930614,-11.910000,-10.245000,-15.785620,-20.714532,-21.517300,-21.070182,99.120000,65.800000,0.901300,15.670000,-11.910000,0.000000,0.000000,0.866900,0
140,09:27:47.539,ROI,160,160,224,224,7.470000,41.880000,9.825000,0.000000,23.880000,693.200000,79.040000,692.330000,78.940000,692.765351,78.712368,-11.580000,-11.593596,-14.446795,-20.009528,-20.655849,-23.336382,101.320000,66.320000,0.906900,15.140000,-11.580000,0.000000,0.000000,0.863700,0
141,09:27:47.604,ROI,160,160,224,224,7.740000,59.320000,6.875000,0.000000,16.860000,694.690000,79.690000,694.620000,79.690000,694.780439,79.522456,-12.950000,-13.046667,-18.134186,-20.446062,-21.900677,-25.075919,101.360000,67.580000,0.952700,17.340000,-12.950000,0.000000,0.000000,0.880000,0
142,09:27:47.667,ROI,160,160,224,224,8.110000,57.810000,0.000000,0.000000,17.300000,699.330000,80.210000,697.870000,80.410000,697.196228,80.345526,-11.660000,-13.459123,-12.491469,-18.568732,-18.814204,-24.751940,100.530000,66.610000,0.898700,15.770000,-11.660000,0.000000,0.000000,0.914700,0
143,09:27:47.715,ROI,160,160,224,224,7.730000,41.700000,9.925000,0.000000,23.980000,700.820000,80.670000,700.430000,81.030000,699.659035,81.124211,-13.850000,-14.449298,-13.614183,-17.174296,-17.545783,-23.461207,101.290000,65.650000,0.957100,17.410000,-13.850000,0.000000,0.000000,0.896600,0
144,09:27:47.780,ROI,160,160,224,224,7.510000,58.870000,0.000000,0.000000,16.990000,704.540000,81.350000,703.530000,81.700000,702.461316,81.866316,-12.300000,-14.420789,-12.195696,-14.840591,-14.832691,-20.745447,97.940000,65.580000,0.909500,16.400000,-12.300000,0.000000,0.000000,0.921100,0
145,09:27:47.843,ROI,160,160,224,224,7.440000,57.000000,0.000000,0.000000,17.540000,704.970000,81.660000,705.540000,82.190000,705.050088,82.538772,-14.920000,-15.190000,-13.700399,-14.388275,-14.561268,-18.370165,100.690000,66.180000,0.963700,16.640000,-14.920000,0.000000,0.000000,0.922100,0
146,09:27:47.957,ROI,160,160,224,224,7.470000,107.350000,3.700000,0.000000,9.320000,711.030000,82.840000,709.210000,82.920000,708.184561,83.233772,-17.870000,-16.666404,-11.249874,-12.607228,-12.501810,-15.487542,96.730000,66.360000,0.855200,17.460000,-17.870000,0.000000,0.000000,0.943500,0
147,09:27:48.019,ROI,160,160,224,224,7.610000,56.610000,7.200000,0.000000,17.660000,713.230000,83.850000,712.410000,83.730000,711.496754,83.961930,-18.790000,-18.007368,-14.204636,-12.194488,-12.398763,-12.999711,98.870000,68.250000,0.928200,17.380000,-18.790000,0.000000,0.000000,0.910000,0
148,09:27:48.068,ROI,160,160,224,224,7.480000,42.930000,9.575000,0.000000,23.290000,714.500000,84.270000,714.960000,84.440000,714.765526,84.647982,-19.990000,-19.433684,-15.558871,-11.708921,-11.853241,-10.602823,99.110000,68.660000,0.962900,18.080000,-19.990000,0.000000,0.000000,0.918300,0
149,09:27:48.132,ROI,160,160,224,224,7.570000,57.570000,6.975000,0.000000,17.370000,715.810000,84.410000,716.950000,84.890000,717.623684,85.220088,-20.500000,-20.543860,-12.742029,-11.036087,-11.319063,-8.710645,99.290000,68.180000,0.967300,18.940000,-20.500000,0.000000,0.000000,0.922000,0
150,09:27:48.195,ROI,160,160,224,224,7.470000,57.090000,7.100000,0.000000,17.520000,719.070000,85.250000,719.310000,85.430000,720.223421,85.724825,-17.600000,-19.943158,-12.888185,-10.612277,-10.987240,-7.386111,98.430000,68.420000,0.914000,17.980000,-17.600000,0.000000,0.000000,0.951300,0
151,09:27:48.243,ROI,160,160,224,224,7.510000,42.590000,9.650000,0.000000,23.480000,720.160000,86.030000,721.000000,86.040000,722.361491,86.211316,-22.050000,-21.310877,-19.846883,-13.330193,-12.818693,-7.490755,98.640000,69.680000,0.956400,18.520000,-22.050000,0.000000,0.000000,0.907300,0
152,09:27:48.371,ROI,160,160,224,224,7.510000,121.340000,0.000000,0.000000,8.240000,725.590000,87.700000,724.140000,87.100000,724.749386,86.900088,-27.070000,-24.405088,-18.653634,-15.802021,-16.089845,-9.563954,98.460000,72.520000,0.856700,18.100000,-27.070000,0.000000,0.000000,0.894800,0
153,09:27:48.420,ROI,160,160,224,224,7.500000,42.730000,19.175000,0.000000,23.400000,728.180000,88.730000,727.250000,88.240000,727.273684,87.786930,-28.510000,-26.983509,-20.130890,-18.683673,-19.357509,-13.150171,97.190000,72.340000,0.922300,16.980000,-28.510000,0.000000,0.000000,0.880700,0
154,09:27:48.482,ROI,160,160,224,224,8.360000,57.340000,7.200000,0.000000,17.440000,728.800000,88.890000,729.370000,89.010000,729.556667,88.701228,-26.460000,-28.011404,-19.961404,-21.304943,-21.825318,-17.661408,97.380000,71.160000,0.971400,16.130000,-26.460000,0.000000,0.000000,0.856100,0
155,09:27:48.547,ROI,160,160,224,224,7.400000,58.300000,0.000000,0.000000,17.150000,731.390000,91.250000,731.650000,90.450000,731.719298,89.883246,-28.000000,-29.026140,-32.275644,-27.839769,-28.659448,-24.205919,97.310000,72.660000,0.889200,16.250000,-28.000000,0.000000,0.000000,0.862500,0
156,09:27:48.594,ROI,160,160,224,224,7.380000,41.090000,9.950000,0.000000,24.340000,733.320000,92.090000,733.600000,91.780000,733.814211,91.211579,-29.570000,-30.535702,-34.295993,-31.794257,-32.377798,-30.131603,96.950000,72.930000,0.939400,16.700000,-29.570000,0.000000,0.000000,0.856100,0
157,09:27:48.660,ROI,160,160,224,224,9.870000,62.440000,6.750000,0.000000,16.020000,736.190000,93.740000,735.920000,93.260000,735.966754,92.709825,-29.290000,-30.922281,-32.535067,-34.716467,-34.839263,-35.249987,96.820000,71.360000,0.901400,16.850000,-29.290000,0.000000,0.000000,0.884200,0
158,09:27:48.722,ROI,160,160,224,224,7.370000,52.050000,7.650000,0.000000,19.210000,738.230000,94.790000,737.990000,94.660000,738.018246,94.279035,-33.640000,-32.745439,-34.071610,-37.258496,-37.412813,-39.791496,96.520000,73.020000,0.931900,16.690000,-33.640000,0.000000,0.000000,0.844400,0
159,09:27:48.771,ROI,160,160,224,224,7.310000,43.210000,0.000000,0.000000,23.140000,740.830000,96.400000,740.320000,96.230000,740.203246,95.945614,-31.180000,-32.767982,-33.972868,-38.028883,-37.334083,-42.286429,97.230000,72.870000,0.907800,16.510000,-31.180000,0.000000,0.000000,0.863800,0
160,09:27:48.900,ROI,160,160,224,224,9.090000,124.990000,3.225000,0.000000,8.000000,745.380000,98.940000,743.380000,98.340000,742.691754,97.880000,-30.620000,-32.513070,-34.587913,-38.792711,-37.858901,-43.766745,100.090000,76.200000,0.853900,17.500000,-30.620000,0.350000,-30.330000,0.845600,0
161,09:27:48.946,ROI,160,160,224,224,8.910000,40.040000,10.750000,0.000000,24.970000,746.290000,98.990000,745.870000,99.710000,745.273158,99.709737,-31.780000,-32.394298,-28.819626,-36.327641,-35.329576,-43.003003,98.290000,74.630000,0.961600,16.750000,-31.780000,0.740000,-29.490000,0.892000,0
162,09:27:49.010,ROI,160,160,224,224,10.090000,59.010000,7.175000,0.000000,16.950000,747.810000,99.610000,748.080000,100.780000,747.745614,101.299035,-32.880000,-32.921667,-25.834543,-32.801287,-32.732966,-40.686771,98.290000,75.450000,0.954000,16.640000,-32.880000,1.320000,-31.930000,0.824800,0
163,09:27:49.075,ROI,160,160,224,224,8.900000,56.000000,0.000000,0.000000,17.860000,750.510000,101.390000,750.490000,102.090000,750.358684,102.797719,-30.880000,-32.318860,-28.527108,-30.512202,-29.835731,-36.863963,99.430000,75.920000,0.904300,17.860000,-30.880000,1.290000,-29.980000,0.834200,0
164,09:27:49.122,ROI,160,160,224,224,7.530000,39.680000,10.400000,0.000000,25.200000,752.340000,102.240000,752.620000,103.140000,752.761053,104.078947,-30.940000,-31.534211,-26.241350,-27.888652,-28.071835,-32.720108,97.660000,75.350000,0.942500,17.560000,-30.940000,0.000000,0.000000,0.841600,0
165,09:27:49.186,ROI,160,160,224,224,8.840000,59.330000,7.000000,0.000000,16.860000,754.870000,104.240000,755.030000,104.500000,755.093947,105.285702,-31.230000,-30.926579,-29.436704,-26.743962,-27.351517,-28.783468,96.260000,76.130000,0.901500,17.070000,-31.230000,0.300000,-34.070000,0.825100,0
166,09:27:49.250,ROI,160,160,224,224,7.550000,56.870000,7.150000,0.000000,17.590000,756.340000,104.760000,757.020000,105.440000,757.241053,106.266404,-33.690000,-31.349561,-25.284261,-24.023846,-24.548803,-24.494519,95.770000,76.680000,0.957000,16.420000,-33.690000,0.000000,0.000000,0.782800,0
167,09:27:49.299,ROI,160,160,192,192,7.520000,42.490000,9.700000,0.000000,23.540000,759.730000,106.440000,759.580000,106.600000,759.546053,107.203070,-44.820000,-36.225702,-24.376469,-22.135556,-22.115004,-20.415532,92.660000,77.770000,0.892500,14.620000,-44.820000,0.000000,0.000000,0.807000,0
168,09:27:49.427,ROI,160,160,192,192,7.610000,122.410000,3.250000,0.000000,8.170000,763.000000,108.410000,762.240000,108.070000,761.992368,108.256667,-51.110000,-43.278421,-28.926426,-23.150124,-23.300918,-18.335707,91.400000,76.820000,0.886500,14.360000,-51.110000,0.000000,0.000000,0.796600,0
169,09:27:49.475,ROI,160,160,192,192,7.480000,41.720000,0.000000,0.000000,23.970000,764.600000,110.020000,764.600000,109.590000,764.545614,109.459298,-50.830000,-48.496754,-32.784281,-25.345539,-25.221407,-18.204866,91.340000,78.960000,0.927100,14.420000,-50.830000,0.000000,0.000000,0.794100,0
170,09:27:49.539,ROI,160,160,192,192,7.500000,57.740000,0.000000,0.000000,17.320000,767.220000,110.730000,767.150000,110.800000,767.091754,110.633333,-48.680000,-51.037368,-25.384798,-24.851972,-24.754608,-18.630795,90.840000,78.190000,0.927600,15.150000,-48.680000,0.000000,0.000000,0.821700,0
171,09:27:49.602,ROI,160,160,192,192,7.590000,57.680000,7.050000,0.000000,17.340000,767.740000,111.920000,768.740000,111.980000,769.186842,111.779386,-47.990000,-52.174825,-36.580527,-29.573970,-28.679494,-21.306346,91.960000,78.910000,0.958500,14.150000,-47.990000,0.000000,0.000000,0.785000,0
172,09:27:49.650,ROI,160,160,192,192,7.710000,41.500000,9.850000,0.000000,24.100000,770.240000,113.770000,770.720000,113.410000,771.172807,113.084386,-53.300000,-55.060877,-35.837653,-33.941955,-33.309368,-26.151708,89.760000,78.360000,0.904000,14.090000,-53.300000,0.000000,0.000000,0.826900,0
173,09:27:49.714,ROI,160,160,192,192,8.010000,58.490000,7.025000,0.000000,17.100000,771.100000,114.760000,772.070000,114.660000,772.810263,114.392807,-47.450000,-54.442982,-42.797402,-39.204736,-38.626854,-32.219079,91.840000,79.080000,0.953200,13.620000,-47.450000,0.000000,0.000000,0.763900,0
174,09:27:49.779,ROI,160,160,192,192,7.400000,58.360000,0.000000,0.000000,17.140000,773.780000,117.190000,773.900000,116.400000,774.432193,115.924035,-48.970000,-53.930526,-43.555874,-43.240296,-43.352320,-38.943576,89.700000,80.080000,0.888500,13.710000,-48.970000,0.000000,0.000000,0.775600,0
175,09:27:49.827,ROI,160,160,192,192,7.470000,42.270000,0.000000,0.000000,23.660000,775.120000,117.360000,775.220000,117.530000,775.828333,117.373333,-43.440000,-50.914211,-40.565529,-45.050151,-46.070263,-45.136606,90.530000,80.100000,0.966700,13.600000,-43.440000,0.000000,0.000000,0.805800,0
176,09:27:49.956,ROI,160,160,192,192,7.490000,123.060000,3.225000,0.000000,8.130000,778.710000,121.150000,777.650000,119.780000,777.563158,119.218947,-49.100000,-49.812544,-42.797402,-46.659046,-46.772337,-49.651186,87.820000,78.380000,0.841200,14.780000,-49.100000,0.000000,0.000000,0.809200,0
177,09:27:50.002,ROI,160,160,192,192,7.650000,40.520000,10.200000,0.000000,24.680000,779.690000,122.140000,779.630000,121.740000,779.398070,121.232807,-47.180000,-48.024298,-44.709161,-47.977195,-47.662031,-52.861401,88.940000,79.360000,0.954000,14.340000,-47.180000,0.000000,0.000000,0.819500,0
178,09:27:50.066,ROI,160,160,192,192,7.610000,58.100000,7.000000,0.000000,17.210000,782.240000,123.500000,781.810000,123.560000,781.302807,123.206667,-52.490000,-48.626842,-39.857235,-46.072201,-46.020995,-53.655070,86.940000,78.720000,0.912500,13.410000,-52.490000,0.000000,0.000000,0.781600,0
179,09:27:50.131,ROI,160,160,192,192,7.550000,59.110000,6.850000,0.000000,16.920000,783.040000,124.540000,783.340000,125.060000,783.048947,125.050789,-53.490000,-49.308246,-44.432734,-46.288627,-46.563280,-53.619925,87.920000,79.510000,0.956600,14.180000,-53.490000,0.000000,0.000000,0.802000,0
180,09:27:50.178,ROI,160,160,192,192,7.510000,36.760000,0.000000,0.000000,27.210000,785.030000,127.560000,785.030000,127.180000,784.775877,127.058860,-58.990000,-51.917018,-51.439205,-49.193177,-49.304642,-53.856050,86.280000,81.070000,0.887600,13.520000,-58.990000,0.000000,0.000000,0.862800,0
181,09:27:50.242,ROI,160,160,192,192,7.430000,58.180000,6.950000,0.000000,17.190000,786.200000,128.880000,786.280000,129.030000,786.298070,129.043246,-56.880000,-53.529912,-55.954063,-52.566024,-52.508723,-54.640550,86.020000,82.280000,0.942600,13.760000,-56.880000,0.000000,0.000000,0.832300,0
182,09:27:50.355,ROI,160,160,192,192,7.570000,107.230000,0.000000,0.000000,9.330000,788.040000,132.340000,787.910000,131.620000,787.860877,131.323246,-60.270000,-56.577368,-57.816002,-55.806022,-55.571636,-55.795193,85.370000,83.340000,0.882600,13.510000,-60.270000,0.000000,0.000000,0.857000,0
183,09:27:50.418,ROI,160,160,192,192,7.430000,56.820000,7.125000,0.000000,17.600000,789.160000,135.520000,789.410000,134.620000,789.386667,133.948070,-59.630000,-59.321404,-63.434949,-59.753301,-59.830906,-57.682783,87.230000,84.380000,0.904000,12.240000,-59.630000,0.000000,0.000000,0.854200,0
184,09:27:50.482,ROI,160,160,192,192,7.470000,58.220000,0.000000,0.000000,17.180000,790.910000,135.980000,790.870000,136.640000,790.938158,136.483509,-64.870000,-64.066053,-54.141640,-59.175114,-58.536610,-58.327626,83.770000,83.200000,0.946500,13.280000,-64.870000,0.000000,0.000000,0.844700,0
185,09:27:50.530,ROI,160,160,192,192,8.000000,38.840000,0.000000,0.000000,25.750000,791.910000,137.810000,792.130000,138.630000,792.373509,138.901842,-66.500000,-67.526491,-57.659407,-60.104899,-59.309642,-59.097546,84.700000,83.950000,0.935200,13.410000,-66.500000,0.000000,0.000000,0.836500,0
186,09:27:50.594,ROI,160,160,192,192,7.370000,57.210000,7.075000,0.000000,17.480000,793.350000,138.540000,793.350000,140.010000,793.666667,140.922982,-66.880000,-69.354474,-48.521453,-56.534601,-57.388237,-58.703150,82.880000,82.540000,0.949500,13.300000,-66.880000,0.000000,0.000000,0.827700,0
187,09:27:50.658,ROI,160,160,192,192,7.410000,58.320000,6.950000,0.000000,17.150000,794.270000,139.340000,794.410000,141.020000,794.794912,142.446053,-65.380000,-69.601842,-43.616313,-51.061781,-53.470040,-56.627876,84.480000,82.250000,0.959500,13.980000,-65.380000,0.000000,0.000000,0.848000,0
188,09:27:50.706,ROI,160,160,192,192,8.690000,43.280000,9.750000,0.000000,23.110000,795.910000,140.420000,795.580000,141.810000,795.785263,143.518860,-66.790000,-70.044035,-34.027760,-44.004301,-47.288664,-52.864336,82.280000,82.020000,0.937200,13.840000,-66.790000,0.770000,-68.400000,0.843900,0
189,09:27:50.834,ROI,160,160,192,192,7.540000,120.760000,0.000000,0.000000,8.280000,798.180000,144.150000,797.160000,143.620000,796.943070,144.679474,-70.090000,-71.355175,-48.881376,-43.580969,-45.069371,-49.102094,81.520000,86.040000,0.867700,16.230000,-70.090000,0.000000,0.000000,0.851300,0
190,09:27:50.882,ROI,160,160,192,192,9.230000,43.220000,9.825000,0.000000,23.140000,799.310000,145.930000,798.830000,145.560000,798.238860,145.969123,-70.150000,-71.145702,-49.277316,-43.934954,-44.863924,-46.153171,81.080000,85.080000,0.933500,15.070000,-70.150000,0.000000,0.000000,0.841400,0
191,09:27:50.946,ROI,160,160,192,192,7.550000,56.790000,7.150000,0.000000,17.610000,800.400000,148.500000,800.280000,147.730000,799.652719,147.517632,-72.960000,-72.201228,-56.249044,-46.561177,-47.602485,-44.927786,81.060000,87.400000,0.917700,16.090000,-72.960000,0.000000,0.000000,0.848600,0
192,09:27:51.010,ROI,160,160,192,192,7.500000,57.540000,7.050000,0.000000,17.380000,800.530000,149.700000,801.140000,149.500000,800.891228,149.085877,-72.710000,-72.370526,-64.086009,-51.860246,-51.700382,-45.561086,80.690000,86.820000,0.968400,15.530000,-72.710000,0.000000,0.000000,0.866500,0
193,09:27:51.058,ROI,160,160,192,192,7.560000,42.190000,9.750000,0.000000,23.700000,802.100000,152.620000,802.260000,151.770000,802.187895,150.990000,-75.150000,-74.053070,-63.738634,-56.531831,-55.745979,-47.754214,80.930000,88.700000,0.901000,15.220000,-75.150000,0.000000,0.000000,0.819600,0
194,09:27:51.122,ROI,160,160,192,192,7.470000,57.770000,7.000000,0.000000,17.310000,802.910000,153.620000,803.170000,153.540000,803.321053,152.853509,-75.000000,-74.721053,-62.791203,-59.883841,-58.697154,-50.929156,78.610000,88.740000,0.950100,16.380000,-75.000000,0.000000,0.000000,0.876100,0
195,09:27:51.186,ROI,160,160,192,192,7.450000,58.230000,0.000000,0.000000,17.170000,804.950000,155.870000,804.510000,155.550000,804.526053,154.808772,-77.600000,-76.641579,-56.309932,-59.866436,-58.355081,-53.502520,77.840000,87.460000,0.903000,14.800000,-77.600000,0.000000,0.000000,0.831200,0
196,09:27:51.236,ROI,160,160,192,192,8.700000,45.420000,0.000000,0.000000,22.020000,804.670000,157.140000,805.070000,157.210000,805.422193,156.720175,-78.430000,-78.029298,-71.358208,-66.904015,-64.880988,-58.739561,77.500000,87.530000,0.964500,15.040000,-78.430000,0.000000,0.000000,0.864000,0
197,09:27:51.362,ROI,160,160,192,192,8.750000,120.000000,3.350000,0.000000,8.330000,805.490000,160.320000,805.680000,159.480000,806.154123,158.910439,-81.690000,-80.404474,-74.958671,-73.928270,-71.521693,-65.959223,79.100000,86.320000,0.910900,14.990000,-81.690000,0.260000,-90.160000,0.776900,0
198,09:27:51.410,ROI,160,160,192,192,7.510000,40.630000,10.125000,0.000000,24.610000,805.530000,163.200000,806.090000,162.150000,806.657632,161.428421,-83.540000,-82.319561,-81.269964,-81.267290,-78.691987,-74.553554,80.570000,88.330000,0.919500,15.150000,-83.540000,0.000000,0.000000,0.773300,0
199,09:27:51.474,ROI,160,160,192,192,7.560000,58.110000,6.975000,0.000000,17.210000,806.360000,163.720000,806.560000,164.130000,807.071667,163.959649,-84.460000,-84.366754,-76.646630,-84.146593,-80.710348,-81.764168,79.930000,86.840000,0.963200,14.470000,-84.460000,0.000000,0.000000,0.736000,0
200,09:27:51.539,ROI,160,160,192,192,7.450000,58.820000,0.000000,0.000000,17.000000,806.560000,165.270000,806.950000,165.900000,807.356404,166.299298,-84.160000,-85.419825,-77.574057,-85.598510,-83.061189,-87.604637,82.320000,87.100000,0.937500,14.740000,-84.160000,0.000000,0.000000,0.779400,0
201,09:27:51.586,ROI,160,160,192,192,9.380000,42.860000,10.025000,0.000000,23.330000,806.880000,166.480000,807.140000,167.380000,807.482105,168.232895,-88.070000,-87.879561,-82.684475,-86.654244,-86.280475,-92.052223,81.640000,87.340000,0.964700,16.830000,-88.070000,0.000000,0.000000,0.825100,0
202,09:27:51.650,ROI,160,160,192,192,7.660000,54.710000,7.275000,0.000000,18.280000,807.260000,167.940000,807.380000,168.800000,807.520702,169.859912,-88.910000,-89.438684,-80.406866,-86.148759,-88.641071,-95.345876,83.720000,87.680000,0.943200,16.430000,-88.910000,0.000000,0.000000,0.820300,0
203,09:27:51.714,ROI,160,160,192,192,7.690000,57.820000,6.975000,0.000000,17.300000,807.000000,168.320000,807.220000,169.630000,807.376140,170.968333,-87.130000,-89.449737,-100.911128,-92.160369,-97.430633,-99.850957,83.270000,88.400000,0.985400,16.690000,-87.130000,0.000000,0.000000,0.806000,0
204,09:27:51.762,ROI,160,160,192,192,8.000000,42.680000,9.775000,0.000000,23.430000,807.600000,169.480000,807.290000,170.490000,807.218333,171.741579,-86.730000,-88.930526,-85.346648,-90.429223,-101.534748,-103.564734,84.120000,89.150000,0.960600,16.920000,-86.730000,0.000000,0.000000,0.818700,0
205,09:27:51.890,ROI,160,160,192,192,7.510000,121.460000,0.000000,0.000000,8.230000,808.450000,173.980000,807.540000,172.550000,807.187193,172.825175,-89.600000,-89.703246,-83.080467,-88.001798,-91.646111,-101.283027,84.790000,87.240000,0.885700,16.020000,-89.600000,0.000000,0.000000,0.880000,0
206,09:27:51.938,ROI,160,160,192,192,8.580000,43.300000,9.750000,0.000000,23.100000,808.370000,176.400000,807.790000,175.020000,807.290351,174.437018,-91.370000,-90.866667,-84.220514,-87.899144,-86.338064,-96.760975,84.680000,86.200000,0.944000,14.220000,-91.370000,0.260000,-91.280000,0.794700,0
207,09:27:52.002,ROI,160,160,192,192,8.780000,57.820000,7.150000,0.000000,17.300000,808.490000,177.610000,807.930000,177.080000,807.426228,176.246140,-91.030000,-91.212632,-86.112090,-87.269866,-85.704769,-92.458812,85.080000,86.880000,0.967900,16.730000,-91.030000,0.310000,-91.800000,0.863700,0
208,09:27:52.066,ROI,160,160,192,192,8.540000,57.700000,7.150000,0.000000,17.330000,807.980000,181.070000,807.900000,179.740000,807.495175,178.456579,-91.370000,-91.569386,-90.646166,-88.821850,-88.213426,-89.862533,87.950000,88.910000,0.894900,15.960000,-91.370000,0.000000,0.000000,0.790400,0
209,09:27:52.114,ROI,160,160,192,192,7.590000,41.120000,10.025000,0.000000,24.320000,807.730000,182.560000,807.700000,181.940000,807.445175,180.768421,-92.400000,-91.906667,-95.194429,-91.365930,-91.238987,-88.840855,89.020000,88.720000,0.955600,17.320000,-92.400000,0.000000,0.000000,0.878300,0
210,09:27:52.179,ROI,160,160,192,192,7.660000,59.600000,0.000000,0.000000,16.780000,807.310000,183.440000,807.420000,183.690000,807.337632,183.021316,-93.250000,-92.560439,-99.090277,-93.969314,-92.732988,-88.471904,87.490000,86.820000,0.961900,17.060000,-93.250000,0.000000,0.000000,0.845200,0
211,09:27:52.242,ROI,160,160,192,192,7.570000,56.450000,7.200000,0.000000,17.710000,808.440000,184.340000,807.670000,184.950000,807.372368,184.956579,-94.190000,-93.232193,-78.777542,-87.677607,-88.971685,-86.607987,85.300000,85.000000,0.953800,16.720000,-94.190000,0.000000,0.000000,0.811700,0
212,09:27:52.354,ROI,160,160,192,192,7.460000,105.940000,3.750000,0.000000,9.440000,809.400000,187.650000,808.330000,187.060000,807.704386,187.030614,-95.300000,-94.348684,-72.630515,-80.420057,-80.905092,-82.100257,83.800000,87.410000,0.906300,18.860000,-95.300000,0.000000,0.000000,0.890200,0
213,09:27:52.418,ROI,160,160,192,192,7.540000,58.170000,6.975000,0.000000,17.190000,808.660000,192.110000,808.520000,190.410000,807.998070,189.685526,-95.140000,-95.019298,-86.753866,-82.035864,-83.687652,-80.667268,82.860000,91.460000,0.889900,19.250000,-95.140000,0.000000,0.000000,0.904600,0
214,09:27:52.467,ROI,160,160,192,192,7.670000,43.570000,9.450000,0.000000,22.950000,808.260000,193.120000,808.540000,193.040000,808.249386,192.548246,-95.600000,-95.798860,-89.564299,-83.674155,-84.982913,-80.538945,84.280000,91.580000,0.962000,18.200000,-95.600000,0.000000,0.000000,0.888300,0
215,09:27:52.530,ROI,160,160,192,192,7.740000,56.690000,0.000000,0.000000,17.640000,809.130000,196.020000,808.900000,195.970000,808.581316,195.596754,-95.400000,-96.071316,-82.995353,-82.422740,-83.785961,-80.341163,83.820000,92.510000,0.920200,19.930000,-95.400000,0.000000,0.000000,0.881700,0
216,09:27:52.594,ROI,160,160,192,192,8.860000,58.800000,7.050000,0.000000,17.010000,809.310000,198.140000,809.240000,198.680000,808.975175,198.573596,-96.820000,-96.664737,-82.848964,-80.904634,-82.463093,-79.750163,84.590000,94.100000,0.947200,19.610000,-96.820000,0.300000,-99.150000,0.868400,0
217,09:27:52.642,ROI,160,160,192,192,8.850000,41.600000,10.175000,0.000000,24.040000,808.680000,199.140000,809.150000,200.650000,809.217105,201.190175,-98.170000,-97.571754,-92.615755,-84.582771,-84.717431,-80.788479,88.010000,93.080000,0.941300,18.620000,-98.170000,0.330000,-99.830000,0.835200,0
218,09:27:52.770,ROI,160,160,192,192,9.250000,122.450000,3.300000,0.000000,8.170000,808.310000,202.850000,808.890000,203.110000,809.254386,203.687895,-97.830000,-98.247281,-96.033253,-89.451588,-89.144873,-83.971255,84.020000,93.620000,0.883400,19.240000,-97.830000,1.650000,-95.060000,0.857500,0
219,09:27:52.820,ROI,160,160,192,192,7.520000,42.140000,9.750000,0.000000,23.730000,807.360000,204.340000,808.350000,205.280000,809.025526,205.978421,-102.260000,-100.085526,-103.974101,-96.414347,-95.705814,-89.496442,82.980000,93.960000,0.947400,19.050000,-102.260000,0.000000,0.000000,0.873700,0
220,09:27:52.882,ROI,160,160,192,192,7.710000,56.470000,0.000000,0.000000,17.710000,807.080000,205.040000,807.820000,206.730000,808.577281,207.813421,-101.630000,-101.013333,-110.078229,-105.067986,-103.727136,-97.348362,83.650000,92.200000,0.973500,19.560000,-101.630000,0.000000,0.000000,0.862700,0
221,09:27:52.946,ROI,160,160,192,192,7.540000,57.310000,7.025000,0.000000,17.450000,804.960000,206.700000,806.540000,208.110000,807.713947,209.368596,-103.660000,-102.661491,-132.847037,-118.151004,-119.036216,-108.609593,85.080000,92.580000,0.918100,21.430000,-103.660000,0.000000,0.000000,0.890800,0
222,09:27:52.994,ROI,160,160,192,192,7.680000,42.460000,9.675000,0.000000,23.550000,804.500000,208.160000,805.290000,209.260000,806.536667,210.699561,-103.800000,-104.095789,-137.385944,-131.143049,-131.493779,-121.083050,86.810000,91.600000,0.950000,20.290000,-103.800000,0.000000,0.000000,0.872400,0
223,09:27:53.058,ROI,160,160,192,192,7.700000,57.660000,7.050000,0.000000,17.340000,803.000000,210.280000,803.770000,210.680000,805.005263,211.891579,-107.190000,-106.243421,-136.948085,-140.793803,-142.103438,-135.163960,86.040000,91.630000,0.922900,21.090000,-107.190000,0.000000,0.000000,0.913400,0
224,09:27:53.122,ROI,160,160,192,192,7.590000,58.030000,6.975000,0.000000,17.230000,803.550000,211.970000,802.880000,211.990000,803.472193,212.902895,-107.060000,-107.518333,-124.191769,-142.218879,-146.588481,-147.643621,87.190000,92.700000,0.951400,20.370000,-107.060000,0.000000,0.000000,0.908600,0
225,09:27:53.170,ROI,160,160,192,192,7.570000,41.670000,9.875000,0.000000,24.000000,803.060000,215.070000,802.240000,213.920000,802.084123,214.098246,-109.180000,-109.221579,-108.345842,-135.557832,-139.266276,-153.400257,87.240000,95.050000,0.925900,20.190000,-109.180000,0.000000,0.000000,0.924500,0
226,09:27:53.300,ROI,160,160,192,192,8.030000,124.160000,3.225000,0.000000,8.050000,802.040000,219.930000,801.390000,216.990000,800.787895,215.848070,-111.200000,-111.175000,-105.475971,-127.214076,-126.530160,-150.940902,90.080000,96.300000,0.875900,20.550000,-111.200000,0.000000,0.000000,0.901600,0
227,09:27:53.346,ROI,160,160,224,224,8.960000,41.550000,10.300000,0.000000,24.070000,800.350000,219.880000,800.220000,219.080000,799.509474,217.700789,-113.370000,-113.282281,-119.240478,-124.025957,-124.606613,-145.953366,91.560000,96.220000,0.962400,19.390000,-113.370000,0.700000,-125.950000,0.965400,0
228,09:27:53.410,ROI,160,160,224,224,8.990000,57.620000,7.200000,0.000000,17.360000,798.870000,221.620000,798.810000,221.230000,798.224912,219.744649,-112.550000,-114.278246,-123.257422,-120.772481,-122.149273,-138.770043,89.710000,95.400000,0.933800,18.840000,-112.550000,0.670000,-122.630000,0.953000,0
229,09:27:53.474,ROI,160,160,192,192,9.130000,58.420000,7.125000,0.000000,17.120000,797.990000,225.600000,797.590000,224.180000,797.000263,222.398509,-111.560000,-114.275526,-112.467997,-115.099087,-114.771417,-128.684758,88.730000,98.520000,0.904100,19.540000,-111.560000,1.590000,-111.910000,0.922100,0
230,09:27:53.522,ROI,160,160,224,224,8.950000,41.710000,10.225000,0.000000,23.980000,797.710000,225.310000,796.740000,226.020000,795.930439,225.054912,-112.510000,-114.218772,-114.794884,-112.521258,-111.936332,-119.417277,93.770000,97.990000,0.941000,18.950000,-112.510000,0.570000,-127.380000,0.944600,0
231,09:27:53.586,ROI,160,160,224,224,8.790000,58.000000,7.150000,0.000000,17.240000,796.660000,227.550000,795.860000,228.010000,795.021491,227.602368,-116.050000,-115.355877,-113.855544,-108.865434,-109.636700,-110.416548,96.170000,95.470000,0.931800,16.560000,-116.050000,1.170000,-124.810000,0.947600,0
232,09:27:53.650,ROI,160,160,224,224,8.930000,57.840000,7.200000,0.000000,17.290000,796.450000,228.290000,795.340000,229.510000,794.409211,229.895263,-116.600000,-116.228684,-109.119726,-103.946339,-104.951061,-101.246340,94.090000,95.130000,0.963500,16.420000,-116.600000,0.960000,-125.470000,0.942300,0
233,09:27:53.698,ROI,160,160,192,192,7.540000,40.730000,10.125000,0.000000,24.550000,796.070000,229.900000,794.960000,230.820000,794.026579,231.820614,-115.420000,-116.352018,-106.176193,-100.506338,-101.240137,-93.263076,92.400000,95.900000,0.949800,18.580000,-115.420000,0.000000,0.000000,0.922700,0
234,09:27:53.827,ROI,160,160,192,192,7.750000,123.490000,0.000000,0.000000,8.100000,795.320000,232.580000,794.580000,232.410000,793.769211,233.527456,-115.590000,-116.302368,-103.441205,-98.449876,-98.574821,-87.494328,93.400000,96.730000,0.931000,18.120000,-115.590000,0.000000,0.000000,0.941100,0
235,09:27:53.874,ROI,160,160,224,224,8.650000,41.600000,0.000000,0.000000,24.040000,793.750000,234.830000,793.910000,234.390000,793.478947,235.272544,-118.280000,-117.169298,-108.694988,-99.801822,-99.443640,-85.249691,90.890000,95.960000,0.923100,15.120000,-118.280000,0.400000,-113.490000,0.946100,0
236,09:27:53.938,ROI,160,160,192,192,7.500000,56.780000,7.125000,0.000000,17.610000,789.340000,238.140000,791.740000,237.010000,792.515351,237.216404,-115.600000,-116.901579,-129.633059,-110.983525,-116.368213,-92.552536,94.980000,95.750000,0.851200,18.700000,-115.600000,0.000000,0.000000,0.958200,0
237,09:27:54.002,ROI,160,160,192,192,7.710000,58.000000,7.000000,0.000000,17.240000,788.050000,239.370000,789.760000,239.110000,791.076667,239.091053,-118.890000,-117.548509,-133.315316,-122.342769,-127.504142,-105.045381,98.350000,93.240000,0.941300,17.920000,-118.890000,0.000000,0.000000,0.954800,0
238,09:27:54.050,ROI,160,160,224,224,7.530000,41.890000,9.825000,0.000000,23.870000,785.300000,241.940000,787.240000,241.600000,789.004474,241.134737,-118.890000,-118.182281,-135.343084,-132.932553,-135.396855,-119.977711,97.190000,94.530000,0.896200,15.580000,-118.890000,0.000000,0.000000,0.943900,0
239,09:27:54.115,ROI,160,160,224,224,9.500000,61.270000,6.825000,0.000000,16.320000,783.700000,243.760000,784.810000,243.920000,786.555263,243.267105,-119.460000,-118.779649,-136.326613,-139.205213,-138.956029,-133.409967,100.420000,94.350000,0.931800,16.410000,-119.460000,1.250000,-114.870000,0.949700,0
240,09:27:54.180,ROI,160,160,224,224,9.230000,58.320000,7.150000,0.000000,17.150000,781.250000,246.230000,782.070000,246.260000,783.721404,245.540088,-120.890000,-119.961579,-139.502189,-143.621114,-141.267594,-144.205257,99.400000,93.310000,0.904300,16.080000,-120.890000,2.490000,-114.570000,0.943200,0
241,09:27:54.227,ROI,160,160,224,224,8.870000,39.150000,10.500000,0.000000,25.540000,782.130000,247.270000,780.640000,247.890000,781.213947,247.650351,-121.510000,-120.862895,-131.260497,-141.836191,-139.916194,-150.291278,100.700000,93.450000,0.961000,16.910000,-121.510000,0.960000,-114.610000,0.958400,0
242,09:27:54.354,ROI,160,160,224,224,8.890000,121.040000,3.325000,0.000000,8.260000,777.270000,249.370000,777.900000,249.600000,778.427719,249.730439,-120.910000,-121.435614,-148.032225,-146.768902,-143.256436,-154.041659,97.030000,92.610000,0.868000,16.970000,-120.910000,1.550000,-114.390000,0.941500,0
243,09:27:54.402,ROI,160,160,224,224,9.010000,42.270000,10.100000,0.000000,23.660000,779.690000,250.250000,777.070000,251.070000,776.191667,251.664649,-124.240000,-123.077895,-119.450196,-140.007628,-139.139828,-153.788440,95.520000,91.250000,0.933300,16.280000,-124.240000,1.510000,-114.440000,0.907400,0
244,09:27:54.466,ROI,160,160,192,192,9.190000,58.550000,7.125000,0.000000,17.080000,776.170000,253.920000,775.230000,253.260000,774.031842,253.619035,-124.240000,-124.143333,-130.036394,-139.022732,-137.858628,-152.423768,97.620000,88.160000,0.859100,14.720000,-124.240000,0.000000,0.000000,0.894200,0
245,09:27:54.530,ROI,160,160,224,224,10.270000,58.290000,14.500000,0.000000,17.160000,775.220000,254.060000,773.840000,254.700000,772.183421,255.372632,-122.030000,-123.705526,-133.987812,-137.734815,-136.507986,-149.122569,96.590000,91.360000,0.946700,15.410000,-122.030000,0.610000,-114.320000,0.910900,0
246,09:27:54.579,ROI,160,160,224,224,7.620000,38.090000,0.000000,0.000000,26.260000,770.550000,256.040000,771.230000,256.310000,770.168684,257.029211,-127.520000,-125.525789,-148.331297,-140.864655,-140.571900,-146.511462,102.370000,88.730000,0.873600,13.880000,-127.520000,0.000000,0.000000,0.853200,0
247,09:27:54.642,ROI,160,160,224,224,7.640000,57.250000,7.100000,0.000000,17.470000,770.600000,257.540000,769.630000,257.720000,768.460000,258.395088,-127.330000,-126.992456,-138.611885,-139.759663,-141.362080,-144.009914,103.560000,89.610000,0.956000,14.390000,-127.330000,0.000000,0.000000,0.821500,0
248,09:27:54.754,ROI,160,160,224,224,7.470000,105.750000,0.000000,0.000000,9.460000,766.720000,261.130000,767.210000,260.160000,766.648860,260.047895,-128.080000,-128.378947,-134.764216,-136.432766,-137.617107,-139.640854,104.990000,88.730000,0.858900,14.010000,-128.080000,0.000000,0.000000,0.790900,0
249,09:27:54.818,ROI,160,160,224,224,7.550000,58.070000,7.000000,0.000000,17.220000,764.610000,262.230000,764.870000,262.210000,764.799211,261.756316,-127.260000,-128.625965,-138.779424,-135.004631,-137.273009,-135.448034,105.600000,89.880000,0.937700,15.410000,-127.260000,0.000000,0.000000,0.746700,0
250,09:27:54.883,ROI,160,160,224,224,7.620000,59.030000,0.000000,0.000000,16.940000,762.560000,263.130000,762.710000,263.750000,762.931667,263.376228,-124.600000,-127.449474,-144.512538,-136.690071,-139.061548,-133.106491,104.190000,90.060000,0.942800,16.320000,-124.600000,0.000000,0.000000,0.853200,0
251,09:27:54.930,ROI,160,160,224,224,7.620000,41.370000,9.975000,0.000000,24.170000,761.310000,264.360000,760.840000,265.080000,761.094035,264.914211,-127.200000,-127.553333,-144.578423,-138.951661,-140.072780,-132.554473,102.690000,87.440000,0.948000,15.620000,-127.200000,0.000000,0.000000,0.820500,0
252,09:27:54.995,ROI,160,160,224,224,7.520000,58.400000,6.875000,0.000000,17.120000,760.520000,265.650000,759.500000,266.230000,759.404649,266.342719,-131.460000,-129.307281,-139.363511,-140.135042,-139.782851,-133.563609,107.530000,89.120000,0.927600,16.550000,-131.460000,0.000000,0.000000,0.813600,0
253,09:27:55.042,ROI,160,160,224,224,7.500000,41.110000,10.000000,0.000000,24.330000,753.770000,267.230000,755.950000,267.390000,756.865000,267.688860,-137.450000,-132.707105,-161.904650,-151.094800,-152.074186,-141.174636,110.630000,86.590000,0.854400,17.180000,-137.450000,0.000000,0.000000,0.779500,0
254,09:27:55.171,ROI,160,160,224,224,7.580000,123.040000,0.000000,0.000000,8.130000,752.660000,268.060000,753.240000,268.200000,754.114737,268.760702,-139.440000,-136.458772,-163.358963,-158.677299,-158.707970,-149.651041,110.530000,84.870000,0.960900,17.890000,-139.440000,0.000000,0.000000,0.808700,0
255,09:27:55.218,ROI,160,160,224,224,7.520000,40.550000,0.000000,0.000000,24.660000,751.850000,269.570000,751.300000,269.150000,751.489912,269.735965,-143.230000,-140.475263,-153.909437,-160.228553,-159.617267,-156.339787,115.010000,83.270000,0.928200,16.810000,-143.230000,0.000000,0.000000,0.832200,0
256,09:27:55.283,ROI,160,160,256,256,10.450000,62.130000,0.000000,0.000000,16.100000,748.060000,269.720000,748.680000,269.960000,748.777544,270.536053,-143.470000,-143.518246,-162.820467,-164.299299,-163.565125,-162.517667,113.220000,84.110000,0.926700,17.760000,-143.470000,0.000000,0.000000,0.853500,0
257,09:27:55.346,ROI,160,160,256,256,7.940000,54.310000,15.125000,0.000000,18.410000,743.840000,270.280000,745.270000,270.460000,745.713158,271.081930,-145.100000,-146.246053,-171.658302,-170.290724,-169.899512,-169.251439,114.880000,82.500000,0.911600,16.520000,-145.100000,0.000000,0.000000,0.792700,0
258,09:27:55.394,ROI,160,160,256,256,7.490000,41.310000,9.925000,0.000000,24.210000,744.090000,270.700000,743.100000,270.780000,742.980175,271.339737,-147.230000,-148.749737,-171.611311,-173.649143,-174.611135,-175.535913,119.330000,79.820000,0.932700,14.410000,-147.230000,0.000000,0.000000,0.762400,0
259,09:27:55.458,ROI,160,160,256,256,7.480000,58.400000,6.925000,0.000000,17.120000,740.290000,271.620000,740.230000,271.480000,740.113596,271.621667,-147.120000,-150.198158,-166.293039,-174.241627,-174.382989,-179.684263,121.900000,77.300000,0.910400,13.860000,-147.120000,0.000000,0.000000,0.742200,0
260,09:27:55.522,ROI,160,160,256,256,7.590000,57.630000,7.025000,0.000000,17.350000,738.580000,273.450000,737.770000,272.510000,737.507456,272.086842,-148.910000,-151.758509,-157.280979,-167.735336,-169.879734,-179.596838,120.300000,80.340000,0.928800,14.800000,-148.910000,0.000000,0.000000,0.744000,0
261,09:27:55.586,ROI,160,160,256,256,7.600000,58.270000,0.000000,0.000000,17.160000,735.010000,273.420000,734.790000,273.210000,734.687193,272.638684,-152.580000,-153.644123,-166.780915,-169.079853,-168.928790,-178.412796,116.750000,79.170000,0.928100,14.610000,-152.580000,0.000000,0.000000,0.760400,0
262,09:27:55.635,ROI,160,160,256,256,13.200000,48.320000,9.625000,0.000000,20.690000,734.860000,274.970000,732.980000,274.170000,732.260877,273.298509,-153.310000,-154.913684,-152.059114,-163.227014,-164.786605,-174.977715,116.400000,80.500000,0.959000,14.890000,-153.310000,0.000000,0.000000,0.852800,0
263,09:27:55.763,ROI,160,160,256,256,7.380000,115.060000,6.800000,0.000000,8.690000,729.730000,276.500000,730.030000,275.330000,729.610526,274.228333,-156.780000,-157.225702,-158.534239,-160.799439,-160.667561,-170.027069,116.820000,77.500000,0.882500,14.770000,-156.780000,0.000000,0.000000,0.741800,0
264,09:27:55.811,ROI,160,160,256,256,7.880000,42.700000,0.000000,0.000000,23.420000,726.380000,275.790000,727.010000,275.800000,726.896930,275.102018,-158.350000,-158.635877,-171.154069,-161.892455,-162.153237,-165.612298,114.660000,76.860000,0.927000,15.740000,-158.350000,0.000000,0.000000,0.802600,0
265,09:27:55.874,ROI,160,160,256,256,7.630000,56.480000,0.000000,0.000000,17.710000,724.540000,275.910000,724.590000,276.050000,724.257632,275.890877,-158.350000,-159.239211,-174.101937,-164.715580,-163.359125,-161.962545,118.460000,75.950000,0.956700,15.920000,-158.350000,0.000000,0.000000,0.795100,0
266,09:27:55.922,ROI,160,160,256,256,7.620000,41.860000,9.850000,0.000000,23.890000,721.220000,278.620000,721.680000,277.370000,721.568246,276.905088,-160.770000,-160.139298,-155.600564,-160.258912,-159.337737,-157.752496,119.070000,75.760000,0.882100,16.150000,-160.770000,0.000000,0.000000,0.819700,0
267,09:27:55.987,ROI,160,160,256,256,7.600000,59.150000,6.850000,0.000000,16.910000,717.910000,277.980000,718.640000,277.950000,718.792982,277.784825,-159.520000,-160.124123,-169.198382,-162.368532,-162.411790,-156.086926,120.370000,78.510000,0.913800,15.080000,-159.520000,0.000000,0.000000,0.777000,0
268,09:27:56.050,ROI,160,160,256,256,7.670000,55.990000,7.125000,0.000000,17.860000,716.340000,278.300000,716.070000,278.470000,716.122982,278.547105,-161.600000,-161.297982,-168.561506,-163.722513,-164.066041,-155.982518,119.970000,80.690000,0.948300,17.340000,-161.600000,0.000000,0.000000,0.883300,0
269,09:27:56.114,ROI,160,160,256,256,7.590000,57.790000,7.025000,0.000000,17.300000,712.380000,278.860000,712.920000,278.990000,713.247368,279.211316,-162.160000,-162.458070,-170.626188,-166.275872,-166.993896,-158.032628,119.390000,80.260000,0.923200,16.590000,-162.160000,0.000000,0.000000,0.859000,0
270,09:27:56.162,ROI,160,160,256,256,8.840000,43.850000,9.675000,0.000000,22.800000,711.760000,279.840000,710.610000,279.780000,710.415175,279.906579,-165.070000,-164.368947,-161.119756,-166.264915,-166.207444,-160.846906,117.010000,81.100000,0.956900,16.930000,-165.070000,0.000000,0.000000,0.870200,0
271,09:27:56.290,ROI,160,160,256,256,7.540000,118.410000,0.000000,0.000000,8.450000,704.940000,281.450000,706.710000,280.910000,707.229474,280.740439,-163.490000,-164.682982,-163.841393,-165.426113,-165.331868,-162.617995,120.080000,81.260000,0.858300,17.340000,-163.490000,0.000000,0.000000,0.892200,0
272,09:27:56.338,ROI,160,160,256,256,7.540000,42.040000,9.825000,0.000000,23.790000,700.420000,282.020000,701.990000,281.930000,703.381754,281.665175,-163.880000,-164.874825,-167.805800,-166.145674,-166.486187,-164.553949,117.500000,82.180000,0.914300,16.950000,-163.880000,0.000000,0.000000,0.860200,0
273,09:27:56.402,ROI,160,160,256,256,7.690000,59.070000,6.900000,0.000000,16.930000,699.810000,282.540000,699.010000,282.690000,699.618070,282.524825,-165.060000,-165.017807,-165.692643,-167.355732,-167.133991,-166.953979,119.760000,81.820000,0.969000,17.770000,-165.060000,0.000000,0.000000,0.885200,0
274,09:27:56.466,ROI,160,160,256,256,7.610000,57.660000,7.050000,0.000000,17.340000,693.750000,282.110000,694.690000,283.130000,695.459035,283.200702,-165.780000,-165.362895,-174.184373,-171.162855,-170.769658,-170.464881,116.450000,80.050000,0.883500,16.630000,-165.780000,0.000000,0.000000,0.854500,0
275,09:27:56.514,ROI,160,160,256,256,7.700000,41.680000,0.000000,0.000000,23.990000,690.630000,282.080000,690.820000,283.160000,691.322018,283.602368,-166.040000,-165.604298,-179.555856,-175.053334,-174.454484,-174.178711,117.040000,83.070000,0.914200,17.660000,-166.040000,0.000000,0.000000,0.871300,0
276,09:27:56.578,ROI,160,160,256,256,7.640000,58.670000,6.950000,0.000000,17.040000,687.100000,282.640000,686.780000,283.260000,687.036930,283.865877,-167.580000,-166.233684,-178.582077,-176.955905,-176.481063,-176.992261,120.690000,84.380000,0.927900,18.580000,-167.580000,0.000000,0.000000,0.903500,0
277,09:27:56.642,ROI,160,160,256,256,7.710000,57.790000,7.050000,0.000000,17.300000,684.840000,282.910000,683.600000,283.240000,683.096491,283.959649,-168.300000,-167.192632,179.639654,-179.017584,-178.636771,-179.312478,119.280000,84.100000,0.956900,17.710000,-168.300000,0.000000,0.000000,0.891200,0
278,09:27:56.755,ROI,160,160,256,256,9.620000,109.810000,0.000000,0.000000,9.110000,679.660000,283.040000,679.530000,283.330000,679.059561,283.935175,-173.400000,-170.054912,-178.733224,-180.758268,179.652651,-181.515580,119.980000,84.820000,0.909600,17.410000,-173.400000,0.000000,0.000000,0.848300,0
279,09:27:56.818,ROI,160,160,256,256,8.490000,54.290000,7.525000,0.000000,18.420000,676.010000,283.370000,675.540000,283.450000,675.077982,283.882544,-174.170000,-172.372807,-178.277338,-180.463782,179.242664,-182.687998,121.580000,84.050000,0.933000,18.060000,-174.170000,0.000000,0.000000,0.845200,0
280,09:27:56.866,ROI,160,160,256,256,7.780000,41.740000,10.000000,0.000000,23.960000,673.790000,283.910000,672.240000,283.660000,671.283421,283.830000,-171.800000,-173.259035,-176.358815,-181.142399,179.206667,-183.333287,115.620000,84.560000,0.939200,17.010000,-171.800000,0.000000,0.000000,0.856900,0
281,09:27:56.930,ROI,160,160,256,256,7.650000,57.900000,7.050000,0.000000,17.270000,670.070000,283.450000,668.970000,283.540000,667.774737,283.615088,-174.780000,-174.761754,177.898346,-183.654973,176.494925,-184.918558,115.940000,84.750000,0.927800,16.260000,-174.780000,0.000000,0.000000,0.773900,0
282,09:27:56.994,ROI,160,160,256,256,7.750000,58.310000,0.000000,0.000000,17.150000,667.680000,283.110000,666.450000,283.260000,664.827281,283.300614,-177.770000,-176.858947,173.659808,-185.625388,173.909966,-186.650126,121.040000,84.820000,0.950400,16.520000,-177.770000,0.000000,0.000000,0.770000,0
283,09:27:57.042,ROI,160,160,256,256,7.600000,42.210000,9.800000,0.000000,23.690000,664.970000,282.440000,663.730000,282.780000,662.157719,282.906140,179.500000,-179.492807,169.992020,-187.384665,171.594389,-188.335245,123.020000,83.360000,0.940600,16.810000,179.500000,0.000000,0.000000,0.786700,0
284,09:27:57.170,ROI,160,160,256,256,7.590000,122.260000,3.250000,0.000000,8.180000,660.140000,281.600000,660.370000,282.040000,659.466667,282.238421,179.420000,-181.121579,167.579570,-191.605745,166.064874,-192.064208,121.460000,83.310000,0.906300,16.320000,179.420000,0.000000,0.000000,0.748600,0
285,09:27:57.218,ROI,160,160,256,256,7.740000,42.250000,0.000000,0.000000,23.670000,656.240000,280.950000,656.990000,281.300000,656.732807,281.452105,175.510000,-183.919825,167.650802,-193.162826,163.953647,-195.291995,121.520000,82.820000,0.923700,15.880000,175.510000,0.000000,0.000000,0.708700,0
286,09:27:57.282,ROI,160,160,256,256,7.690000,58.630000,6.950000,0.000000,17.060000,653.540000,281.260000,653.850000,280.860000,653.946667,280.743421,178.520000,-184.458772,172.023231,-192.067782,165.728854,-196.589596,122.400000,84.130000,0.942000,16.520000,178.520000,0.000000,0.000000,0.728600,0
287,09:27:57.346,ROI,160,160,256,256,7.660000,57.240000,7.075000,0.000000,17.470000,649.080000,279.900000,649.990000,280.000000,650.829386,279.974386,175.320000,-185.834649,167.439763,-192.115454,166.141815,-196.629096,123.460000,84.030000,0.901300,15.750000,175.320000,0.000000,0.000000,0.690400,0
288,09:27:57.394,ROI,160,160,256,256,8.090000,42.700000,9.800000,0.000000,23.420000,649.370000,280.140000,648.000000,279.460000,648.009386,279.289035,175.200000,-186.267368,164.817994,-194.066159,166.340108,-196.211884,118.780000,82.620000,0.946000,14.410000,175.200000,0.000000,0.000000,0.674600,0
289,09:27:57.458,ROI,160,160,256,256,7.590000,57.660000,7.050000,0.000000,17.340000,645.540000,278.670000,645.380000,278.490000,645.282105,278.457982,170.670000,-188.267544,159.683986,-197.525138,163.053056,-197.067416,116.960000,82.750000,0.905500,14.490000,170.670000,0.000000,0.000000,0.664100,0
290,09:27:57.522,ROI,160,160,256,256,7.500000,58.240000,6.975000,0.000000,17.170000,643.900000,278.500000,643.330000,277.870000,642.968509,277.643772,171.170000,-189.363772,163.172635,-198.463393,160.611797,-198.530008,119.200000,83.260000,0.966500,14.930000,171.170000,0.000000,0.000000,0.642200,0
291,09:27:57.570,ROI,160,160,256,256,7.570000,42.290000,9.775000,0.000000,23.650000,639.080000,277.390000,640.190000,276.970000,640.311842,276.738333,169.250000,-190.644035,164.006416,-199.312885,161.179989,-199.451916,121.250000,82.670000,0.899700,15.280000,169.250000,0.000000,0.000000,0.686000,0
292,09:27:57.700,ROI,160,160,256,256,8.040000,124.790000,0.000000,0.000000,8.010000,632.790000,275.420000,635.950000,275.660000,637.061579,275.619561,166.550000,-192.467368,162.830825,-199.592936,161.006043,-199.927617,121.170000,83.180000,0.861400,14.080000,166.550000,0.000000,0.000000,0.682900,0
293,09:27:57.746,ROI,160,160,256,256,7.670000,39.720000,0.000000,0.000000,25.180000,632.290000,275.000000,632.850000,274.750000,633.761842,274.551053,166.710000,-193.694386,163.640484,-198.589288,162.057198,-199.462132,119.920000,82.060000,0.976400,14.690000,166.710000,0.000000,0.000000,0.675800,0
294,09:27:57.810,ROI,160,160,256,256,7.640000,58.190000,7.000000,0.000000,17.180000,626.820000,273.430000,628.620000,273.490000,630.013246,273.392105,165.880000,-194.749737,163.412661,162.326186,162.820047,-198.529375,121.230000,81.460000,0.880300,14.730000,165.880000,0.000000,0.000000,0.710000,0
295,09:27:57.875,ROI,160,160,256,256,8.080000,60.360000,0.000000,0.000000,16.570000,624.860000,273.740000,625.160000,272.740000,626.129211,272.398246,167.070000,-195.013158,167.769605,-194.733598,165.646940,163.594297,120.350000,83.940000,0.940100,15.920000,167.070000,0.000000,0.000000,0.724700,0
296,09:27:57.923,ROI,160,160,256,256,7.540000,40.920000,10.100000,0.000000,24.440000,622.830000,272.230000,622.150000,271.930000,622.456140,271.508421,166.350000,-194.812018,164.938338,-193.652049,166.382091,165.712396,120.700000,82.510000,0.933100,16.190000,166.350000,0.000000,0.000000,0.725700,0
297,09:27:57.986,ROI,160,160,256,256,8.880000,59.030000,7.050000,0.000000,16.940000,618.780000,270.370000,618.650000,270.640000,618.820000,270.496579,163.770000,-195.413509,159.767555,-195.147928,164.449515,166.449397,121.330000,78.960000,0.894500,16.170000,163.770000,0.400000,160.160000,0.760300,0
298,09:27:58.050,ROI,160,160,256,256,7.660000,56.690000,7.200000,0.000000,17.640000,616.430000,269.300000,615.670000,269.360000,615.399298,269.356491,164.360000,-195.959123,156.755016,161.684218,161.567255,165.441648,121.340000,79.310000,0.936700,16.140000,164.360000,0.000000,0.000000,0.749400,0
299,09:27:58.098,ROI,160,160,256,256,7.680000,41.950000,9.900000,0.000000,23.840000,612.300000,267.930000,612.180000,267.960000,611.977193,268.079912,164.280000,-196.239123,158.142002,159.833565,159.542520,163.606717,125.620000,78.530000,0.904600,17.350000,164.280000,0.000000,0.000000,0.803200,0
300,09:27:58.227,ROI,160,160,256,256,7.750000,123.730000,0.000000,0.000000,8.080000,605.010000,266.860000,607.390000,266.630000,607.943509,266.727544,161.550000,162.685877,164.482058,161.093500,161.465305,162.729509,126.100000,79.700000,0.867900,15.710000,161.550000,0.000000,0.000000,0.775800,0
301,09:27:58.274,ROI,160,160,256,256,7.610000,39.290000,10.125000,0.000000,25.450000,602.630000,266.180000,603.120000,265.650000,603.640263,265.473596,162.680000,162.595702,167.074001,163.424497,163.754103,162.776844,124.140000,80.640000,0.946900,15.700000,162.680000,0.000000,0.000000,0.794800,0
302,09:27:58.338,ROI,160,160,256,256,7.610000,58.000000,7.025000,0.000000,17.240000,598.060000,265.660000,598.450000,264.940000,599.060088,264.444123,161.930000,162.201140,171.355279,167.248512,167.332307,164.657227,129.090000,82.560000,0.909100,15.780000,161.930000,0.000000,0.000000,0.779900,0
303,09:27:58.402,ROI,160,160,288,288,7.640000,58.560000,6.950000,0.000000,17.080000,597.350000,264.730000,595.550000,264.290000,595.034298,263.627281,161.160000,162.056316,167.366638,168.582761,168.530261,166.845876,131.360000,84.290000,0.960900,17.300000,161.160000,0.000000,0.000000,0.855700,0
304,09:27:58.451,ROI,160,160,288,288,7.770000,43.120000,9.625000,0.000000,23.190000,593.270000,263.140000,592.130000,263.290000,591.261491,262.790789,162.130000,161.898509,163.701204,167.218797,167.498841,167.849670,131.130000,85.910000,0.906200,16.780000,162.130000,0.000000,0.000000,0.805600,0
305,09:27:58.514,ROI,160,160,288,288,7.710000,57.090000,0.000000,0.000000,17.520000,592.390000,262.280000,589.870000,262.330000,588.311140,261.990175,157.190000,159.955789,156.985246,163.430556,164.817699,167.236018,128.500000,89.030000,0.946300,17.400000,157.190000,0.000000,0.000000,0.856600,0
306,09:27:58.577,ROI,160,160,288,288,7.640000,57.470000,0.000000,0.000000,17.400000,588.690000,260.600000,587.270000,261.090000,585.662105,261.049561,160.060000,159.380351,154.502449,159.436972,160.451170,164.582364,123.890000,86.470000,0.908000,17.140000,160.060000,0.000000,0.000000,0.825300,0
307,09:27:58.626,ROI,160,160,256,256,7.610000,41.460000,9.650000,0.000000,24.120000,585.040000,260.320000,584.570000,260.220000,583.219386,260.181579,155.670000,157.575351,162.139906,160.050430,160.438119,162.583764,126.740000,89.600000,0.911000,16.360000,155.670000,0.000000,0.000000,0.813900,0
308,09:27:58.754,ROI,160,160,256,256,7.670000,121.840000,0.000000,0.000000,8.210000,581.140000,257.580000,581.380000,258.570000,580.578246,258.996404,158.550000,157.206140,152.650124,156.522669,155.832497,159.426268,125.900000,87.890000,0.885500,17.760000,158.550000,0.000000,0.000000,0.775300,0
309,09:27:58.802,ROI,160,160,256,256,7.700000,42.400000,9.775000,0.000000,23.590000,579.260000,256.970000,578.710000,257.260000,578.020439,257.705877,154.860000,155.605702,153.865736,154.225051,153.227044,155.967766,124.290000,89.150000,0.956800,17.260000,154.860000,0.000000,0.000000,0.822800,0
310,09:27:58.866,ROI,160,160,256,256,7.710000,58.020000,7.025000,0.000000,17.240000,577.160000,254.670000,576.480000,255.560000,575.817982,256.229737,154.500000,154.595439,142.680573,148.231204,146.169033,150.682054,122.320000,88.340000,0.918500,17.520000,154.500000,0.000000,0.000000,0.829100,0
311,09:27:58.931,ROI,160,160,256,256,9.810000,62.060000,6.800000,0.000000,16.110000,574.600000,253.570000,574.240000,254.010000,573.730702,254.630000,154.350000,153.878246,145.318149,144.762548,142.532668,145.307180,119.250000,86.030000,0.933700,16.870000,154.350000,0.000000,0.000000,0.837300,0
312,09:27:58.978,ROI,160,160,256,256,7.630000,35.700000,10.925000,0.000000,28.010000,572.190000,251.380000,572.170000,252.150000,571.907895,252.863421,151.160000,152.288684,138.058698,139.533518,135.897470,138.796205,120.590000,88.800000,0.914500,17.090000,151.160000,0.000000,0.000000,0.839700,0
313,09:27:59.042,ROI,160,160,256,256,7.670000,58.500000,6.975000,0.000000,17.100000,570.770000,250.550000,570.640000,250.590000,570.403421,251.035702,149.690000,150.413772,134.443748,133.742634,129.459252,131.241838,119.890000,89.470000,0.958800,16.740000,149.690000,0.000000,0.000000,0.848700,0
314,09:27:59.155,ROI,160,160,256,256,7.610000,107.540000,3.700000,0.000000,9.300000,567.550000,248.500000,568.510000,248.750000,568.782018,249.046140,150.820000,149.537281,139.177913,131.745819,129.178493,125.607506,115.180000,89.920000,0.905500,16.120000,150.820000,0.000000,0.000000,0.842000,0
315,09:27:59.218,ROI,160,160,256,256,7.660000,56.830000,0.000000,0.000000,17.600000,564.470000,246.750000,565.940000,246.810000,566.867632,246.958333,147.730000,148.065351,142.952166,133.036737,132.518840,123.454581,114.560000,93.250000,0.913300,17.260000,147.730000,0.000000,0.000000,0.866200,0
316,09:27:59.282,ROI,160,160,256,256,7.720000,58.270000,7.000000,0.000000,17.160000,563.390000,245.380000,563.930000,245.100000,564.800088,244.920789,145.930000,146.306053,139.610649,134.190221,135.418710,124.279866,114.420000,95.100000,0.953300,16.620000,145.930000,0.000000,0.000000,0.834300,0
317,09:27:59.331,ROI,160,160,256,256,9.310000,44.740000,9.600000,0.000000,22.350000,561.260000,244.150000,561.660000,243.480000,562.482544,243.020614,143.790000,144.209649,144.486205,138.145698,140.651360,128.549534,113.420000,95.660000,0.939200,16.060000,143.790000,0.000000,0.000000,0.792100,0
318,09:27:59.395,ROI,160,160,256,256,7.650000,54.500000,7.200000,0.000000,18.350000,559.100000,243.330000,559.640000,242.300000,560.222719,241.451228,142.460000,142.576316,149.708304,143.542086,145.221085,134.791878,112.060000,95.120000,0.946200,16.360000,142.460000,0.000000,0.000000,0.834400,0
319,09:27:59.458,ROI,160,160,256,256,7.670000,57.160000,7.125000,0.000000,17.490000,556.460000,242.470000,557.330000,241.280000,557.887105,240.200965,139.580000,140.265789,156.175739,150.483793,151.839686,143.071137,112.770000,98.940000,0.917900,15.350000,139.580000,0.000000,0.000000,0.895000,0
320,09:27:59.506,ROI,160,160,256,256,7.510000,42.100000,9.800000,0.000000,23.760000,555.440000,241.460000,555.720000,240.470000,555.908246,239.254386,139.060000,138.549561,153.292776,154.037492,154.436081,150.665725,115.090000,99.540000,0.960100,15.640000,139.060000,0.000000,0.000000,0.858200,0
321,09:27:59.634,ROI,160,160,256,256,7.770000,122.240000,3.275000,0.000000,8.180000,550.380000,238.900000,552.680000,239.090000,553.481404,238.278596,137.680000,136.979561,155.584452,157.526366,158.095829,157.818055,110.530000,99.230000,0.870100,13.960000,137.680000,0.000000,0.000000,0.911100,0
322,09:27:59.682,ROI,160,160,224,224,7.610000,42.620000,9.700000,0.000000,23.470000,551.580000,238.450000,550.890000,238.050000,551.292982,237.421140,138.050000,135.946404,149.843173,157.575617,158.604010,163.109782,110.990000,99.020000,0.969600,16.130000,138.050000,0.000000,0.000000,0.841200,0
323,09:27:59.746,ROI,160,160,224,224,8.080000,56.730000,7.050000,0.000000,17.630000,550.230000,236.640000,549.520000,236.810000,549.340088,236.535000,132.890000,133.897193,137.851456,152.829052,155.593479,165.332302,111.220000,100.560000,0.941600,14.560000,132.890000,0.000000,0.000000,0.840700,0
324,09:27:59.810,ROI,160,160,224,224,7.620000,57.590000,7.075000,0.000000,17.360000,548.210000,235.540000,547.730000,235.600000,547.426930,235.633684,131.240000,131.534649,145.942185,152.086225,154.774211,166.024912,110.730000,99.920000,0.943600,14.270000,131.240000,0.000000,0.000000,0.830100,0
325,09:27:59.858,ROI,160,160,224,224,7.640000,42.310000,0.000000,0.000000,23.630000,543.770000,232.490000,544.880000,233.790000,545.127982,234.382719,128.850000,129.500351,147.580871,150.353649,151.447318,163.747560,104.930000,100.650000,0.868900,12.850000,128.850000,0.000000,0.000000,0.852700,0
326,09:27:59.922,ROI,160,160,224,224,7.520000,57.950000,7.000000,0.000000,17.260000,541.420000,231.920000,542.200000,232.420000,542.686140,233.085877,133.150000,129.547018,152.924153,151.225905,152.027599,161.085203,105.640000,98.010000,0.931900,14.650000,133.150000,0.000000,0.000000,0.861800,0
327,09:27:59.986,ROI,160,160,224,224,7.610000,58.310000,6.975000,0.000000,17.150000,539.710000,229.850000,539.790000,230.710000,540.234474,231.553421,131.920000,129.723684,144.642639,147.490565,147.991853,156.035305,102.140000,97.120000,0.927300,12.990000,131.920000,0.000000,0.000000,0.869800,0
328,09:28:00.035,ROI,160,160,224,224,7.700000,43.290000,9.475000,0.000000,23.100000,538.500000,229.380000,538.030000,229.440000,538.017018,230.040439,130.030000,129.353070,144.186126,145.015429,145.694068,150.544718,102.910000,99.810000,0.950500,13.510000,130.030000,0.000000,0.000000,0.871000,0
329,09:28:00.162,ROI,160,160,224,224,7.650000,121.200000,3.275000,0.000000,8.250000,535.050000,225.120000,535.740000,226.870000,535.791053,227.995175,124.080000,126.751754,131.702654,137.387787,137.422553,142.283652,99.900000,99.890000,0.860100,11.080000,124.080000,0.000000,0.000000,0.833600,0
330,09:28:00.210,ROI,160,160,224,224,7.470000,41.610000,9.900000,0.000000,24.030000,531.780000,223.030000,532.710000,224.230000,533.250439,225.546140,122.700000,124.588246,138.934782,135.135716,136.051476,135.512886,96.420000,97.220000,0.897400,10.570000,122.700000,0.000000,0.000000,0.814300,0
331,09:28:00.274,ROI,160,160,224,224,7.440000,58.180000,6.975000,0.000000,17.190000,530.920000,221.420000,530.450000,221.790000,530.689211,222.848070,122.920000,123.300877,132.806765,132.016468,133.509553,130.268217,95.510000,95.470000,0.950100,9.550000,122.920000,0.000000,0.000000,0.753300,0
332,09:28:00.338,ROI,160,160,192,192,7.530000,58.280000,6.975000,0.000000,17.160000,529.760000,218.730000,528.460000,219.130000,528.275789,219.937456,123.620000,122.484211,126.800908,127.486727,129.664821,125.673839,90.300000,94.800000,0.894700,11.280000,123.620000,0.000000,0.000000,0.820200,0
333,09:28:00.386,ROI,160,160,192,192,7.690000,42.520000,9.725000,0.000000,23.520000,528.140000,217.280000,526.840000,216.830000,526.204298,217.086053,118.870000,120.266930,125.158868,123.647565,125.997703,121.590391,89.890000,95.820000,0.936200,11.580000,118.870000,0.000000,0.000000,0.778200,0
334,09:28:00.450,ROI,160,160,192,192,7.830000,58.180000,7.025000,0.000000,17.190000,526.860000,215.310000,525.370000,214.570000,524.413070,214.349737,118.210000,118.479298,123.041686,121.263828,123.209282,118.537380,87.190000,94.000000,0.930800,12.850000,118.210000,0.000000,0.000000,0.832900,0
335,09:28:00.514,ROI,160,160,192,192,7.740000,58.130000,7.025000,0.000000,17.200000,526.040000,213.840000,524.520000,212.630000,523.122632,211.897895,116.360000,116.628860,113.660357,116.298984,117.758456,115.035603,88.690000,94.800000,0.951500,13.030000,116.360000,0.000000,0.000000,0.807400,0
336,09:28:00.562,ROI,160,160,192,192,7.680000,42.360000,0.000000,0.000000,23.610000,524.870000,211.660000,523.780000,210.600000,522.231316,209.636930,114.610000,114.690263,110.028418,111.350645,111.515311,110.879677,89.160000,95.150000,0.931000,11.670000,114.610000,0.000000,0.000000,0.833500,0
337,09:28:00.692,ROI,160,160,192,192,7.870000,123.720000,3.200000,0.000000,8.080000,521.830000,208.440000,522.280000,208.240000,521.361667,207.397281,115.010000,113.795614,122.439763,112.366586,111.221044,108.154694,86.180000,93.700000,0.873200,11.950000,115.010000,0.000000,0.000000,0.826800,0
338,09:28:00.739,ROI,160,160,192,192,8.140000,41.550000,10.100000,0.000000,24.070000,520.720000,205.900000,520.870000,205.700000,520.412456,205.071842,114.050000,112.925526,119.035448,112.632809,112.204575,107.312311,86.140000,94.420000,0.924000,11.940000,114.050000,0.000000,0.000000,0.835800,0
339,09:28:00.804,ROI,160,160,192,192,7.550000,58.520000,6.950000,0.000000,17.090000,519.360000,203.810000,519.560000,203.410000,519.591579,202.846316,111.470000,111.474825,119.771819,113.162687,110.246310,106.363479,85.670000,92.660000,0.927100,9.920000,111.470000,0.000000,0.000000,0.840000,0
340,09:28:00.866,ROI,160,160,192,192,7.900000,56.530000,7.250000,0.000000,17.690000,518.280000,201.800000,518.430000,201.220000,518.785877,200.697105,108.350000,109.037719,117.292908,113.471734,110.550151,106.290740,84.070000,92.440000,0.933800,9.360000,108.350000,0.000000,0.000000,0.762900,0
341,09:28:00.915,ROI,160,160,192,192,7.530000,42.180000,9.650000,0.000000,23.710000,517.210000,199.790000,517.380000,199.220000,517.891842,198.686316,108.210000,107.756140,117.699473,116.072204,113.970837,108.456174,83.400000,91.540000,0.933500,8.890000,108.210000,0.000000,0.000000,0.771500,0
342,09:28:00.980,ROI,160,160,192,192,7.400000,59.240000,6.850000,0.000000,16.880000,516.800000,196.860000,516.660000,196.870000,517.016140,196.607105,105.420000,106.089649,107.034173,113.669760,112.839381,110.147421,84.820000,92.080000,0.923000,9.760000,105.420000,0.000000,0.000000,0.788900,0
343,09:28:01.042,ROI,160,160,192,192,7.550000,56.220000,7.225000,0.000000,17.790000,515.100000,195.160000,515.740000,194.880000,516.161579,194.666053,105.580000,105.495965,114.811646,114.972574,113.761815,112.402813,83.760000,90.550000,0.925900,10.080000,105.580000,0.000000,0.000000,0.840300,0
344,09:28:01.156,ROI,160,160,192,192,7.470000,108.740000,3.675000,0.000000,9.200000,514.570000,192.240000,514.970000,192.540000,515.368509,192.610439,102.810000,103.605000,108.214299,112.424317,111.096961,112.908354,85.330000,91.160000,0.920900,10.330000,102.810000,0.000000,0.000000,0.833200,0
345,09:28:01.220,ROI,160,160,192,192,7.530000,57.270000,0.000000,0.000000,17.460000,513.620000,189.620000,514.060000,190.040000,514.535439,190.392456,101.090000,101.499211,110.001506,111.595330,110.586087,113.164995,85.210000,91.610000,0.924100,10.930000,101.090000,0.000000,0.000000,0.847200,0
346,09:28:01.267,ROI,160,160,192,192,7.640000,41.590000,9.950000,0.000000,24.050000,514.600000,187.820000,514.010000,187.770000,513.911140,188.021053,101.580000,100.151404,91.261818,102.930857,104.749092,110.702921,82.220000,90.790000,0.928100,11.250000,101.580000,0.000000,0.000000,0.862700,0
347,09:28:01.332,ROI,160,160,192,192,7.630000,59.250000,6.875000,0.000000,16.880000,513.760000,185.630000,513.780000,185.520000,513.413509,185.652456,99.450000,99.000263,95.836629,99.214995,101.865022,108.054431,82.260000,90.660000,0.934100,12.320000,99.450000,0.000000,0.000000,0.856100,0
348,09:28:01.397,ROI,160,160,192,192,7.650000,58.890000,6.900000,0.000000,16.980000,513.890000,183.750000,513.780000,183.430000,513.228860,183.375088,99.420000,98.486316,90.000000,92.971189,94.635404,102.790264,81.000000,90.790000,0.945000,12.240000,99.420000,0.000000,0.000000,0.852500,0
349,09:28:01.443,ROI,160,160,192,192,7.970000,40.690000,10.275000,0.000000,24.580000,512.930000,182.240000,513.410000,181.670000,513.099561,181.294649,95.920000,96.826140,101.872250,93.261672,93.556331,98.005843,82.850000,89.810000,0.945200,12.210000,95.920000,0.000000,0.000000,0.868600,0
350,09:28:01.572,ROI,160,160,192,192,7.530000,122.680000,3.250000,0.000000,8.150000,510.800000,178.770000,512.410000,179.320000,512.751404,179.177456,95.850000,95.411140,113.051301,98.745729,99.338323,96.596543,83.860000,91.060000,0.881500,11.390000,95.850000,0.000000,0.000000,0.829400,0
351,09:28:01.619,ROI,160,160,192,192,7.510000,41.840000,9.850000,0.000000,23.900000,511.340000,176.880000,511.570000,177.030000,512.265175,177.028596,94.590000,94.389649,110.143655,102.181442,102.749766,96.988369,86.320000,91.780000,0.932600,11.470000,94.590000,0.000000,0.000000,0.874200,0
352,09:28:01.684,ROI,160,160,192,192,7.570000,58.600000,6.925000,0.000000,17.070000,510.590000,175.380000,510.910000,175.120000,511.735088,175.007807,93.940000,93.526404,109.062577,104.634713,104.698502,98.136726,85.920000,92.410000,0.951300,12.470000,93.940000,0.000000,0.000000,0.908400,0
353,09:28:01.748,ROI,160,160,192,192,7.580000,57.920000,0.000000,0.000000,17.270000,510.530000,172.060000,510.560000,172.660000,511.210000,172.816842,93.950000,93.176404,98.097492,103.439645,103.477339,99.027076,84.530000,91.070000,0.915600,11.500000,93.950000,0.000000,0.000000,0.856400,0
354,09:28:01.796,ROI,160,160,192,192,8.010000,43.180000,0.000000,0.000000,23.160000,510.420000,171.160000,510.450000,170.860000,510.731930,170.742895,92.380000,92.601491,93.497060,101.703763,102.980634,100.411054,83.090000,91.190000,0.963900,12.430000,92.380000,0.000000,0.000000,0.934400,0
355,09:28:01.860,ROI,160,160,192,192,7.960000,58.050000,0.000000,0.000000,17.230000,510.580000,167.750000,510.370000,168.320000,510.378772,168.492105,91.330000,91.717105,91.803995,98.448238,98.917234,100.214402,82.450000,86.760000,0.919100,11.440000,91.330000,0.000000,0.000000,0.879400,0
356,09:28:01.924,ROI,160,160,192,192,7.560000,57.360000,7.100000,0.000000,17.430000,512.750000,162.150000,511.250000,164.510000,510.518246,165.621842,92.680000,91.587368,76.994401,90.148909,87.218035,95.445264,83.140000,78.540000,0.831500,10.290000,92.680000,0.000000,0.000000,0.842000,0
357,09:28:01.972,ROI,160,160,192,192,7.550000,42.050000,9.825000,0.000000,23.780000,510.260000,163.570000,510.970000,162.590000,510.582895,163.015351,88.390000,89.947719,98.297145,91.956560,88.579177,92.713199,84.590000,83.890000,0.883400,12.580000,88.390000,0.000000,0.000000,0.918200,0
358,09:28:02.100,ROI,160,160,192,192,8.070000,122.880000,3.250000,0.000000,8.140000,510.620000,159.500000,511.050000,160.040000,510.720088,160.369561,88.770000,89.142456,88.203075,89.449062,87.031682,90.266373,79.100000,83.380000,0.850700,13.290000,88.770000,0.000000,0.000000,0.854500,0
359,09:28:02.147,ROI,160,160,192,192,7.580000,41.350000,10.000000,0.000000,24.180000,511.980000,158.220000,511.620000,157.830000,511.111140,157.809298,85.440000,87.161053,75.537547,81.978927,81.315804,85.827693,80.960000,85.630000,0.938100,15.430000,85.440000,0.000000,0.000000,0.925500,0
360,09:28:02.212,ROI,160,160,192,192,7.620000,58.780000,6.925000,0.000000,17.010000,511.880000,156.760000,511.850000,155.930000,511.522807,155.490965,88.310000,87.077105,83.097779,80.380042,79.930937,81.958493,81.410000,82.940000,0.960900,13.440000,88.310000,0.000000,0.000000,0.888300,0
361,09:28:02.277,ROI,160,160,192,192,10.240000,61.540000,6.900000,0.000000,16.250000,512.180000,154.380000,512.140000,153.940000,511.992456,153.286754,86.790000,86.371842,81.708729,77.682922,77.971907,77.999210,81.420000,83.470000,0.937600,14.140000,86.790000,0.000000,0.000000,0.878800,0
362,09:28:02.322,ROI,160,160,192,192,7.720000,36.740000,11.375000,0.000000,27.220000,512.740000,153.570000,512.580000,152.410000,512.552544,151.395702,85.140000,85.453158,73.955733,73.081551,73.501883,73.352959,83.170000,84.530000,0.960300,13.360000,85.140000,0.000000,0.000000,0.856700,0
363,09:28:02.388,ROI,160,160,192,192,7.770000,60.180000,6.775000,0.000000,16.620000,512.440000,152.450000,512.740000,151.210000,513.097281,149.916930,83.980000,84.518070,82.405357,72.569087,69.777661,68.226849,83.180000,88.120000,0.952500,14.770000,83.980000,0.000000,0.000000,0.812300,0
364,09:28:02.451,ROI,160,160,192,192,7.730000,57.410000,0.000000,0.000000,17.420000,512.520000,150.930000,512.840000,150.060000,513.487982,148.760965,82.890000,83.293947,85.030259,76.049225,71.325387,65.668601,82.660000,88.220000,0.960200,15.660000,82.890000,0.000000,0.000000,0.825800,0
365,09:28:02.499,ROI,160,160,192,192,7.880000,42.700000,0.000000,0.000000,23.420000,513.210000,149.690000,513.250000,149.100000,513.862895,147.920702,83.590000,82.850877,66.873480,72.093365,65.954319,62.310144,83.090000,89.350000,0.956400,16.100000,83.590000,0.000000,0.000000,0.884200,0
366,09:28:02.628,ROI,160,160,192,192,10.480000,126.260000,3.225000,0.000000,7.920000,513.440000,146.140000,513.700000,147.290000,514.169737,146.937807,81.780000,81.750175,76.038263,74.678233,72.662573,64.130197,82.730000,89.810000,0.918900,16.780000,81.780000,0.000000,0.000000,0.843200,0
367,09:28:02.676,ROI,160,160,192,192,7.590000,37.440000,10.875000,0.000000,26.710000,514.070000,144.500000,514.140000,145.480000,514.422018,145.743246,81.360000,81.152807,76.336771,76.626328,78.074876,69.184634,83.390000,90.060000,0.950000,15.920000,81.360000,0.000000,0.000000,0.826300,0
368,09:28:02.803,ROI,160,160,192,192,7.650000,121.830000,0.000000,0.000000,8.210000,515.970000,140.540000,515.220000,142.720000,514.969649,144.017281,79.150000,79.892544,68.629378,73.840935,72.396282,71.262886,81.050000,88.040000,0.875000,17.780000,79.150000,0.000000,0.000000,0.854800,0
369,09:28:02.915,ROI,160,160,192,192,7.600000,105.610000,3.775000,0.000000,9.470000,517.810000,136.330000,516.720000,139.140000,515.937281,141.508596,78.030000,78.678596,67.266588,70.897536,68.907735,71.600313,79.460000,86.690000,0.868900,18.230000,78.030000,0.000000,0.000000,0.880900,0
370,09:28:02.980,ROI,160,160,192,192,9.710000,60.630000,6.900000,0.000000,16.490000,518.760000,134.360000,518.170000,135.910000,517.226754,138.448772,78.540000,78.107193,65.823906,67.393389,67.148431,70.968746,79.080000,86.750000,0.933300,17.000000,78.540000,0.000000,0.000000,0.858200,0
371,09:28:03.027,ROI,160,160,192,192,8.090000,38.320000,10.525000,0.000000,26.100000,518.970000,133.440000,519.220000,133.460000,518.589298,135.329211,77.420000,77.266228,66.801409,65.778696,66.405537,70.027341,79.140000,87.370000,0.974000,15.840000,77.420000,0.000000,0.000000,0.902800,0
372,09:28:03.091,ROI,160,160,192,192,7.840000,57.780000,7.075000,0.000000,17.310000,520.520000,131.220000,520.570000,130.980000,520.102105,132.071404,76.970000,76.651842,61.438124,62.738563,65.091560,68.246395,79.540000,86.260000,0.914800,16.120000,76.970000,0.000000,0.000000,0.879500,0
373,09:28:03.156,ROI,160,160,192,192,7.640000,58.890000,6.900000,0.000000,16.980000,520.910000,130.590000,521.500000,129.280000,521.555965,129.113421,76.250000,76.073070,61.318747,60.423169,63.825707,66.064702,80.590000,86.400000,0.972600,15.970000,76.250000,0.000000,0.000000,0.927100,0
374,09:28:03.204,ROI,160,160,192,192,7.670000,42.050000,0.000000,0.000000,23.780000,521.670000,129.460000,522.320000,127.860000,522.759298,126.757456,75.830000,75.252632,59.995079,60.380722,62.943859,64.973674,81.430000,86.350000,0.956300,15.760000,75.830000,0.000000,0.000000,0.891100,0
375,09:28:03.331,ROI,160,160,192,192,8.080000,121.650000,3.275000,0.000000,8.220000,523.810000,125.840000,523.570000,125.600000,524.042895,124.399035,73.830000,74.302807,61.053135,58.441513,61.442273,63.137049,81.100000,84.550000,0.873400,16.620000,73.830000,0.000000,0.000000,0.886000,0
376,09:28:03.379,ROI,160,160,192,192,12.920000,47.990000,9.750000,0.000000,20.840000,525.150000,123.160000,525.010000,123.130000,525.430526,122.069912,73.190000,73.322719,59.757988,57.151949,59.214600,60.569886,80.640000,82.520000,0.908100,14.160000,73.190000,0.000000,0.000000,0.877900,0
377,09:28:03.444,ROI,160,160,192,192,7.560000,53.400000,7.650000,0.000000,18.730000,526.440000,122.050000,526.440000,121.160000,526.815088,119.986316,72.500000,72.812281,54.024541,55.644975,56.395742,57.794329,81.140000,83.030000,0.943300,13.740000,72.500000,0.000000,0.000000,0.863700,0
378,09:28:03.507,ROI,160,160,192,192,7.590000,56.770000,0.000000,0.000000,17.610000,528.170000,120.240000,528.140000,119.320000,528.319211,118.153158,71.750000,71.871491,47.264755,51.277719,50.630809,53.304150,80.530000,81.860000,0.917500,14.810000,71.750000,0.000000,0.000000,0.861100,0
379,09:28:03.556,ROI,160,160,192,192,7.560000,43.280000,9.525000,0.000000,23.100000,528.970000,118.610000,529.580000,117.740000,529.792719,116.663421,71.250000,71.083772,47.654196,48.300216,45.313774,47.760056,81.140000,81.540000,0.942500,16.510000,71.250000,0.000000,0.000000,0.871000,0
380,09:28:03.619,ROI,160,160,192,192,7.760000,57.300000,7.125000,0.000000,17.450000,530.870000,116.260000,531.070000,115.870000,531.227018,115.280526,69.120000,69.818333,51.452463,48.897604,43.954677,43.524471,81.540000,81.110000,0.902000,16.350000,69.120000,0.000000,0.000000,0.834800,0
381,09:28:03.683,ROI,160,160,192,192,7.760000,57.970000,7.025000,0.000000,17.250000,532.100000,115.290000,532.520000,114.460000,532.644035,114.088947,70.340000,69.511579,44.198713,45.822027,40.060690,39.596676,81.590000,82.510000,0.947900,15.620000,70.340000,0.000000,0.000000,0.884100,0
382,09:28:03.795,ROI,160,160,192,192,7.560000,106.090000,3.750000,0.000000,9.430000,534.990000,112.190000,534.510000,112.600000,534.295439,112.786140,69.100000,68.993070,43.066072,42.360132,38.270225,36.290543,80.530000,78.830000,0.864200,14.900000,69.100000,0.000000,0.000000,0.797800,0
383,09:28:03.860,ROI,160,160,192,192,7.680000,59.480000,0.000000,0.000000,16.810000,536.710000,110.390000,536.450000,110.750000,536.101316,111.265965,65.910000,67.243246,43.639670,42.244020,40.090450,36.003919,82.560000,80.420000,0.916800,14.770000,65.910000,0.000000,0.000000,0.806800,0
384,09:28:03.907,ROI,160,160,192,192,7.640000,41.030000,10.075000,0.000000,24.370000,537.500000,109.050000,537.920000,109.350000,537.856491,109.752719,63.840000,65.242105,43.602819,41.529514,40.766664,36.189257,84.760000,81.310000,0.942600,16.970000,63.840000,0.000000,0.000000,0.852400,0
385,09:28:03.970,ROI,160,160,192,192,7.690000,56.820000,7.175000,0.000000,17.600000,537.550000,108.220000,538.730000,108.290000,539.339298,108.297018,63.930000,63.783070,52.614712,44.501859,44.471510,37.527681,86.030000,80.700000,0.965400,17.400000,63.930000,0.000000,0.000000,0.856000,0
386,09:28:04.034,ROI,160,160,192,192,7.700000,58.210000,7.000000,0.000000,17.180000,539.780000,106.400000,540.200000,106.700000,540.819912,106.730526,64.360000,63.165877,47.245743,45.596580,46.614351,40.252804,86.580000,79.910000,0.908600,15.400000,64.360000,0.000000,0.000000,0.841600,0
387,09:28:04.082,ROI,160,160,192,192,8.910000,43.270000,9.850000,0.000000,23.110000,540.520000,104.450000,541.130000,105.230000,542.021404,105.245263,64.530000,63.068421,57.680383,50.936883,51.029162,44.832142,88.120000,82.660000,0.936600,16.520000,64.530000,1.140000,71.580000,0.857900,0
388,09:28:04.210,ROI,160,160,192,192,8.950000,121.740000,0.000000,0.000000,8.210000,544.270000,102.790000,543.100000,103.490000,543.404035,103.738158,61.210000,61.744737,41.452511,48.770264,47.466457,47.389878,92.110000,80.720000,0.885200,17.280000,61.210000,0.950000,70.960000,0.884000,0
389,09:28:04.258,ROI,160,160,192,192,8.770000,41.770000,10.175000,0.000000,23.940000,545.400000,100.380000,544.910000,101.410000,544.909474,102.023860,60.970000,60.846316,48.970460,49.715656,48.711494,49.975726,90.670000,79.750000,0.919300,15.770000,60.970000,0.330000,77.290000,0.841500,0
390,09:28:04.322,ROI,160,160,192,192,7.520000,57.290000,7.075000,0.000000,17.460000,546.330000,99.340000,546.380000,99.630000,546.336754,100.298421,57.010000,58.708070,50.448651,51.450911,50.402489,52.635084,92.380000,80.820000,0.955000,16.460000,57.010000,0.000000,0.000000,0.868900,0
391,09:28:04.386,ROI,160,160,192,192,7.660000,57.890000,7.025000,0.000000,17.280000,549.770000,98.090000,548.690000,97.880000,548.096491,98.492982,55.680000,56.670877,37.146687,47.228415,45.734431,52.582662,94.100000,80.830000,0.901600,16.080000,55.680000,0.000000,0.000000,0.877400,0
392,09:28:04.434,ROI,160,160,192,192,7.720000,42.340000,9.775000,0.000000,23.620000,550.450000,97.680000,550.520000,96.670000,549.971842,96.776579,54.440000,54.713158,33.472765,42.212701,42.466120,50.688730,94.980000,81.010000,0.975700,15.470000,54.440000,0.000000,0.000000,0.836200,0
393,09:28:04.498,ROI,160,160,192,192,7.690000,58.060000,7.000000,0.000000,17.220000,553.700000,95.700000,552.940000,95.250000,552.149649,95.134825,51.910000,52.535526,30.403424,36.453895,37.011058,46.364086,94.850000,79.960000,0.890600,15.720000,51.910000,0.000000,0.000000,0.847800,0
394,09:28:04.562,ROI,160,160,192,192,8.520000,59.010000,0.000000,0.000000,16.950000,555.140000,95.420000,555.060000,94.390000,554.424561,93.838246,50.570000,50.566140,22.080445,28.186647,29.680839,39.377362,97.420000,80.450000,0.963800,15.510000,50.570000,0.000000,0.000000,0.830300,0
395,09:28:04.610,ROI,160,160,224,224,9.130000,42.610000,10.050000,0.000000,23.470000,557.620000,95.440000,557.380000,94.180000,556.849561,93.048333,46.290000,47.597193,5.172161,15.238546,18.042347,28.673683,94.810000,79.160000,0.934600,18.420000,46.290000,2.110000,62.280000,0.821500,0
396,09:28:04.740,ROI,160,160,192,192,7.820000,122.940000,0.000000,0.000000,8.130000,560.950000,91.200000,560.140000,92.490000,559.516930,92.050789,43.400000,44.425000,31.479921,16.773725,20.504818,21.393592,98.140000,76.220000,0.840100,14.940000,43.400000,0.000000,0.000000,0.822100,0
397,09:28:04.786,ROI,160,160,224,224,7.650000,39.860000,10.400000,0.000000,25.090000,562.810000,91.240000,562.590000,91.620000,562.254912,91.173860,40.440000,41.055877,19.550054,13.909572,17.759390,15.213122,96.050000,75.320000,0.951000,17.510000,40.440000,0.000000,0.000000,0.796200,0
398,09:28:04.851,ROI,160,160,224,224,10.780000,62.730000,6.850000,0.000000,15.940000,564.460000,90.480000,564.810000,90.820000,564.927105,90.445965,38.080000,38.049649,19.817153,11.880218,15.237452,9.912487,96.840000,75.220000,0.947500,16.840000,38.080000,0.000000,0.000000,0.811300,0
399,09:28:04.914,ROI,160,160,224,224,7.760000,53.770000,15.225000,0.000000,18.600000,567.430000,89.320000,567.430000,89.740000,567.691842,89.649737,37.500000,35.652456,22.402130,12.926448,16.066092,7.341049,97.380000,74.270000,0.912800,16.630000,37.500000,0.000000,0.000000,0.795300,0
400,09:28:04.962,ROI,160,160,224,224,7.720000,42.150000,9.825000,0.000000,23.730000,567.730000,88.440000,569.200000,88.660000,570.080526,88.834123,34.870000,33.140088,31.390268,18.616590,18.852423,7.886835,98.850000,72.790000,0.962100,16.470000,34.870000,0.000000,0.000000,0.836000,0
401,09:28:05.026,ROI,160,160,224,224,7.700000,57.500000,7.025000,0.000000,17.390000,570.710000,87.050000,571.320000,87.480000,572.254035,87.965526,35.250000,32.081754,29.100477,23.215379,21.783068,10.677048,99.430000,73.460000,0.907500,17.100000,35.250000,0.000000,0.000000,0.836100,0
402,09:28:05.090,ROI,160,160,224,224,7.730000,58.840000,6.925000,0.000000,17.000000,570.530000,86.910000,572.500000,86.630000,573.893596,87.125439,33.460000,31.305439,35.766676,30.496564,27.129950,16.322189,99.970000,73.190000,0.990800,16.650000,33.460000,0.000000,0.000000,0.854400,0
403,09:28:05.138,ROI,160,160,224,224,7.670000,41.440000,9.975000,0.000000,24.130000,575.250000,85.460000,574.900000,85.650000,575.700702,86.173421,37.160000,32.699737,22.211831,30.082948,27.781117,21.745654,102.160000,74.060000,0.876900,16.510000,37.160000,0.000000,0.000000,0.815400,0
404,09:28:05.266,ROI,160,160,224,224,7.690000,122.190000,3.250000,0.000000,8.180000,579.900000,83.620000,578.200000,84.440000,577.964474,85.066053,31.160000,31.696579,20.136303,29.491215,26.066475,25.816424,100.480000,71.430000,0.869000,15.780000,31.160000,0.000000,0.000000,0.791900,0
405,09:28:05.314,ROI,160,160,224,224,7.610000,42.290000,9.775000,0.000000,23.640000,580.260000,83.310000,580.500000,83.460000,580.296053,83.895263,29.700000,30.432544,23.078221,28.404156,26.663262,28.942144,100.000000,71.400000,0.984300,14.410000,29.700000,0.000000,0.000000,0.783700,0
406,09:28:05.379,ROI,160,160,224,224,8.070000,59.060000,6.875000,0.000000,16.930000,584.000000,83.020000,583.380000,82.660000,582.822456,82.772544,28.750000,29.520000,15.524111,25.802163,23.960089,30.578431,100.900000,71.290000,0.920800,14.550000,28.750000,0.000000,0.000000,0.803500,0
407,09:28:05.442,ROI,160,160,224,224,7.610000,56.860000,7.150000,0.000000,17.590000,585.640000,81.960000,585.810000,81.820000,585.343246,81.739737,27.900000,28.496754,19.069194,23.704132,22.279683,30.610089,102.490000,71.500000,0.940300,14.330000,27.900000,0.000000,0.000000,0.725700,0
408,09:28:05.492,ROI,160,160,224,224,7.610000,44.100000,9.325000,0.000000,22.680000,588.580000,81.020000,588.470000,80.950000,588.021053,80.771667,30.370000,29.129123,18.111247,20.233689,19.875736,28.524675,105.010000,70.990000,0.921000,15.190000,30.370000,0.000000,0.000000,0.787300,0
409,09:28:05.556,ROI,160,160,224,224,12.320000,62.430000,7.050000,0.000000,16.020000,588.420000,80.790000,589.900000,80.390000,590.241842,80.017807,28.180000,28.869561,21.385728,19.280019,18.750074,25.758177,105.500000,71.270000,0.989100,14.300000,28.180000,0.000000,0.000000,0.755100,0
410,09:28:05.619,ROI,160,160,224,224,7.730000,49.680000,7.775000,0.000000,20.130000,591.880000,79.800000,591.990000,79.670000,592.433596,79.331667,25.600000,27.597456,19.008707,17.320594,17.383006,22.138442,104.330000,70.030000,0.910900,17.310000,25.600000,0.000000,0.000000,0.865700,0
411,09:28:05.668,ROI,160,160,224,224,7.620000,43.000000,9.600000,0.000000,23.260000,594.110000,79.860000,594.030000,79.400000,594.527544,78.924474,26.360000,26.947632,7.539445,10.913926,11.004505,16.120339,104.130000,70.910000,0.946400,15.830000,26.360000,0.000000,0.000000,0.854700,0
412,09:28:05.795,ROI,160,160,224,224,7.660000,121.100000,0.000000,0.000000,8.260000,597.930000,78.040000,596.900000,78.470000,596.923596,78.410789,24.920000,25.691930,17.954492,10.860723,12.100344,11.754658,106.510000,70.430000,0.884800,16.290000,24.920000,0.000000,0.000000,0.868200,0
413,09:28:05.844,ROI,160,160,224,224,7.570000,43.150000,0.000000,0.000000,23.170000,599.230000,77.990000,599.310000,77.840000,599.362719,77.806228,23.910000,24.490088,14.649904,12.525783,13.920794,10.241979,106.410000,69.970000,0.969700,14.750000,23.910000,0.000000,0.000000,0.834400,0
414,09:28:05.907,ROI,160,160,224,224,7.610000,57.310000,0.000000,0.000000,17.450000,601.630000,77.380000,601.740000,77.250000,601.772456,77.303947,24.800000,24.041053,13.647238,11.075507,11.774036,8.134172,106.610000,70.730000,0.939600,15.190000,24.800000,0.000000,0.000000,0.845100,0
415,09:28:05.972,ROI,160,160,224,224,7.730000,58.930000,6.900000,0.000000,16.970000,601.810000,77.220000,603.130000,76.940000,603.745789,76.907281,22.090000,22.832281,12.572445,11.178661,11.365758,6.980063,107.790000,70.360000,0.984100,14.090000,22.090000,0.000000,0.000000,0.880000,0
416,09:28:06.019,ROI,160,160,224,224,7.500000,41.690000,9.875000,0.000000,23.990000,605.890000,76.120000,605.500000,76.400000,605.787544,76.466316,22.010000,22.107281,12.835609,12.117333,12.187184,7.390492,106.950000,69.720000,0.899100,13.300000,22.010000,0.000000,0.000000,0.874700,0
417,09:28:06.084,ROI,160,160,224,224,7.760000,58.750000,6.925000,0.000000,17.020000,607.810000,75.920000,607.580000,76.010000,607.705965,76.062982,19.620000,20.648947,10.619655,12.401828,11.873077,8.397669,107.380000,67.800000,0.938600,14.440000,19.620000,0.000000,0.000000,0.911400,0
418,09:28:06.196,ROI,160,160,224,224,8.040000,106.210000,3.775000,0.000000,9.420000,612.730000,74.840000,610.990000,75.380000,610.170000,75.583947,19.050000,19.642719,10.467408,11.749414,11.001685,9.393089,106.090000,67.730000,0.884700,14.660000,19.050000,0.000000,0.000000,0.933300,0
419,09:28:06.260,ROI,160,160,224,224,7.730000,57.790000,7.050000,0.000000,17.300000,616.370000,74.210000,614.680000,74.620000,613.163158,75.004035,15.270000,17.369386,11.638015,11.852783,10.964974,10.533628,107.200000,65.910000,0.909800,15.590000,15.270000,0.000000,0.000000,0.946000,0
420,09:28:06.324,ROI,160,160,224,224,7.700000,58.880000,6.900000,0.000000,16.980000,618.180000,74.420000,617.720000,74.220000,616.473947,74.446491,15.300000,15.894123,7.495858,8.949992,9.559040,10.592778,107.740000,65.740000,0.960700,14.560000,15.300000,0.000000,0.000000,0.913400,0
421,09:28:06.372,ROI,160,160,224,224,7.660000,41.190000,10.050000,0.000000,24.280000,620.170000,74.650000,620.530000,74.070000,619.837105,74.015789,10.340000,12.236140,3.055593,6.033290,7.297843,9.661267,107.100000,65.730000,0.957300,13.740000,10.340000,0.000000,0.000000,0.883100,0
422,09:28:06.435,ROI,160,160,224,224,7.570000,57.140000,7.125000,0.000000,17.500000,622.230000,74.690000,622.920000,74.120000,622.914912,73.804035,10.650000,10.154737,-1.198482,2.357311,3.935771,7.687706,106.620000,64.530000,0.944900,12.870000,10.650000,0.000000,0.000000,0.869300,0
423,09:28:06.500,ROI,160,160,224,224,7.560000,59.120000,6.875000,0.000000,16.910000,625.640000,73.980000,625.760000,73.860000,626.014649,73.626754,8.450000,8.039035,5.230807,1.747423,3.273305,5.611738,103.990000,64.090000,0.917200,13.020000,8.450000,0.000000,0.000000,0.882500,0
424,09:28:06.547,ROI,160,160,224,224,7.600000,40.800000,0.000000,0.000000,24.510000,626.680000,73.750000,627.800000,73.700000,628.698596,73.495351,9.850000,7.372193,4.484606,2.100020,2.802909,3.882962,106.260000,63.180000,0.965100,12.880000,9.850000,0.000000,0.000000,0.870400,0
425,09:28:06.676,ROI,160,160,224,224,7.580000,123.210000,3.225000,0.000000,8.120000,631.390000,73.700000,630.830000,73.800000,631.457193,73.507368,0.940000,3.734825,-1.890264,-0.266965,-0.249602,1.314793,103.460000,63.070000,0.912500,12.880000,0.940000,0.000000,0.000000,0.868800,0
426,09:28:06.723,ROI,160,160,224,224,7.340000,38.180000,10.050000,0.000000,26.190000,632.550000,73.260000,633.270000,73.490000,633.967368,73.473947,2.550000,1.493947,7.240590,1.867249,0.762804,-0.131849,105.380000,63.870000,0.964700,11.010000,2.550000,0.000000,0.000000,0.847400,0
427,09:28:06.787,ROI,160,160,224,224,7.470000,58.420000,6.925000,0.000000,17.120000,636.490000,72.800000,636.300000,73.150000,636.666404,73.349211,2.670000,0.273947,6.402447,2.857099,2.646062,-0.436352,103.170000,64.580000,0.914500,12.770000,2.670000,0.000000,0.000000,0.840900,0
428,09:28:06.852,ROI,160,160,224,224,7.510000,59.090000,6.875000,0.000000,16.920000,637.610000,72.950000,638.580000,73.020000,639.168509,73.248246,1.250000,-0.582456,3.263331,2.464414,2.310745,-0.707556,101.390000,63.970000,0.969100,12.550000,1.250000,0.000000,0.000000,0.839500,0
429,09:28:06.900,ROI,160,160,224,224,8.110000,42.460000,9.825000,0.000000,23.550000,641.470000,73.000000,641.550000,72.970000,641.820789,73.126754,1.850000,-0.735000,0.964484,2.854362,2.622676,0.135032,101.650000,63.570000,0.921300,12.760000,1.850000,0.000000,0.000000,0.821700,0
430,09:28:06.963,ROI,160,160,224,224,7.700000,57.030000,7.175000,0.000000,17.540000,642.270000,73.080000,643.510000,73.010000,644.082368,73.096053,1.010000,-0.717632,-1.169139,1.314624,0.777763,0.263423,99.930000,64.920000,0.963000,12.710000,1.010000,0.000000,0.000000,0.818500,0
431,09:28:07.028,ROI,160,160,224,224,11.510000,57.820000,6.900000,0.000000,17.300000,646.840000,73.080000,646.460000,73.030000,646.472895,73.103421,-0.250000,-0.811754,-0.388440,0.706364,-0.176605,-0.072400,99.900000,64.370000,0.905200,12.220000,-0.250000,0.000000,0.000000,0.799300,0
432,09:28:07.075,ROI,160,160,224,224,7.710000,34.380000,11.025000,0.000000,29.090000,646.760000,73.530000,647.860000,73.340000,648.344561,73.253772,0.940000,-0.373772,-12.485467,-4.554680,-4.592705,-1.751431,97.930000,64.670000,0.966900,12.700000,0.940000,0.000000,0.000000,0.827100,0
433,09:28:07.204,ROI,160,160,224,224,7.550000,122.240000,3.250000,0.000000,8.180000,653.140000,73.150000,651.180000,73.410000,650.765702,73.375614,-1.190000,-0.522105,-1.207865,-4.025027,-2.880938,-2.176403,98.320000,64.330000,0.868200,12.510000,-1.190000,0.000000,0.000000,0.842100,0
