frame_id,timestamp,mode,input_width,input_height,roi_w,roi_h,inf_time_ms,end_to_end_time_ms,cpu_load_pct,end_to_end_cpu_load_pct,fps,x_center,y_center,width,height,iou_prev_bbox,group1_magnitude,group1_angle,group2_magnitude,group2_angle,best_conf,tracking_lost,raw_angle,model_angle_smooth,trajectory_angle_smooth,estimated_speed,fused_angle,fused_weight_x,pid_mode,target_angle,angle_error,target_x,target_y,distance_error,ble_speed_left,ble_speed_right
452,11:38:43.353,ROI,160,160,224,224,8.74,9.56,9.9,40.9,104.62,344.00,22.83,100.09,45.49,0.9947,14.6400,151.7800,0.0000,0.0000,0.7414,0,151.7800,152.0673,170.3279,0.0035,152.1307,0.9965,PHASE_1_ALIGNING,-48.72,-159.15,640.0,360.0,448.66,-2000,2000
453,11:38:43.401,ROI,160,160,224,224,8.77,9.53,0.0,41.0,104.98,343.99,22.79,100.11,45.42,0.9979,14.6700,151.8500,0.0000,0.0000,0.7456,0,151.8500,152.0349,172.8802,0.0063,152.1656,0.9937,PHASE_1_ALIGNING,-48.72,-159.11,640.0,360.0,448.70,-2000,2000
454,11:38:43.464,ROI,160,160,224,224,8.77,9.62,0.0,0.0,103.92,344.19,22.85,99.79,45.54,0.9932,14.5100,152.7400,0.0000,0.0000,0.7529,0,152.7400,152.1959,174.0516,0.0052,152.3094,0.9948,PHASE_1_ALIGNING,-48.74,-158.95,640.0,360.0,448.53,-2000,2000
455,11:38:43.528,ROI,160,160,224,224,8.54,9.29,7.175,0.0,107.66,343.93,22.82,100.17,45.46,0.9930,14.6500,151.7000,0.0000,0.0000,0.7466,0,151.7000,152.1198,176.1753,0.0088,152.3294,0.9913,PHASE_1_ALIGNING,-48.71,-158.96,640.0,360.0,448.72,-2000,2000
456,11:38:43.577,ROI,160,160,224,224,8.91,9.82,0.0,0.0,101.86,344.33,22.89,99.74,45.61,0.9887,13.9700,152.5500,0.0000,0.0000,0.7479,0,152.5500,152.2129,181.1689,0.0047,152.3476,0.9953,PHASE_1_ALIGNING,-48.75,-158.91,640.0,360.0,448.40,-2000,2000
457,11:38:43.642,ROI,160,160,224,224,9.60,10.39,0.0,0.0,96.22,344.07,22.83,100.07,45.50,0.9924,14.5900,151.7800,0.0000,0.0000,0.7443,0,151.7800,152.1536,185.2507,0.0052,152.3233,0.9949,PHASE_1_ALIGNING,-48.73,-158.95,640.0,360.0,448.62,-2000,2000
458,11:38:43.705,ROI,160,160,224,224,10.47,11.56,0.0,0.0,86.48,344.13,22.83,100.07,45.50,0.9989,14.5400,151.8200,0.0000,0.0000,0.7431,0,151.8200,152.1133,188.2397,0.0041,152.2619,0.9959,PHASE_1_ALIGNING,-48.73,-159.01,640.0,360.0,448.58,-2000,2000
459,11:38:43.753,ROI,160,160,224,224,8.11,8.90,0.0,43.9,112.37,344.20,22.78,100.00,45.39,0.9961,14.6000,152.1600,0.0000,0.0000,0.7479,0,152.1600,152.1277,188.5602,0.0021,152.2051,0.9979,PHASE_1_ALIGNING,-48.74,-159.05,640.0,360.0,448.57,-2000,2000
460,11:38:43.881,ROI,160,160,224,224,8.52,9.34,0.0,0.0,107.05,344.27,22.76,100.86,45.36,0.9909,13.8200,154.1300,0.0000,0.0000,0.7557,0,154.1300,152.5573,199.4377,0.0019,152.6468,0.9981,PHASE_1_ALIGNING,-48.75,-158.60,640.0,360.0,448.54,-2000,2000
461,11:38:43.929,ROI,160,160,224,224,9.73,10.46,0.0,37.375,95.64,343.15,22.39,103.91,44.59,0.9546,14.4700,155.1400,0.0000,0.0000,0.7536,0,155.1400,153.1575,192.3841,0.0184,153.8652,0.9820,PHASE_1_ALIGNING,-48.68,-157.46,640.0,360.0,449.56,-2000,2000
462,11:38:43.994,ROI,160,160,224,224,9.70,10.36,0.0,37.725,96.57,343.50,22.25,103.49,44.31,0.9869,13.2800,156.4700,0.0000,0.0000,0.7335,0,156.4700,153.9608,183.6528,0.0309,154.8517,0.9700,PHASE_1_ALIGNING,-48.72,-156.43,640.0,360.0,449.43,-2000,2000
463,11:38:44.041,ROI,160,160,224,224,8.63,9.33,0.0,0.0,107.23,342.58,21.76,104.62,43.33,0.9610,13.0900,156.4600,0.0000,0.0000,0.7307,0,156.4600,154.6808,175.9081,0.0593,155.8685,0.9440,PHASE_1_ALIGNING,-48.67,-155.46,640.0,360.0,450.41,-2000,2000
464,11:38:44.105,ROI,160,160,224,224,8.61,9.26,0.0,42.175,107.96,343.33,21.22,105.45,42.29,0.9619,13.6000,160.9800,0.0000,0.0000,0.7970,0,160.9800,156.2471,166.4117,0.0794,156.9944,0.9265,PHASE_1_ALIGNING,-48.79,-154.21,640.0,360.0,450.31,-2000,2000
465,11:38:44.168,ROI,160,160,224,224,9.98,10.74,0.0,36.35,93.08,341.42,21.18,111.33,42.22,0.9454,14.7700,162.6600,0.0000,0.0000,0.8082,0,162.6600,157.9973,159.0210,0.1212,158.1079,0.8919,PHASE_1_ALIGNING,-48.61,-153.28,640.0,360.0,451.61,-2000,2000
466,11:38:44.218,ROI,160,160,224,224,8.08,8.74,10.125,0.0,114.42,341.90,20.66,111.15,41.16,0.9665,12.0000,163.1000,0.0000,0.0000,0.7899,0,163.1000,159.6258,149.9077,0.1577,158.3020,0.8638,PHASE_1_ALIGNING,-48.70,-153.00,640.0,360.0,451.68,-2000,2000
467,11:38:44.346,ROI,160,160,224,224,8.71,9.35,0.0,0.0,106.93,342.90,20.68,112.29,41.17,0.9815,11.1500,169.1100,0.0000,0.0000,0.7402,0,169.1100,162.3115,138.2616,0.1755,158.7213,0.8507,PHASE_1_ALIGNING,-48.80,-152.48,640.0,360.0,451.00,-2000,2000
468,11:38:44.394,ROI,160,160,256,256,8.16,8.86,10.175,0.0,112.86,343.06,20.59,110.22,41.04,0.9775,8.6700,-178.9300,0.0000,0.0000,0.7749,0,-178.9300,167.1535,131.1924,0.1909,161.3885,0.8397,PHASE_1_ALIGNING,-48.82,-149.79,640.0,360.0,450.97,-2000,2000
469,11:38:44.459,ROI,160,160,224,224,16.13,17.20,0.0,0.0,58.14,342.47,21.00,105.91,41.79,0.9428,12.9200,-171.8800,0.0000,0.0000,0.8109,0,-171.8800,173.0095,126.4290,0.1992,165.2709,0.8339,PHASE_1_ALIGNING,-48.73,-146.00,640.0,360.0,451.05,-2000,2000
470,11:38:44.521,ROI,160,160,224,224,8.57,9.27,0.0,0.0,107.83,343.75,20.94,105.20,41.66,0.9731,13.3900,-170.5300,0.0000,0.0000,0.8323,0,-170.5300,178.4154,121.9311,0.1924,169.3005,0.8386,PHASE_1_ALIGNING,-48.85,-141.84,640.0,360.0,450.25,-2000,2000
471,11:38:44.570,ROI,160,160,224,224,10.22,10.84,0.0,36.025,92.23,344.39,21.13,103.91,42.08,0.9780,12.9100,-165.3800,0.0000,0.0000,0.7746,0,-165.3800,184.2219,114.9735,0.1763,173.8453,0.8502,PHASE_1_ALIGNING,-48.90,-137.25,640.0,360.0,449.69,-2000,2000
472,11:38:44.634,ROI,160,160,224,224,8.50,9.30,0.0,42.05,107.57,343.85,21.15,102.76,42.13,0.9877,13.1000,-163.6000,0.0000,0.0000,0.7446,0,-163.6000,189.7413,107.4691,0.1610,178.3341,0.8613,PHASE_1_ALIGNING,-48.85,-132.82,640.0,360.0,450.03,-1992,1992
473,11:38:44.745,ROI,160,160,224,224,8.62,9.28,3.85,0.0,107.71,343.03,21.20,112.34,42.25,0.9120,11.8900,-164.6000,0.0000,0.0000,0.7649,0,-164.6000,194.1746,101.6657,0.1498,182.1229,0.8697,PHASE_1_ALIGNING,-48.76,-129.11,640.0,360.0,450.53,-1937,1937
474,11:38:44.809,ROI,160,160,256,256,12.64,13.41,0.0,0.0,74.56,344.38,21.23,108.40,42.34,0.9631,8.7000,-154.9500,0.0000,0.0000,0.5830,0,-154.9500,199.9107,133.2983,0.1254,192.4886,0.8886,PHASE_1_ALIGNING,-48.89,-118.62,640.0,360.0,449.62,-1779,1779
475,11:38:44.872,ROI,160,160,224,224,7.81,8.72,15.75,0.0,114.72,342.64,21.69,109.44,43.27,0.9479,11.6300,-142.5800,0.0000,0.0000,0.6670,0,-142.5800,207.1721,163.4177,0.0993,203.2210,0.9097,PHASE_1_ALIGNING,-48.69,-108.09,640.0,360.0,450.42,-1621,1621
476,11:38:44.921,ROI,160,160,224,224,7.87,8.57,9.7,0.0,116.68,344.16,21.64,108.49,43.18,0.9704,11.5500,-139.9600,0.0000,0.0000,0.7214,0,-139.9600,213.8226,186.8558,0.0730,211.9887,0.9320,PHASE_1_ALIGNING,-48.83,-99.18,640.0,360.0,449.45,-1488,1488
477,11:38:44.984,ROI,160,160,224,224,8.05,8.80,0.0,0.0,113.68,341.05,22.50,96.56,44.94,0.8588,11.4400,-122.6000,0.0000,0.0000,0.7337,0,-122.6000,222.8673,211.6246,0.0266,222.5764,0.9741,PHASE_1_ALIGNING,-48.47,-88.96,640.0,360.0,450.87,-1334,1334
478,11:38:45.034,ROI,160,160,224,224,9.34,10.12,0.0,0.0,98.79,341.74,22.71,98.32,45.35,0.9730,12.2400,-121.4200,0.0000,0.0000,0.7622,0,-121.4200,230.8770,237.7831,0.0219,231.0251,0.9786,PHASE_1_ALIGNING,-48.51,-80.46,640.0,360.0,450.25,-1207,1207
479,11:38:45.161,ROI,160,160,224,224,9.00,9.68,0.0,0.0,103.35,339.43,23.63,91.88,47.24,0.8995,12.9000,-119.0500,0.0000,0.0000,0.7890,0,-119.0500,238.0023,248.4480,0.0999,238.9514,0.9091,PHASE_1_ALIGNING,-48.22,-72.83,640.0,360.0,451.09,-1092,1092
480,11:38:45.209,ROI,160,160,192,192,8.83,9.44,0.0,0.0,105.93,341.18,23.23,87.04,46.32,0.9289,8.9600,-116.0600,0.0000,0.0000,0.6874,0,-116.0600,244.3820,258.4111,0.1441,246.1487,0.8741,PHASE_1_ALIGNING,-48.42,-65.43,640.0,360.0,450.23,-982,982
481,11:38:45.274,ROI,160,160,192,192,8.32,9.34,0.0,41.8,107.03,342.09,23.47,87.66,46.80,0.9694,10.0300,-113.2700,0.0000,0.0000,0.8335,0,-113.2700,249.7971,267.3923,0.1815,252.5005,0.8464,PHASE_1_ALIGNING,-48.48,-59.02,640.0,360.0,449.44,-885,885
482,11:38:45.338,ROI,160,160,192,192,7.49,8.18,0.0,95.575,122.31,342.30,24.04,85.64,47.93,0.9545,9.1700,-105.7500,0.0000,0.0000,0.8907,0,-105.7500,255.6699,274.7039,0.2080,258.9467,0.8278,PHASE_1_ALIGNING,-48.46,-52.60,640.0,360.0,448.88,-789,789
483,11:38:45.385,ROI,160,160,192,192,7.63,8.24,0.0,47.425,121.41,342.58,24.22,85.54,48.29,0.9862,8.6800,-102.4100,0.0000,0.0000,0.8752,0,-102.4100,260.7767,280.3037,0.2436,264.6012,0.8041,PHASE_1_ALIGNING,-48.47,-46.93,640.0,360.0,448.57,-704,704
484,11:38:45.448,ROI,160,160,192,192,8.14,8.98,0.0,0.0,111.39,343.08,24.11,84.67,48.07,0.9838,8.6300,-99.9300,0.0000,0.0000,0.8696,0,-99.9300,264.7746,283.8733,0.2562,268.6698,0.7960,PHASE_1_ALIGNING,-48.52,-42.81,640.0,360.0,448.31,-642,642
485,11:38:45.514,ROI,160,160,192,192,7.73,8.41,0.0,0.0,118.94,344.61,24.20,82.38,48.29,0.9599,8.0300,-97.4300,0.0000,0.0000,0.8462,0,-97.4300,268.2506,286.7910,0.2494,271.9515,0.8004,PHASE_1_ALIGNING,-48.66,-39.39,640.0,360.0,447.23,-591,591
486,11:38:45.561,ROI,160,160,192,192,7.77,8.42,10.1,0.0,118.79,344.64,24.08,81.74,48.07,0.9874,7.7500,-93.4300,0.0000,0.0000,0.8927,0,-93.4300,272.2347,288.9038,0.2376,275.4349,0.8080,PHASE_1_ALIGNING,-48.68,-35.89,640.0,360.0,447.30,-538,538
487,11:38:45.690,ROI,160,160,192,192,20.91,21.92,6.475,17.825,45.62,344.29,24.55,82.24,49.06,0.9717,8.2700,-91.0200,0.0000,0.0000,0.9081,0,-91.0200,275.9953,289.5123,0.2405,278.6162,0.8061,PHASE_1_ALIGNING,-48.60,-32.78,640.0,360.0,447.18,-492,492
488,11:38:45.737,ROI,160,160,192,192,10.93,11.99,0.0,32.6,83.41,344.12,25.03,83.54,50.04,0.9650,8.5300,-89.8700,0.0000,0.0000,0.8979,0,-89.8700,278.7227,288.8641,0.2462,280.7264,0.8024,PHASE_1_ALIGNING,-48.55,-30.73,640.0,360.0,446.93,-461,461
489,11:38:45.800,ROI,160,160,192,192,11.55,12.18,0.0,32.075,82.12,343.86,25.02,83.81,50.03,0.9932,8.3300,-88.1900,0.0000,0.0000,0.8777,0,-88.1900,280.9512,286.7022,0.2539,282.1158,0.7975,PHASE_1_ALIGNING,-48.52,-29.36,640.0,360.0,447.12,-440,440
490,11:38:45.864,ROI,160,160,192,192,9.47,10.19,0.0,38.35,98.14,343.76,24.61,84.49,49.24,0.9759,7.8300,-86.7900,0.0000,0.0000,0.8573,0,-86.7900,282.3097,282.5254,0.2505,282.3529,0.7997,PHASE_1_ALIGNING,-48.55,-29.10,640.0,360.0,447.49,-437,437
491,11:38:45.912,ROI,160,160,192,192,13.12,13.81,0.0,0.0,72.41,343.89,24.23,84.30,48.43,0.9806,7.9700,-86.3800,0.0000,0.0000,0.8629,0,-86.3800,282.2935,276.5597,0.2337,281.2073,0.8106,PHASE_1_ALIGNING,-48.59,-30.20,640.0,360.0,447.69,-453,453
492,11:38:45.978,ROI,160,160,192,192,7.75,8.39,0.0,46.575,119.18,343.79,24.67,83.95,49.32,0.9780,7.4300,-83.9000,0.0000,0.0000,0.8535,0,-83.9000,282.4849,288.1765,0.2379,283.5785,0.8078,PHASE_1_ALIGNING,-48.54,-27.88,640.0,360.0,447.42,-418,418
493,11:38:46.040,ROI,160,160,192,192,7.42,8.36,0.0,46.75,119.64,344.00,24.52,83.28,49.01,0.9857,7.0300,-83.6500,0.0000,0.0000,0.8290,0,-83.6500,282.8553,300.6779,0.2280,286.1640,0.8144,PHASE_1_ALIGNING,-48.58,-25.26,640.0,360.0,447.40,-379,379
494,11:38:46.088,ROI,160,160,192,192,7.69,8.41,0.0,46.475,118.94,344.04,24.60,82.42,49.16,0.9863,7.1100,-84.3300,0.0000,0.0000,0.8289,0,-84.3300,282.3439,312.3722,0.2431,288.2165,0.8044,PHASE_1_ALIGNING,-48.57,-23.21,640.0,360.0,447.31,-348,348
495,11:38:46.202,ROI,160,160,192,192,7.88,8.55,0.0,0.0,116.90,343.78,24.64,82.79,49.25,0.9920,7.1100,-82.5000,0.0000,0.0000,0.8418,0,-82.5000,283.1599,325.3269,0.2108,290.5014,0.8259,PHASE_1_ALIGNING,-48.55,-20.95,640.0,360.0,447.45,-314,314
496,11:38:46.266,ROI,160,160,192,192,9.53,10.23,0.0,0.0,97.71,344.46,25.33,81.67,50.62,0.9569,6.9200,-83.8800,0.0000,0.0000,0.8022,0,-83.8800,283.1211,336.0204,0.2019,292.0056,0.8320,PHASE_1_ALIGNING,-48.55,-19.44,640.0,360.0,446.48,-292,292
497,11:38:46.329,ROI,160,160,192,192,8.47,9.19,0.0,0.0,108.86,344.08,24.86,82.12,49.70,0.9726,7.5500,-82.2500,0.0000,0.0000,0.8341,0,-82.2500,283.0206,340.4063,0.1439,290.2405,0.8742,PHASE_1_ALIGNING,-48.56,-21.20,640.0,360.0,447.08,-318,318
498,11:38:46.376,ROI,160,160,192,192,9.63,10.30,10.325,0.0,97.05,344.08,25.09,82.42,50.15,0.9873,6.9200,-82.6800,0.0000,0.0000,0.8074,0,-82.6800,282.5187,342.6390,0.1062,288.2909,0.9040,PHASE_1_ALIGNING,-48.54,-23.17,640.0,360.0,446.91,-348,348
499,11:38:46.442,ROI,160,160,192,192,7.91,8.69,0.0,0.0,115.05,344.24,25.27,82.97,50.51,0.9863,7.1100,-82.8200,0.0000,0.0000,0.8092,0,-82.8200,281.7126,342.4832,0.0837,286.4061,0.9228,PHASE_1_ALIGNING,-48.54,-25.06,640.0,360.0,446.67,-376,376
500,11:38:46.504,ROI,160,160,192,192,8.03,9.17,0.0,0.0,109.06,343.99,25.28,82.70,50.53,0.9935,6.6100,-83.3900,0.0000,0.0000,0.8001,0,-83.3900,281.0911,338.1218,0.0671,284.6776,0.9371,PHASE_1_ALIGNING,-48.51,-26.81,640.0,360.0,446.83,-402,402
501,11:38:46.553,ROI,160,160,192,192,7.64,8.32,0.0,46.975,120.25,344.19,25.10,81.37,50.17,0.9769,7.5700,-83.0000,0.0000,0.0000,0.8008,0,-83.0000,280.5283,328.6218,0.0585,283.1863,0.9447,PHASE_1_ALIGNING,-48.55,-28.27,640.0,360.0,446.83,-424,424
502,11:38:46.682,ROI,160,160,192,192,7.53,8.39,0.0,46.575,119.20,344.71,24.82,81.80,49.64,0.9761,7.4300,-80.2900,0.0000,0.0000,0.8307,0,-80.2900,280.4552,317.0566,0.0472,282.1060,0.9549,PHASE_1_ALIGNING,-48.62,-29.27,640.0,360.0,446.71,-439,439
503,11:38:46.730,ROI,160,160,192,192,8.87,9.59,0.0,40.725,104.26,345.24,25.07,81.52,50.15,0.9773,7.2400,-79.1700,0.0000,0.0000,0.8392,0,-79.1700,280.5446,313.1473,0.0499,282.0931,0.9525,PHASE_1_ALIGNING,-48.65,-29.26,640.0,360.0,446.17,-439,439
504,11:38:46.794,ROI,160,160,192,192,9.35,10.03,0.0,0.0,99.69,345.17,25.14,82.66,50.28,0.9834,7.9500,-78.5400,0.0000,0.0000,0.8551,0,-78.5400,280.8870,314.4789,0.0634,282.8892,0.9404,PHASE_1_ALIGNING,-48.64,-28.47,640.0,360.0,446.16,-427,427
505,11:38:46.856,ROI,160,160,192,192,7.82,8.65,7.525,0.0,115.65,345.78,25.85,83.76,51.68,0.9584,7.4300,-76.4800,0.0000,0.0000,0.8573,0,-76.4800,281.6575,315.8723,0.0941,284.6009,0.9140,PHASE_1_ALIGNING,-48.64,-26.76,640.0,360.0,445.22,-401,401
506,11:38:46.905,ROI,160,160,192,192,7.90,8.60,0.0,0.0,116.24,345.95,25.74,83.68,51.47,0.9918,8.0900,-75.9900,0.0000,0.0000,0.8651,0,-75.9900,282.4011,316.8891,0.1242,286.2101,0.8896,PHASE_1_ALIGNING,-48.66,-25.13,640.0,360.0,445.19,-377,377
507,11:38:46.969,ROI,160,160,192,192,8.81,9.60,0.0,0.0,104.12,345.85,25.49,82.86,50.95,0.9803,8.2100,-75.5200,0.0000,0.0000,0.8725,0,-75.5200,283.1840,317.9307,0.1419,287.5031,0.8757,PHASE_1_ALIGNING,-48.67,-23.82,640.0,360.0,445.45,-357,357
508,11:38:47.034,ROI,160,160,192,192,9.55,10.26,0.0,0.0,97.50,346.49,25.15,83.11,50.29,0.9719,7.6200,-76.8000,0.0000,0.0000,0.8631,0,-76.8000,283.6382,320.1562,0.1578,288.6155,0.8637,PHASE_1_ALIGNING,-48.76,-22.62,640.0,360.0,445.28,-339,339
509,11:38:47.146,ROI,160,160,192,192,8.96,9.68,0.0,40.375,103.34,347.08,24.59,83.29,49.15,0.9637,8.3300,-72.0300,0.0000,0.0000,0.8504,0,-72.0300,284.9391,324.6198,0.1768,290.9018,0.8497,PHASE_1_ALIGNING,-48.87,-20.23,640.0,360.0,445.31,-303,303
510,11:38:47.193,ROI,160,160,192,192,8.54,9.71,0.0,0.0,103.02,346.94,24.28,81.59,48.49,0.9664,9.3300,-73.5300,0.0000,0.0000,0.8697,0,-73.5300,285.9567,331.1226,0.1901,293.1721,0.8402,PHASE_1_ALIGNING,-48.88,-17.95,640.0,360.0,445.64,-269,269
511,11:38:47.256,ROI,160,160,192,192,8.22,9.20,0.0,42.45,108.70,347.54,24.59,82.94,49.13,0.9709,8.8200,-72.1700,0.0000,0.0000,0.8399,0,-72.1700,287.0985,338.7847,0.2141,296.2131,0.8237,PHASE_1_COMPLETE,-48.91,-14.87,640.0,360.0,445.01,0,0
512,11:38:47.321,ROI,160,160,192,192,8.45,9.12,0.0,42.85,109.68,347.83,24.23,83.98,48.38,0.9729,10.2100,-71.3300,0.0000,0.0000,0.8696,0,-71.3300,288.1353,348.2009,0.2389,299.7161,0.8072,PHASE_2_DRIVING,-48.97,-11.31,640.0,360.0,445.09,1262,2000
513,11:38:47.369,ROI,160,160,192,192,9.11,9.81,0.0,39.825,101.94,348.57,24.14,84.97,48.18,0.9785,10.4200,-71.9300,0.0000,0.0000,0.8527,0,-71.9300,289.0245,358.1419,0.2655,303.5272,0.7902,PHASE_2_DRIVING,-49.05,-7.42,640.0,360.0,444.67,1483,2000
514,11:38:47.434,ROI,160,160,192,192,10.26,11.18,0.0,0.0,89.46,348.70,24.47,84.83,48.88,0.9829,9.0500,-72.9500,0.0000,0.0000,0.8503,0,-72.9500,289.3662,367.5316,0.2948,307.1617,0.7723,PHASE_2_DRIVING,-49.04,-3.80,640.0,360.0,444.34,1717,2000
515,11:38:47.545,ROI,160,160,192,192,8.69,9.34,0.0,0.0,107.05,349.24,24.77,85.00,49.49,0.9752,8.4000,-70.7200,0.0000,0.0000,0.8137,0,-70.7200,290.1537,375.4040,0.3178,310.7115,0.7589,PHASE_2_DRIVING,-49.06,-0.23,640.0,360.0,443.76,1982,2000
516,11:38:47.609,ROI,160,160,192,192,7.61,8.41,7.25,0.0,118.90,348.33,24.56,84.00,49.04,0.9700,10.0700,-69.7600,0.0000,0.0000,0.8572,0,-69.7600,290.8876,382.0110,0.3145,312.6882,0.7608,PHASE_2_DRIVING,-48.99,1.68,640.0,360.0,444.51,2000,1870
517,11:38:47.672,ROI,160,160,192,192,7.71,8.41,0.0,0.0,118.92,349.68,24.60,86.75,49.16,0.9660,7.0600,-71.2300,0.0000,0.0000,0.7342,0,-71.2300,291.0784,386.8848,0.3279,314.7369,0.7531,PHASE_2_DRIVING,-49.12,3.86,640.0,360.0,443.60,2000,1713
518,11:38:47.722,ROI,160,160,192,192,7.90,8.57,0.0,0.0,116.68,349.22,24.76,86.05,49.50,0.9827,6.7500,-68.3700,0.0000,0.0000,0.7192,0,-68.3700,291.5880,388.6577,0.3167,314.9356,0.7595,PHASE_2_DRIVING,-49.06,4.00,640.0,360.0,443.78,2000,1704
519,11:38:47.785,ROI,160,160,192,192,9.12,9.81,7.125,0.0,101.90,351.14,25.56,86.14,51.11,0.9269,7.3200,-62.3200,0.0000,0.0000,0.7556,0,-62.3200,293.1156,386.2438,0.3306,316.2527,0.7516,PHASE_2_DRIVING,-49.18,5.43,640.0,360.0,441.92,2000,1608
520,11:38:47.849,ROI,160,160,192,192,9.58,10.38,7.25,37.675,96.36,351.11,25.27,86.30,50.56,0.9868,4.7600,-63.0300,0.0000,0.0000,0.6772,0,-63.0300,294.4363,381.2007,0.3417,316.5354,0.7453,PHASE_2_DRIVING,-49.20,5.74,640.0,360.0,442.16,2000,1588
521,11:38:47.897,ROI,160,160,192,192,8.53,9.25,0.0,42.225,108.08,352.61,26.74,87.30,53.48,0.9137,4.1500,-62.9800,0.0000,0.0000,0.6509,0,-62.9800,295.5888,377.1311,0.3757,317.8576,0.7269,PHASE_2_DRIVING,-49.23,7.08,640.0,360.0,440.07,2000,1504
522,11:38:48.009,ROI,160,160,192,192,9.00,9.83,0.0,0.0,101.70,354.48,27.64,87.29,55.28,0.9274,8.9500,-55.1900,0.0000,0.0000,0.7856,0,-55.1900,298.1217,373.5607,0.4307,320.8327,0.6989,PHASE_2_DRIVING,-49.34,10.17,640.0,360.0,438.16,2000,1324
523,11:38:48.073,ROI,160,160,192,192,8.00,8.68,0.0,45.0,115.22,354.12,27.97,86.96,55.94,0.9798,8.2600,-56.3800,0.0000,0.0000,0.8065,0,-56.3800,300.2303,368.5441,0.4800,322.3874,0.6757,PHASE_2_DRIVING,-49.27,11.66,640.0,360.0,438.14,2000,1244
524,11:38:48.137,ROI,160,160,192,192,7.98,8.67,0.0,0.0,115.30,357.12,28.52,88.78,57.05,0.9163,9.3300,-53.6700,0.0000,0.0000,0.8292,0,-53.6700,302.5954,362.2595,0.5727,324.3228,0.6358,PHASE_2_DRIVING,-49.52,13.85,640.0,360.0,435.77,2000,1133
525,11:38:48.185,ROI,160,160,192,192,7.84,8.78,0.0,0.0,113.95,355.02,28.81,92.42,57.62,0.9452,10.8600,-50.8400,0.0000,0.0000,0.8958,0,-50.8400,305.2004,354.7412,0.6090,323.9516,0.6215,PHASE_2_DRIVING,-49.29,13.24,640.0,360.0,436.92,2000,1163
526,11:38:48.249,ROI,160,160,192,192,8.69,9.71,0.0,0.0,102.98,357.56,29.22,88.70,58.49,0.9322,9.1100,-56.8000,0.0000,0.0000,0.8420,0,-56.8000,306.0102,347.2330,0.6803,322.7007,0.5951,PHASE_2_DRIVING,-49.51,12.21,640.0,360.0,434.96,2000,1215
527,11:38:48.313,ROI,160,160,192,192,9.61,10.30,0.0,0.0,97.13,358.18,30.05,88.93,60.14,0.9591,9.3400,-57.7600,0.0000,0.0000,0.8694,0,-57.7600,306.8027,340.6387,0.7500,321.3042,0.5714,PHASE_2_DRIVING,-49.50,10.80,640.0,360.0,433.93,2000,1289
528,11:38:48.361,ROI,160,160,192,192,8.77,9.42,0.0,0.0,106.13,358.72,30.38,88.97,60.79,0.9770,8.6700,-59.9000,0.0000,0.0000,0.8701,0,-59.9000,306.7402,334.8984,0.8006,319.2599,0.5554,PHASE_2_DRIVING,-49.52,8.78,640.0,360.0,433.32,2000,1402
529,11:38:48.489,ROI,160,160,192,192,8.26,9.00,0.0,43.4,111.12,363.51,31.24,89.32,62.47,0.8747,9.0500,-62.4400,0.0000,0.0000,0.8770,0,-62.4400,306.0698,330.3391,0.9178,317.6843,0.5214,PHASE_2_DRIVING,-49.94,7.62,640.0,360.0,429.57,2000,1471
530,11:38:48.537,ROI,160,160,192,192,7.57,8.26,0.0,0.0,121.10,364.01,31.74,89.70,63.59,0.9716,9.2300,-65.5700,0.0000,0.0000,0.8712,0,-65.5700,304.6814,327.0380,1.0132,315.9331,0.4967,PHASE_2_DRIVING,-49.94,5.88,640.0,360.0,428.87,2000,1579
531,11:38:48.602,ROI,160,160,192,192,7.54,8.19,0.0,47.675,122.08,364.29,32.39,89.52,64.94,0.9731,9.9700,-65.3800,0.0000,0.0000,0.8866,0,-65.3800,303.1642,324.9246,1.0938,314.5316,0.4776,PHASE_2_DRIVING,-49.92,4.45,640.0,360.0,428.19,2000,1673
532,11:38:48.665,ROI,160,160,192,192,8.07,8.80,0.0,44.425,113.66,364.88,32.90,88.84,66.14,0.9692,9.1300,-64.3600,0.0000,0.0000,0.8594,0,-64.3600,301.6274,323.4306,1.1561,313.3183,0.4638,PHASE_2_DRIVING,-49.93,3.25,640.0,360.0,427.42,2000,1756
533,11:38:48.714,ROI,160,160,192,192,7.65,8.30,0.0,47.05,120.44,365.18,33.84,88.61,67.99,0.9660,9.9100,-64.7700,0.0000,0.0000,0.8418,0,-64.7700,300.1039,322.4996,1.2051,312.3435,0.4535,PHASE_2_DRIVING,-49.88,2.23,640.0,360.0,426.51,2000,1830
534,11:38:48.778,ROI,160,160,192,192,8.28,9.20,0.0,0.0,108.72,366.86,35.63,89.83,71.48,0.9154,11.0600,-65.1200,0.0000,0.0000,0.8436,0,-65.1200,298.5109,322.0589,1.2399,311.5458,0.4465,PHASE_2_DRIVING,-49.90,1.45,640.0,360.0,424.06,2000,1888
535,11:38:48.825,ROI,160,160,192,192,8.64,9.31,10.2,0.0,107.40,367.00,36.17,87.11,72.64,0.9548,11.1300,-64.4300,0.0000,0.0000,0.8293,0,-64.4300,296.8145,322.0484,1.2608,310.8868,0.4423,PHASE_2_DRIVING,-49.87,0.75,640.0,360.0,423.55,2000,1941
536,11:38:48.953,ROI,160,160,192,192,7.54,8.19,3.3,0.0,122.03,371.94,37.45,87.95,75.22,0.8639,12.1700,-64.6300,0.0000,0.0000,0.8365,0,-64.6300,295.2756,322.6608,1.3190,310.8516,0.4312,PHASE_2_DRIVING,-50.27,1.12,640.0,360.0,419.40,2000,1912
537,11:38:49.002,ROI,160,160,192,192,7.61,8.34,0.0,0.0,119.89,372.92,38.04,86.02,76.15,0.9629,12.5800,-63.8600,0.0000,0.0000,0.8547,0,-63.8600,294.5009,323.6128,1.3840,311.4013,0.4195,PHASE_2_DRIVING,-50.32,1.72,640.0,360.0,418.32,2000,1867
538,11:38:49.065,ROI,160,160,192,192,8.80,9.79,0.0,0.0,102.20,376.49,38.78,86.28,77.66,0.9032,12.9300,-60.9800,0.0000,0.0000,0.8564,0,-60.9800,294.2639,325.2901,1.4548,312.6512,0.4074,PHASE_2_DRIVING,-50.64,3.29,640.0,360.0,415.47,2000,1753
539,11:38:49.129,ROI,160,160,192,192,8.35,9.07,7.2,0.0,110.19,376.12,39.25,86.17,78.61,0.9796,13.0500,-62.3200,0.0000,0.0000,0.8353,0,-62.3200,293.7221,326.9414,1.5046,313.6778,0.3993,PHASE_2_DRIVING,-50.56,4.23,640.0,360.0,415.35,2000,1688
540,11:38:49.178,ROI,160,160,192,192,8.60,9.30,0.0,0.0,107.48,377.80,40.09,84.91,80.08,0.9418,12.8900,-61.7800,0.0000,0.0000,0.8361,0,-61.7800,294.1449,328.4142,1.5730,315.0953,0.3887,PHASE_2_DRIVING,-50.66,5.76,640.0,360.0,413.63,2000,1587
541,11:38:49.242,ROI,160,160,192,192,8.53,9.21,0.0,0.0,108.55,379.10,41.15,85.84,82.20,0.9452,12.6900,-63.0100,0.0000,0.0000,0.8090,0,-63.0100,294.2992,329.4189,1.6127,315.9769,0.3827,PHASE_2_DRIVING,-50.71,6.69,640.0,360.0,411.99,2000,1528
542,11:38:49.305,ROI,160,160,192,192,8.84,9.59,0.0,0.0,104.31,382.58,41.94,87.34,83.42,0.9059,13.0200,-61.6400,0.0000,0.0000,0.8129,0,-61.6400,295.1515,330.3498,1.7111,317.3669,0.3688,PHASE_2_DRIVING,-51.01,8.38,640.0,360.0,409.18,2000,1426
543,11:38:49.354,ROI,160,160,192,192,8.31,9.01,0.0,43.375,111.04,383.03,42.64,86.51,84.72,0.9735,14.4900,-63.3300,0.0000,0.0000,0.8251,0,-63.3300,296.1120,330.8392,1.7295,318.1164,0.3664,PHASE_2_DRIVING,-51.00,9.12,640.0,360.0,408.35,2000,1383
544,11:38:49.466,ROI,160,160,192,192,7.95,8.80,0.0,44.375,113.60,386.58,44.99,88.16,86.51,0.8744,15.1900,-62.2400,0.0000,0.0000,0.8077,0,-62.2400,296.8526,331.1397,1.8054,318.9178,0.3565,PHASE_2_DRIVING,-51.18,10.10,640.0,360.0,404.30,2000,1328
545,11:38:49.530,ROI,160,160,192,192,8.37,9.03,0.0,0.0,110.75,387.94,47.53,86.90,88.58,0.9154,16.0500,-63.6200,0.0000,0.0000,0.8435,0,-63.6200,297.2995,331.0683,1.8740,319.3188,0.3479,PHASE_2_DRIVING,-51.11,10.43,640.0,360.0,401.46,2000,1310
546,11:38:49.593,ROI,160,160,192,192,8.00,8.66,0.0,0.0,115.42,389.04,48.55,85.97,88.60,0.9530,15.6400,-66.5500,0.0000,0.0000,0.8243,0,-66.5500,297.0118,330.6430,1.9103,319.0869,0.3436,PHASE_2_DRIVING,-51.14,10.23,640.0,360.0,399.98,2000,1321
547,11:38:49.641,ROI,160,160,192,192,8.40,9.08,10.05,0.0,110.16,389.86,49.79,85.86,87.47,0.9541,16.3200,-62.9700,0.0000,0.0000,0.8477,0,-62.9700,297.2912,330.2242,1.9868,319.1981,0.3348,PHASE_2_DRIVING,-51.12,10.32,640.0,360.0,398.50,2000,1316
548,11:38:49.705,ROI,160,160,192,192,8.22,9.10,7.1,0.0,109.86,390.97,52.14,85.06,87.34,0.9240,16.2000,-64.9400,0.0000,0.0000,0.8559,0,-64.9400,296.8289,329.6958,2.0488,318.9156,0.3280,PHASE_2_DRIVING,-51.03,9.95,640.0,360.0,395.97,2000,1336
549,11:38:49.769,ROI,160,160,192,192,8.82,9.56,7.15,40.9,104.66,391.97,52.80,84.89,87.50,0.9623,15.6100,-66.9400,0.0000,0.0000,0.8281,0,-66.9400,295.9673,329.0663,2.0745,318.3006,0.3253,PHASE_2_DRIVING,-51.08,9.38,640.0,360.0,394.83,2000,1368
550,11:38:49.817,ROI,160,160,192,192,9.22,9.90,0.0,0.0,101.01,393.33,55.45,84.67,89.48,0.9129,16.3500,-66.9000,0.0000,0.0000,0.8063,0,-66.9000,295.2546,328.1850,2.0913,317.5324,0.3235,PHASE_2_DRIVING,-50.99,8.53,640.0,360.0,391.91,2000,1417
551,11:38:49.946,ROI,160,160,192,192,8.68,9.37,0.0,0.0,106.69,395.22,57.96,84.29,88.63,0.9049,13.8000,-65.8400,0.0000,0.0000,0.7894,0,-65.8400,294.7579,326.8879,2.1039,316.5363,0.3222,PHASE_2_DRIVING,-50.98,7.51,640.0,360.0,388.77,2000,1477
552,11:38:49.993,ROI,160,160,192,192,7.85,8.51,0.0,0.0,117.55,396.22,59.56,83.59,88.88,0.9423,15.2300,-65.6100,0.0000,0.0000,0.8013,0,-65.6100,294.2881,325.0313,2.1199,315.1774,0.3205,PHASE_2_DRIVING,-50.94,6.12,640.0,360.0,386.90,2000,1564
553,11:38:50.056,ROI,160,160,192,192,7.43,8.09,7.075,0.0,123.56,397.39,62.11,83.83,88.85,0.9188,14.6000,-67.0900,0.0000,0.0000,0.7923,0,-67.0900,293.6007,322.5255,2.1180,313.2487,0.3207,PHASE_2_DRIVING,-50.84,4.09,640.0,360.0,384.18,2000,1698
554,11:38:50.106,ROI,160,160,192,192,22.38,23.44,0.0,16.675,42.66,397.52,63.17,86.09,88.81,0.9512,15.8000,-68.5400,0.0000,0.0000,0.7974,0,-68.5400,292.6409,319.7020,2.1420,311.0894,0.3183,PHASE_2_DRIVING,-50.75,1.84,640.0,360.0,383.29,2000,1858
555,11:38:50.170,ROI,160,160,192,192,25.01,26.03,9.65,15.0,38.42,398.63,64.06,85.80,89.24,0.9554,15.9200,-68.2500,0.0000,0.0000,0.7911,0,-68.2500,291.8947,316.6750,2.1419,308.7881,0.3183,PHASE_2_DRIVING,-50.80,-0.41,640.0,360.0,381.89,1967,2000
556,11:38:50.233,ROI,160,160,192,192,16.45,17.51,10.4,22.325,57.11,399.64,65.96,84.71,90.19,0.9364,15.5300,-70.5200,0.0000,0.0000,0.8053,0,-70.5200,291.0808,313.7621,2.1632,306.5918,0.3161,PHASE_2_DRIVING,-50.74,-2.67,640.0,360.0,379.77,1797,2000
557,11:38:50.345,ROI,160,160,192,192,9.50,10.33,0.0,0.0,96.82,401.90,70.64,84.01,92.74,0.8578,14.8900,-70.8200,0.0000,0.0000,0.8191,0,-70.8200,290.2240,310.7352,2.2049,304.3352,0.3120,PHASE_2_DRIVING,-50.55,-5.11,640.0,360.0,374.72,1629,2000
558,11:38:50.393,ROI,160,160,192,192,10.30,11.07,10.2,0.0,90.37,403.00,71.47,84.60,93.77,0.9573,16.4400,-71.0400,0.0000,0.0000,0.8564,0,-71.0400,289.5313,307.7672,2.2222,302.1078,0.3103,PHASE_2_DRIVING,-50.60,-7.29,640.0,360.0,373.38,1491,2000
559,11:38:50.457,ROI,160,160,192,192,8.52,9.39,0.0,0.0,106.55,404.91,74.46,85.74,93.36,0.8983,15.5700,-69.8700,0.0000,0.0000,0.8314,0,-69.8700,289.1039,304.8474,2.2527,300.0073,0.3074,PHASE_2_DRIVING,-50.53,-9.46,640.0,360.0,369.87,1364,2000
560,11:38:50.522,ROI,160,160,192,192,9.10,9.85,0.0,0.0,101.57,405.56,75.96,84.28,93.54,0.9521,16.8300,-70.4900,0.0000,0.0000,0.8664,0,-70.4900,288.8222,302.3350,2.2766,298.2109,0.3052,PHASE_2_DRIVING,-50.46,-11.32,640.0,360.0,368.29,1261,2000
561,11:38:50.568,ROI,160,160,192,192,8.31,9.00,0.0,0.0,111.16,406.69,79.69,83.82,94.30,0.8999,16.4400,-69.2400,0.0000,0.0000,0.8578,0,-69.2400,288.7637,300.0369,2.2989,296.6197,0.3031,PHASE_2_DRIVING,-50.23,-13.15,640.0,360.0,364.70,1167,2000
562,11:38:50.635,ROI,160,160,192,192,8.06,8.91,0.0,43.875,112.26,407.81,80.88,84.72,91.30,0.9433,15.1700,-68.5500,0.0000,0.0000,0.8242,0,-68.5500,289.0713,298.2060,2.3345,295.4666,0.2999,PHASE_2_DRIVING,-50.24,-14.29,640.0,360.0,363.07,1111,2000
563,11:38:50.745,ROI,160,160,192,192,9.57,10.28,0.0,0.0,97.32,410.90,83.38,86.18,88.74,0.8819,15.7300,-67.7500,0.0000,0.0000,0.8094,0,-67.7500,289.5001,296.8372,2.4059,294.6829,0.2936,PHASE_2_DRIVING,-50.37,-14.95,640.0,360.0,359.18,1079,2000
564,11:38:50.809,ROI,160,160,192,192,11.65,12.45,7.275,0.0,80.33,411.84,84.34,84.83,88.32,0.9575,17.0200,-67.8200,0.0000,0.0000,0.8116,0,-67.8200,289.6613,295.9477,2.4406,294.1206,0.2906,PHASE_2_DRIVING,-50.39,-15.49,640.0,360.0,357.84,1054,2000
565,11:38:50.873,ROI,160,160,192,192,8.68,9.64,7.675,0.0,103.72,411.62,85.51,85.06,87.85,0.9689,18.7700,-70.7500,0.0000,0.0000,0.8699,0,-70.7500,289.6430,295.5174,2.4326,293.8060,0.2913,PHASE_2_DRIVING,-50.24,-15.95,640.0,360.0,357.07,1032,2000
566,11:38:50.922,ROI,160,160,192,192,9.67,10.81,9.875,0.0,92.50,412.52,87.05,85.15,88.39,0.9459,17.8800,-69.0000,0.0000,0.0000,0.8356,0,-69.0000,289.9004,295.4365,2.4202,293.8179,0.2924,PHASE_2_DRIVING,-50.19,-15.99,640.0,360.0,355.31,1031,2000
567,11:38:50.985,ROI,160,160,192,192,10.06,10.96,7.5,0.0,91.28,413.72,88.93,84.92,86.86,0.9319,18.4700,-68.3400,0.0000,0.0000,0.8386,0,-68.3400,290.1419,295.7346,2.3835,294.0816,0.2956,PHASE_2_DRIVING,-50.15,-15.77,640.0,360.0,353.10,1041,2000
568,11:38:51.033,ROI,160,160,192,192,8.38,9.10,0.0,0.0,109.87,414.50,90.24,85.48,87.61,0.9530,18.3000,-65.6300,0.0000,0.0000,0.8253,0,-65.6300,290.9671,296.2993,2.3448,294.7051,0.2990,PHASE_2_DRIVING,-50.11,-15.19,640.0,360.0,351.60,1068,2000
569,11:38:51.160,ROI,160,160,192,192,9.12,9.79,0.0,0.0,102.15,415.75,94.85,86.02,90.70,0.8769,18.3900,-65.0900,0.0000,0.0000,0.8737,0,-65.0900,291.9984,296.9431,2.3638,295.4731,0.2973,PHASE_2_DRIVING,-49.78,-14.75,640.0,360.0,347.26,1089,2000
570,11:38:51.208,ROI,160,160,192,192,9.98,10.66,0.0,0.0,93.84,417.32,97.10,87.78,88.78,0.9183,17.0700,-62.5300,0.0000,0.0000,0.8733,0,-62.5300,293.5660,297.6156,2.3809,296.4178,0.2958,PHASE_2_DRIVING,-49.73,-13.85,640.0,360.0,344.53,1132,2000
571,11:38:51.274,ROI,160,160,192,192,9.07,9.91,0.0,39.45,100.93,418.33,99.44,88.98,90.64,0.9282,16.5400,-63.0900,0.0000,0.0000,0.8725,0,-63.0900,294.8005,298.1408,2.4081,297.1607,0.2934,PHASE_2_DRIVING,-49.61,-13.23,640.0,360.0,342.10,1163,2000
572,11:38:51.338,ROI,160,160,192,192,7.99,8.69,0.0,44.95,115.07,420.93,102.00,91.33,91.93,0.8937,16.9900,-63.4000,0.0000,0.0000,0.8509,0,-63.4000,295.7402,298.6119,2.4281,297.7742,0.2917,PHASE_2_DRIVING,-49.66,-12.56,640.0,360.0,338.46,1197,2000
573,11:38:51.385,ROI,160,160,192,192,8.24,8.88,0.0,44.025,112.66,419.98,102.17,86.74,89.02,0.9196,15.8700,-64.3600,0.0000,0.0000,0.8551,0,-64.3600,296.4256,298.9749,2.3747,298.2195,0.2963,PHASE_2_DRIVING,-49.52,-12.26,640.0,360.0,338.95,1213,2000
574,11:38:51.450,ROI,160,160,192,192,7.87,8.58,0.0,45.525,116.50,421.28,103.24,87.98,88.61,0.9479,15.3200,-63.3200,0.0000,0.0000,0.8192,0,-63.3200,297.0033,299.3306,2.3012,298.6256,0.3029,PHASE_2_DRIVING,-49.57,-11.80,640.0,360.0,337.29,1236,2000
575,11:38:51.513,ROI,160,160,192,192,9.64,10.36,7.125,0.0,96.51,422.75,104.86,89.41,87.28,0.9329,14.8400,-62.9800,0.0000,0.0000,0.8378,0,-62.9800,297.4909,299.5604,2.2780,298.9291,0.3051,PHASE_2_DRIVING,-49.59,-11.48,640.0,360.0,335.10,1253,2000
576,11:38:51.561,ROI,160,160,192,192,8.70,9.34,0.0,0.0,107.05,423.48,105.74,90.22,86.81,0.9645,14.5800,-63.3600,0.0000,0.0000,0.8347,0,-63.3600,297.7388,299.7467,2.2166,299.1225,0.3109,PHASE_2_DRIVING,-49.58,-11.29,640.0,360.0,333.96,1263,2000
577,11:38:51.674,ROI,160,160,192,192,9.32,10.05,3.775,0.0,99.53,425.22,108.17,93.17,84.06,0.9109,13.7400,-51.2800,0.0000,0.0000,0.8237,0,-51.2800,300.4545,299.8985,2.1945,300.0725,0.3130,PHASE_2_DRIVING,-49.54,-10.39,640.0,360.0,330.98,1312,2000
578,11:38:51.738,ROI,160,160,192,192,8.82,9.54,0.0,0.0,104.81,427.60,110.42,95.10,83.70,0.9020,13.5200,-46.2500,0.0000,0.0000,0.7861,0,-46.2500,303.8047,300.1458,2.1785,301.2969,0.3146,PHASE_2_DRIVING,-49.60,-9.10,640.0,360.0,327.72,1384,2000
579,11:38:51.802,ROI,160,160,192,192,13.24,13.92,0.0,0.0,71.85,429.30,111.27,97.04,83.87,0.9462,12.9000,-46.9500,0.0000,0.0000,0.7933,0,-46.9500,306.7252,300.3901,2.1807,302.3819,0.3144,PHASE_2_DRIVING,-49.73,-7.89,640.0,360.0,325.97,1455,2000
580,11:38:51.848,ROI,160,160,224,224,8.40,9.28,0.0,0.0,107.81,434.38,112.80,104.99,87.32,0.8690,13.7300,-45.1600,0.0000,0.0000,0.8050,0,-45.1600,309.6977,301.0392,2.2056,303.7403,0.3120,PHASE_2_DRIVING,-50.25,-6.01,640.0,360.0,321.54,1571,2000
581,11:38:51.913,ROI,160,160,224,224,7.80,8.46,0.0,46.2,118.26,435.76,114.91,107.10,88.13,0.9288,13.0200,-49.8900,0.0000,0.0000,0.7341,0,-49.8900,311.3806,302.1607,2.2678,304.9822,0.3060,PHASE_2_DRIVING,-50.19,-4.82,640.0,360.0,319.03,1648,2000
582,11:38:51.977,ROI,160,160,224,224,7.58,8.21,0.0,0.0,121.78,438.29,116.67,109.89,89.33,0.9180,14.0000,-40.0800,0.0000,0.0000,0.8152,0,-40.0800,314.7504,303.8056,2.3293,307.0929,0.3004,PHASE_2_DRIVING,-50.34,-2.56,640.0,360.0,316.06,1805,2000
583,11:38:52.025,ROI,160,160,224,224,7.97,8.92,0.0,43.775,112.06,438.07,118.30,107.02,86.77,0.9387,11.2800,-46.0900,0.0000,0.0000,0.7124,0,-46.0900,316.0777,305.6794,2.3434,308.7895,0.2991,PHASE_2_DRIVING,-50.12,-1.09,640.0,360.0,314.95,1915,2000
584,11:38:52.153,ROI,160,160,224,224,10.88,11.61,3.275,0.0,86.15,444.43,120.44,111.71,86.10,0.8495,15.0300,-36.3200,0.0000,0.0000,0.7997,0,-36.3200,319.1666,307.9978,2.4109,311.2722,0.2932,PHASE_2_DRIVING,-50.77,2.04,640.0,360.0,309.26,2000,1843
585,11:38:52.199,ROI,160,160,224,224,8.00,8.77,0.0,44.6,114.07,446.72,121.83,112.06,85.51,0.9297,13.2200,-36.7400,0.0000,0.0000,0.7309,0,-36.7400,321.6695,310.7149,2.4782,313.8645,0.2875,PHASE_2_DRIVING,-50.94,4.80,640.0,360.0,306.73,2000,1649
586,11:38:52.266,ROI,160,160,256,256,8.73,9.68,0.0,0.0,103.36,449.81,123.63,113.04,87.33,0.9089,14.6900,-39.0300,0.0000,0.0000,0.7722,0,-39.0300,323.4505,313.7798,2.5460,316.5070,0.2820,PHASE_2_DRIVING,-51.18,7.69,640.0,360.0,303.39,2000,1467
587,11:38:52.313,ROI,160,160,256,256,8.46,9.56,0.0,0.0,104.64,451.90,124.21,113.63,87.28,0.9514,15.2700,-36.7800,0.0000,0.0000,0.7799,0,-36.7800,325.2853,316.9173,2.6304,319.2223,0.2755,PHASE_2_DRIVING,-51.42,10.64,640.0,360.0,301.63,2000,1298
588,11:38:52.377,ROI,160,160,256,256,8.36,9.16,7.125,0.0,109.23,454.97,125.54,113.95,86.02,0.9196,16.5600,-31.9200,0.0000,0.0000,0.8562,0,-31.9200,327.9026,320.0754,2.7304,322.1736,0.2681,PHASE_2_DRIVING,-51.72,13.89,640.0,360.0,298.68,2000,1130
589,11:38:52.442,ROI,160,160,256,256,8.23,9.07,0.0,0.0,110.30,457.07,126.50,114.22,86.66,0.9430,16.1000,-33.5200,0.0000,0.0000,0.8459,0,-33.5200,329.5932,323.0996,2.8184,324.8002,0.2619,PHASE_2_DRIVING,-51.92,16.72,640.0,360.0,296.63,2000,997
590,11:38:52.488,ROI,160,160,256,256,7.51,8.32,0.0,0.0,120.18,459.99,127.98,115.31,87.62,0.9192,14.9100,-34.9400,0.0000,0.0000,0.7948,0,-34.9400,330.4399,325.9414,2.9382,327.0837,0.2539,PHASE_2_DRIVING,-52.19,19.28,640.0,360.0,293.66,2000,887
591,11:38:52.618,ROI,160,160,256,256,8.42,9.21,0.0,0.0,108.62,465.46,131.06,116.16,88.66,0.8510,15.6700,-37.0700,0.0000,0.0000,0.7423,0,-37.0700,330.2447,328.5140,3.0586,328.9404,0.2464,PHASE_2_DRIVING,-52.68,21.62,640.0,360.0,287.89,2000,793
592,11:38:52.666,ROI,160,160,256,256,10.15,10.95,0.0,35.675,91.34,466.95,131.80,117.44,89.50,0.9588,15.0400,-36.3600,0.0000,0.0000,0.7238,0,-36.3600,329.8316,330.8009,3.1308,330.5662,0.2421,PHASE_2_DRIVING,-52.83,23.39,640.0,360.0,286.39,2000,725
593,11:38:52.730,ROI,160,160,256,256,9.61,10.36,0.0,37.725,96.54,468.02,132.66,116.62,90.82,0.9636,14.4500,-42.4100,0.0000,0.0000,0.7651,0,-42.4100,327.7450,332.7251,3.1575,331.5273,0.2405,PHASE_2_DRIVING,-52.89,24.42,640.0,360.0,285.06,2000,687
594,11:38:52.793,ROI,160,160,256,256,9.11,9.96,0.0,39.25,100.45,471.52,135.30,114.82,93.68,0.8907,13.3200,-45.0900,0.0000,0.0000,0.7086,0,-45.0900,324.7067,334.2499,3.1723,331.9627,0.2397,PHASE_2_DRIVING,-53.14,25.10,640.0,360.0,280.85,2000,663
595,11:38:52.841,ROI,160,160,256,256,10.97,11.69,0.0,0.0,85.54,470.63,136.38,111.82,95.25,0.9524,12.1800,-51.3400,0.0000,0.0000,0.6964,0,-51.3400,321.4109,335.2262,3.1197,331.8728,0.2427,PHASE_2_DRIVING,-52.86,24.73,640.0,360.0,280.52,2000,676
596,11:38:52.904,ROI,160,160,224,224,7.93,8.75,0.0,0.0,114.31,473.07,135.87,107.94,92.89,0.9331,14.0100,-55.8700,0.0000,0.0000,0.8270,0,-55.8700,317.7479,335.7653,3.0521,331.3189,0.2468,PHASE_2_DRIVING,-53.32,24.64,640.0,360.0,279.46,2000,680
597,11:38:52.952,ROI,160,160,224,224,7.98,8.67,10.0,0.0,115.35,473.39,137.88,103.82,94.12,0.9224,14.0100,-53.8800,0.0000,0.0000,0.8396,0,-53.8800,314.5832,335.7654,2.9366,330.3846,0.2540,PHASE_2_DRIVING,-53.13,23.51,640.0,360.0,277.66,2000,721
598,11:38:53.080,ROI,160,160,224,224,8.31,9.03,0.0,0.0,110.72,476.77,140.92,102.72,95.96,0.8805,14.0800,-58.4900,0.0000,0.0000,0.8610,0,-58.4900,310.7953,335.4572,2.8940,329.1238,0.2568,PHASE_2_DRIVING,-53.31,22.43,640.0,360.0,273.21,2000,761
599,11:38:53.129,ROI,160,160,224,224,8.34,9.15,9.775,42.725,109.35,478.73,142.06,98.62,95.13,0.9377,15.5800,-60.6100,0.0000,0.0000,0.8739,0,-60.6100,306.2819,334.8461,2.8308,327.3897,0.2610,PHASE_2_DRIVING,-53.50,20.89,640.0,360.0,271.12,2000,821
600,11:38:53.193,ROI,160,160,224,224,9.00,9.76,0.0,0.0,102.45,480.62,142.99,99.36,96.73,0.9442,16.9000,-64.5200,0.0000,0.0000,0.8793,0,-64.5200,302.2462,334.0212,2.7603,325.5710,0.2659,PHASE_2_DRIVING,-53.70,19.28,640.0,360.0,269.25,2000,887
601,11:38:53.257,ROI,160,160,224,224,11.22,12.22,0.0,31.975,81.86,482.46,144.94,98.17,97.41,0.9261,16.8100,-66.5600,0.0000,0.0000,0.8820,0,-66.5600,297.5540,332.7379,2.6462,323.0884,0.2743,PHASE_2_DRIVING,-53.78,16.86,640.0,360.0,266.59,2000,991
602,11:38:53.305,ROI,160,160,224,224,8.84,9.65,0.0,0.0,103.66,482.13,146.62,93.02,98.14,0.9165,16.2900,-68.1900,0.0000,0.0000,0.8888,0,-68.1900,293.9728,331.1765,2.5658,320.7430,0.2804,PHASE_2_DRIVING,-53.50,14.25,640.0,360.0,265.44,2000,1113
603,11:38:53.369,ROI,160,160,224,224,8.16,8.88,0.0,44.0,112.59,482.87,147.34,91.48,96.82,0.9689,16.1700,-68.4100,0.0000,0.0000,0.8619,0,-68.4100,290.8591,329.3861,2.4633,318.2619,0.2887,PHASE_2_DRIVING,-53.54,11.80,640.0,360.0,264.41,2000,1236
604,11:38:53.433,ROI,160,160,224,224,8.45,9.17,0.0,0.0,109.01,484.20,149.39,91.17,98.21,0.9319,16.2800,-70.5700,0.0000,0.0000,0.8947,0,-70.5700,287.6044,327.3800,2.3822,315.6198,0.2957,PHASE_2_DRIVING,-53.51,9.13,640.0,360.0,261.97,2000,1383
605,11:38:53.545,ROI,160,160,224,224,8.29,9.62,0.0,0.0,103.94,485.85,153.03,92.27,99.88,0.8973,16.8900,-72.9700,0.0000,0.0000,0.8908,0,-72.9700,284.6618,325.0344,2.3181,312.8669,0.3014,PHASE_2_DRIVING,-53.32,6.19,640.0,360.0,258.07,2000,1559
606,11:38:53.610,ROI,160,160,224,224,8.17,8.92,7.15,0.0,112.08,487.16,153.87,90.87,98.35,0.9557,16.9700,-71.7600,0.0000,0.0000,0.8732,0,-71.7600,283.1418,322.5069,2.2559,310.4164,0.3071,PHASE_2_DRIVING,-53.44,3.86,640.0,360.0,256.62,2000,1713
607,11:38:53.657,ROI,160,160,224,224,9.17,10.25,0.0,0.0,97.52,487.46,157.07,90.79,102.55,0.9321,17.5900,-73.5500,0.0000,0.0000,0.9066,0,-73.5500,281.7766,319.6601,2.1956,307.8050,0.3129,PHASE_2_DRIVING,-53.07,0.87,640.0,360.0,253.86,2000,1931
608,11:38:53.721,ROI,160,160,224,224,8.50,9.24,0.0,0.0,108.26,489.23,158.41,90.40,101.43,0.9373,18.2900,-73.3300,0.0000,0.0000,0.9109,0,-73.3300,281.0009,316.6623,2.1506,305.3433,0.3174,PHASE_2_DRIVING,-53.21,-1.45,640.0,360.0,251.73,1887,2000
609,11:38:53.785,ROI,160,160,224,224,8.52,9.27,0.0,42.175,107.92,488.19,162.21,91.76,105.32,0.9086,18.4900,-76.1000,0.0000,0.0000,0.9119,0,-76.1000,280.0951,313.4449,2.1781,302.9511,0.3147,PHASE_2_DRIVING,-52.49,-4.56,640.0,360.0,249.33,1666,2000
610,11:38:53.833,ROI,160,160,224,224,9.43,10.16,0.0,0.0,98.46,489.48,162.62,89.74,104.64,0.9645,17.7600,-74.9700,0.0000,0.0000,0.9166,0,-74.9700,280.1843,310.2455,2.1798,300.7918,0.3145,PHASE_2_DRIVING,-52.67,-6.54,640.0,360.0,248.22,1538,2000
611,11:38:53.946,ROI,160,160,224,224,11.14,11.94,0.0,0.0,83.76,491.65,167.73,90.99,108.86,0.8678,17.9200,-74.0400,0.0000,0.0000,0.9188,0,-74.0400,280.4689,307.0219,2.2276,298.7951,0.3098,PHASE_2_DRIVING,-52.35,-8.86,640.0,360.0,242.85,1398,2000
612,11:38:54.010,ROI,160,160,224,224,11.34,12.34,0.0,31.65,81.04,491.70,170.32,94.02,108.43,0.9233,18.2300,-75.2400,0.0000,0.0000,0.9105,0,-75.2400,280.7650,303.8547,2.3117,296.8825,0.3020,PHASE_2_DRIVING,-51.98,-11.14,640.0,360.0,240.77,1271,2000
613,11:38:54.073,ROI,160,160,224,224,12.49,13.35,0.0,29.25,74.88,492.27,173.70,94.33,107.59,0.9283,18.4900,-75.1900,0.0000,0.0000,0.9168,0,-75.1900,280.9059,300.5091,2.3834,294.7151,0.2956,PHASE_2_DRIVING,-51.59,-13.70,640.0,360.0,237.76,1140,2000
614,11:38:54.120,ROI,160,160,224,224,10.74,12.07,0.0,0.0,82.86,493.71,173.31,91.00,106.88,0.9577,17.8500,-74.0500,0.0000,0.0000,0.9216,0,-74.0500,281.1952,297.4325,2.3898,292.6425,0.2950,PHASE_2_DRIVING,-51.92,-15.44,640.0,360.0,237.18,1056,2000
615,11:38:54.184,ROI,160,160,224,224,9.95,10.84,0.0,0.0,92.23,496.14,176.84,91.80,106.48,0.8890,17.8700,-74.1800,0.0000,0.0000,0.8987,0,-74.1800,281.9980,294.5790,2.4226,290.9031,0.2922,PHASE_2_DRIVING,-51.85,-17.24,640.0,360.0,232.91,974,2000
616,11:38:54.248,ROI,160,160,224,224,11.82,13.37,7.35,0.0,74.80,497.32,178.63,91.00,105.62,0.9424,18.4100,-75.2100,0.0000,0.0000,0.8968,0,-75.2100,282.4338,292.1505,2.4827,289.3605,0.2871,PHASE_2_DRIVING,-51.81,-18.83,640.0,360.0,230.77,906,2000
617,11:38:54.298,ROI,160,160,224,224,10.01,11.09,0.0,0.0,90.15,499.37,181.75,92.09,104.71,0.9023,18.8800,-72.2500,0.0000,0.0000,0.9053,0,-72.2500,283.5333,290.2655,2.5553,288.3719,0.2813,PHASE_2_DRIVING,-51.73,-19.90,640.0,360.0,227.05,861,2000
618,11:38:54.424,ROI,160,160,224,224,11.43,12.27,0.0,0.0,81.52,503.03,185.28,95.28,103.91,0.8664,19.2700,-69.3700,0.0000,0.0000,0.8995,0,-69.3700,284.9920,289.1583,2.6501,288.0169,0.2740,PHASE_2_DRIVING,-51.91,-20.08,640.0,360.0,222.00,854,2000
619,11:38:54.473,ROI,160,160,224,224,11.68,12.44,0.0,0.0,80.40,503.17,186.37,94.11,104.37,0.9674,17.6300,-71.5300,0.0000,0.0000,0.9183,0,-71.5300,285.8670,288.7078,2.7154,287.9432,0.2692,PHASE_2_DRIVING,-51.76,-20.30,640.0,360.0,221.06,845,2000
620,11:38:54.538,ROI,160,160,224,224,11.46,12.26,0.0,0.0,81.58,505.10,188.41,95.30,104.57,0.9240,17.5000,-66.8900,0.0000,0.0000,0.8788,0,-66.8900,287.5978,288.8196,2.7596,288.4946,0.2660,PHASE_2_DRIVING,-51.83,-19.68,640.0,360.0,218.27,870,2000
621,11:38:54.600,ROI,160,160,224,224,10.27,11.14,0.0,35.075,89.78,505.07,189.60,96.77,107.32,0.9595,16.8800,-67.1400,0.0000,0.0000,0.8762,0,-67.1400,289.2302,289.4037,2.7437,289.3574,0.2671,PHASE_2_DRIVING,-51.63,-19.02,640.0,360.0,217.36,898,2000
622,11:38:54.649,ROI,160,160,224,224,9.09,10.43,0.0,0.0,95.90,507.30,191.62,98.74,104.24,0.9207,15.8300,-63.5900,0.0000,0.0000,0.8715,0,-63.5900,291.3270,290.4740,2.7273,290.7028,0.2683,PHASE_2_DRIVING,-51.76,-17.54,640.0,360.0,214.39,961,2000
623,11:38:54.713,ROI,160,160,224,224,12.23,13.17,0.0,0.0,75.91,508.60,192.83,102.07,102.89,0.9455,15.5000,-63.2800,0.0000,0.0000,0.8837,0,-63.2800,293.0980,291.9268,2.7207,292.2416,0.2688,PHASE_2_DRIVING,-51.83,-15.93,640.0,360.0,212.63,1034,2000
624,11:38:54.761,ROI,160,160,224,224,11.47,12.46,0.0,0.0,80.26,508.64,194.38,102.12,99.26,0.9639,15.3000,-62.2900,0.0000,0.0000,0.8922,0,-62.2900,295.0361,293.7511,2.6720,294.1011,0.2723,PHASE_2_DRIVING,-51.58,-14.32,640.0,360.0,211.39,1110,2000
625,11:38:54.889,ROI,160,160,224,224,9.24,10.15,0.0,0.0,98.49,511.22,198.12,103.92,101.77,0.8844,14.8500,-58.9800,0.0000,0.0000,0.8863,0,-58.9800,297.2867,295.7235,2.6664,296.1499,0.2728,PHASE_2_DRIVING,-51.50,-12.35,640.0,360.0,206.86,1208,2000
626,11:38:54.937,ROI,160,160,224,224,10.92,12.02,0.0,0.0,83.23,514.11,200.45,105.11,99.58,0.9046,14.3100,-59.9100,0.0000,0.0000,0.8605,0,-59.9100,299.1158,298.0073,2.6673,298.3096,0.2727,PHASE_2_DRIVING,-51.73,-9.97,640.0,360.0,203.24,1335,2000
627,11:38:55.002,ROI,160,160,224,224,15.31,16.10,7.375,0.0,62.11,514.36,201.53,105.07,97.96,0.9737,14.0000,-54.1600,0.0000,0.0000,0.8048,0,-54.1600,301.5785,300.2027,2.6375,300.5810,0.2749,PHASE_2_DRIVING,-51.59,-7.83,640.0,360.0,202.23,1459,2000
628,11:38:55.066,ROI,160,160,224,224,14.64,15.70,8.175,0.0,63.69,516.45,204.47,110.32,98.92,0.8981,13.4100,-50.4900,0.0000,0.0000,0.8114,0,-50.4900,304.5331,302.4264,2.5952,303.0124,0.2781,PHASE_2_DRIVING,-51.54,-5.45,640.0,360.0,198.63,1607,2000
629,11:38:55.113,ROI,160,160,224,224,13.25,14.20,0.0,0.0,70.40,517.78,205.55,109.79,98.90,0.9553,13.9300,-56.4800,0.0000,0.0000,0.8088,0,-56.4800,305.9355,304.5358,2.5862,304.9261,0.2788,PHASE_2_DRIVING,-51.64,-3.43,640.0,360.0,196.96,1743,2000
630,11:38:55.241,ROI,160,160,224,224,14.10,15.16,0.0,0.0,65.96,522.96,211.24,114.59,101.02,0.8170,11.6800,-50.4500,0.0000,0.0000,0.7684,0,-50.4500,308.1307,306.4361,2.6585,306.8993,0.2733,PHASE_2_DRIVING,-51.81,-1.30,640.0,360.0,189.28,1899,2000
631,11:38:55.287,ROI,160,160,256,256,11.74,12.52,0.0,0.0,79.88,526.75,214.79,117.89,102.53,0.8754,13.8900,-47.8700,0.0000,0.0000,0.8342,0,-47.8700,310.4246,307.8932,2.7738,308.5640,0.2650,PHASE_2_DRIVING,-52.05,0.61,640.0,360.0,184.15,2000,1952
632,11:38:55.354,ROI,160,160,256,256,10.63,11.74,0.0,0.0,85.20,526.83,216.08,115.42,101.26,0.9548,13.3400,-45.1600,0.0000,0.0000,0.7518,0,-45.1600,312.9206,309.0784,2.8086,310.0872,0.2626,PHASE_2_DRIVING,-51.82,1.91,640.0,360.0,183.08,2000,1853
633,11:38:55.416,ROI,160,160,256,256,10.87,11.76,0.0,0.0,85.05,530.62,218.14,116.50,99.90,0.9002,13.7700,-39.7600,0.0000,0.0000,0.7948,0,-39.7600,316.0005,310.0490,2.8853,311.5808,0.2574,PHASE_2_DRIVING,-52.37,3.95,640.0,360.0,179.13,2000,1707
634,11:38:55.465,ROI,160,160,256,256,16.48,17.46,0.0,22.375,57.28,532.22,218.70,119.54,98.38,0.9588,13.7200,-32.1700,0.0000,0.0000,0.7598,0,-32.1700,319.9157,310.8819,2.9190,313.1870,0.2552,PHASE_2_DRIVING,-52.66,5.85,640.0,360.0,177.71,2000,1581
635,11:38:55.528,ROI,160,160,256,256,11.47,12.23,0.0,0.0,81.79,533.44,220.64,119.06,98.43,0.9424,14.9200,-31.6800,0.0000,0.0000,0.8448,0,-31.6800,323.5049,311.5546,2.9561,314.5753,0.2528,PHASE_2_DRIVING,-52.60,7.17,640.0,360.0,175.43,2000,1498
636,11:38:55.577,ROI,160,160,256,256,10.67,11.60,10.625,0.0,86.24,536.14,222.75,119.86,101.68,0.9171,14.2100,-32.3500,0.0000,0.0000,0.8223,0,-32.3500,326.5653,312.2567,3.0455,315.7936,0.2472,PHASE_2_DRIVING,-52.88,8.68,640.0,360.0,172.12,2000,1409
637,11:38:55.641,ROI,160,160,256,256,10.54,11.71,0.0,0.0,85.38,539.20,224.82,118.80,102.54,0.9132,14.3100,-36.4300,0.0000,0.0000,0.7862,0,-36.4300,327.9011,312.9995,3.1132,316.6223,0.2431,PHASE_2_DRIVING,-53.29,9.91,640.0,360.0,168.63,2000,1338
638,11:38:55.754,ROI,160,160,256,256,11.10,12.05,3.85,0.0,82.96,544.34,227.49,119.79,105.14,0.8730,14.4600,-38.3900,0.0000,0.0000,0.8074,0,-38.3900,328.7354,313.8771,3.2246,317.3941,0.2367,PHASE_2_DRIVING,-54.18,11.57,640.0,360.0,163.43,2000,1248
639,11:38:55.817,ROI,160,160,256,256,10.46,11.31,0.0,0.0,88.41,546.96,228.90,119.55,102.96,0.9320,14.5300,-36.6000,0.0000,0.0000,0.7600,0,-36.6000,329.4084,314.8318,3.2902,318.2294,0.2331,PHASE_2_DRIVING,-54.64,12.87,640.0,360.0,160.76,2000,1181
640,11:38:55.881,ROI,160,160,256,256,11.87,12.74,0.0,0.0,78.49,549.60,229.84,121.62,103.66,0.9403,15.0500,-36.9100,0.0000,0.0000,0.7998,0,-36.9100,329.8766,315.9653,3.3434,319.1681,0.2302,PHASE_2_DRIVING,-55.22,14.39,640.0,360.0,158.47,2000,1106
641,11:38:55.928,ROI,160,160,256,256,11.88,12.91,0.0,30.3,77.48,551.51,233.06,117.86,105.74,0.9118,14.7100,-40.2800,0.0000,0.0000,0.8147,0,-40.2800,329.2214,317.1990,3.3794,319.9442,0.2283,PHASE_2_DRIVING,-55.12,15.06,640.0,360.0,154.73,2000,1074
642,11:38:55.992,ROI,160,160,256,256,10.92,11.80,0.0,0.0,84.76,552.63,234.55,117.14,105.55,0.9541,14.5700,-46.1700,0.0000,0.0000,0.8307,0,-46.1700,327.0671,318.4519,3.3481,320.4333,0.2300,PHASE_2_DRIVING,-55.14,15.58,640.0,360.0,152.87,2000,1050
643,11:38:56.057,ROI,160,160,256,256,11.13,11.89,0.0,0.0,84.10,556.00,236.32,113.94,103.63,0.9126,14.0400,-42.5100,0.0000,0.0000,0.8445,0,-42.5100,325.7470,319.6807,3.3459,321.0766,0.2301,PHASE_2_DRIVING,-55.82,16.89,640.0,360.0,149.51,2000,990
644,11:38:56.169,ROI,160,160,256,256,10.78,11.82,0.0,0.0,84.62,559.42,241.01,111.50,108.51,0.8639,13.9400,-55.0900,0.0000,0.0000,0.7943,0,-55.0900,321.4596,320.9027,3.3941,321.0295,0.2276,PHASE_2_DRIVING,-55.90,16.93,640.0,360.0,143.71,2000,988
645,11:38:56.232,ROI,160,160,224,224,9.86,11.15,7.55,0.0,89.65,563.00,241.56,111.92,110.11,0.9247,16.8100,-55.7600,0.0000,0.0000,0.8472,0,-55.7600,317.5895,322.0878,3.3897,321.0630,0.2278,PHASE_2_DRIVING,-56.97,18.04,640.0,360.0,141.27,2000,940
646,11:38:56.281,ROI,160,160,224,224,9.42,10.23,0.0,0.0,97.77,564.26,243.14,110.73,112.38,0.9507,17.3100,-58.4200,0.0000,0.0000,0.8351,0,-58.4200,313.6108,323.1932,3.3580,320.9944,0.2295,PHASE_2_DRIVING,-57.05,18.05,640.0,360.0,139.26,2000,939
647,11:38:56.345,ROI,160,160,256,256,10.39,11.10,0.0,0.0,90.13,565.92,245.35,107.49,108.91,0.9322,13.7800,-56.2100,0.0000,0.0000,0.8554,0,-56.2100,309.5580,324.1697,3.2799,320.7557,0.2336,PHASE_2_DRIVING,-57.13,17.89,640.0,360.0,136.50,2000,946
648,11:38:56.408,ROI,160,160,224,224,9.76,10.61,0.0,0.0,94.28,567.53,246.78,108.11,111.85,0.9453,16.9400,-56.7800,0.0000,0.0000,0.8341,0,-56.7800,306.0538,324.9050,3.2591,320.4789,0.2348,PHASE_2_DRIVING,-57.38,17.86,640.0,360.0,134.43,2000,947
649,11:38:56.458,ROI,160,160,224,224,10.98,11.78,0.0,0.0,84.86,570.01,248.84,107.60,112.91,0.9214,16.9500,-58.4000,0.0000,0.0000,0.8323,0,-58.4000,302.6157,325.3318,3.2784,320.0224,0.2337,PHASE_2_DRIVING,-57.80,17.83,640.0,360.0,131.36,2000,949
650,11:38:56.584,ROI,160,160,256,256,8.12,8.81,0.0,0.0,113.55,572.02,251.20,102.43,111.52,0.9134,14.3400,-62.5700,0.0000,0.0000,0.8031,0,-62.5700,298.8100,325.3745,3.2541,319.1301,0.2351,PHASE_2_DRIVING,-58.00,17.13,640.0,360.0,128.29,2000,979
651,11:38:56.632,ROI,160,160,224,224,8.12,8.80,0.0,0.0,113.69,572.88,253.18,101.40,115.79,0.9473,19.3000,-64.9000,0.0000,0.0000,0.8629,0,-64.9000,295.4328,325.0895,3.2293,318.0773,0.2364,PHASE_2_DRIVING,-57.86,15.93,640.0,360.0,126.15,2000,1033
652,11:38:56.698,ROI,160,160,256,256,8.32,9.44,0.0,41.425,105.97,574.82,255.05,97.17,112.70,0.9276,15.7400,-66.4200,0.0000,0.0000,0.8032,0,-66.4200,293.0289,324.5512,3.1701,316.9920,0.2398,PHASE_2_DRIVING,-58.16,15.15,640.0,360.0,123.55,2000,1070
653,11:38:56.760,ROI,160,160,256,256,8.71,9.47,0.0,0.0,105.60,574.91,256.02,97.04,113.98,0.9810,15.4700,-69.0000,0.0000,0.0000,0.8041,0,-69.0000,290.7522,323.6500,3.0512,315.5294,0.2468,PHASE_2_DRIVING,-57.95,13.48,640.0,360.0,122.67,2000,1150
654,11:38:56.808,ROI,160,160,256,256,8.65,9.39,0.0,41.625,106.52,575.18,257.70,94.88,115.25,0.9500,14.5900,-70.7900,0.0000,0.0000,0.8357,0,-70.7900,288.6895,322.3692,2.9117,313.7592,0.2556,PHASE_2_DRIVING,-57.64,11.40,640.0,360.0,121.11,2000,1257
655,11:38:56.872,ROI,160,160,256,256,8.45,9.38,7.175,0.0,106.66,575.66,259.18,93.86,115.68,0.9643,15.0300,-72.4200,0.0000,0.0000,0.8625,0,-72.4200,286.5142,320.7059,2.7623,311.6178,0.2658,PHASE_2_DRIVING,-57.45,9.07,640.0,360.0,119.61,2000,1386
656,11:38:56.937,ROI,160,160,256,256,8.27,8.92,0.0,0.0,112.07,577.51,260.39,93.49,112.62,0.9362,14.7300,-72.5300,0.0000,0.0000,0.8471,0,-72.5300,284.7299,318.9080,2.6586,309.5662,0.2733,PHASE_2_DRIVING,-57.90,7.46,640.0,360.0,117.59,2000,1480
657,11:38:56.984,ROI,160,160,256,256,8.26,9.00,0.0,0.0,111.10,578.52,264.06,95.42,116.06,0.9183,15.6700,-72.4200,0.0000,0.0000,0.8686,0,-72.4200,283.7661,316.9171,2.5747,307.6433,0.2797,PHASE_2_DRIVING,-57.35,4.99,640.0,360.0,113.95,2000,1637
658,11:38:57.097,ROI,160,160,256,256,8.62,9.41,3.75,0.0,106.26,580.59,269.68,96.80,117.95,0.8717,16.3600,-74.4200,0.0000,0.0000,0.8977,0,-74.4200,282.9868,314.7474,2.5421,305.7807,0.2823,PHASE_2_DRIVING,-56.67,2.45,640.0,360.0,108.11,2000,1813
659,11:38:57.161,ROI,160,160,256,256,8.07,8.72,0.0,0.0,114.71,580.86,270.65,97.01,118.56,0.9783,15.3400,-72.4100,0.0000,0.0000,0.8559,0,-72.4100,282.9026,312.3390,2.4981,303.9241,0.2859,PHASE_2_DRIVING,-56.50,0.43,640.0,360.0,107.15,2000,1966
660,11:38:57.225,ROI,160,160,256,256,8.78,9.66,0.0,0.0,103.56,582.37,275.57,98.21,122.66,0.8945,15.3100,-73.1700,0.0000,0.0000,0.8548,0,-73.1700,282.5721,309.5464,2.4836,301.8032,0.2871,PHASE_2_DRIVING,-55.68,-2.51,640.0,360.0,102.23,1809,2000
661,11:38:57.273,ROI,160,160,256,256,10.33,10.99,0.0,0.0,90.99,583.47,277.16,96.69,122.80,0.9528,15.9700,-75.9600,0.0000,0.0000,0.8860,0,-75.9600,282.5509,306.5845,2.4713,299.6611,0.2881,PHASE_2_DRIVING,-55.69,-4.65,640.0,360.0,100.29,1660,2000
662,11:38:57.337,ROI,160,160,256,256,10.05,11.10,0.0,35.175,90.06,585.18,282.49,96.93,124.13,0.8868,16.3300,-75.5800,0.0000,0.0000,0.8957,0,-75.5800,281.7965,303.4062,2.5725,297.3572,0.2799,PHASE_2_DRIVING,-54.73,-7.91,640.0,360.0,94.94,1453,2000
663,11:38:57.400,ROI,160,160,256,256,8.98,9.62,0.0,0.0,103.92,586.94,283.23,95.18,121.02,0.9401,17.1400,-75.8000,0.0000,0.0000,0.9200,0,-75.8000,281.2821,300.4768,2.6463,295.2126,0.2743,PHASE_2_DRIVING,-55.35,-9.44,640.0,360.0,93.32,1365,2000
664,11:38:57.448,ROI,160,160,256,256,7.82,8.56,0.0,45.625,116.82,587.60,286.92,97.17,123.79,0.9226,18.6900,-74.4200,0.0000,0.0000,0.9342,0,-74.4200,281.1062,297.7321,2.7242,293.2678,0.2685,PHASE_2_DRIVING,-54.36,-12.37,640.0,360.0,89.92,1206,2000
665,11:38:57.577,ROI,160,160,256,256,9.45,10.20,0.0,0.0,98.07,588.76,290.99,95.44,121.54,0.9140,17.5800,-75.2500,0.0000,0.0000,0.9233,0,-75.2500,281.2867,295.1818,2.8280,291.5519,0.2612,PHASE_2_DRIVING,-53.41,-15.04,640.0,360.0,85.95,1075,2000
666,11:38:57.624,ROI,160,160,256,256,8.16,8.79,0.0,0.0,113.74,589.46,294.21,95.86,119.76,0.9348,18.0900,-74.6800,0.0000,0.0000,0.9420,0,-74.6800,281.8545,292.8364,2.9234,290.0373,0.2549,PHASE_2_DRIVING,-52.47,-17.50,640.0,360.0,82.97,963,2000
667,11:38:57.690,ROI,160,160,256,256,7.76,8.62,6.9,0.0,116.01,589.22,295.38,97.12,115.18,0.9497,16.2100,-74.3700,0.0000,0.0000,0.9167,0,-74.3700,282.6198,290.7677,2.9859,288.7235,0.2509,PHASE_2_DRIVING,-51.84,-19.43,640.0,360.0,82.19,880,2000
668,11:38:57.752,ROI,160,160,256,256,7.67,8.33,0.0,0.0,120.10,589.96,298.47,97.06,116.32,0.9340,17.0600,-74.0500,0.0000,0.0000,0.9180,0,-74.0500,283.2675,288.9810,3.0581,287.5731,0.2464,PHASE_2_DRIVING,-50.88,-21.55,640.0,360.0,79.31,795,2000
669,11:38:57.802,ROI,160,160,256,256,8.21,9.00,0.0,43.4,111.06,590.30,300.88,99.17,120.37,0.9397,17.9200,-74.5700,0.0000,0.0000,0.9169,0,-74.5700,283.7512,287.4462,3.1106,286.5473,0.2433,PHASE_2_DRIVING,-49.95,-23.51,640.0,360.0,77.24,721,2000
670,11:38:57.865,ROI,160,160,256,256,8.90,9.56,0.0,40.9,104.56,592.75,304.13,102.11,120.03,0.9034,15.2300,-72.9600,0.0000,0.0000,0.8858,0,-72.9600,284.5653,286.3484,3.1743,285.9213,0.2396,PHASE_2_DRIVING,-49.78,-24.30,640.0,360.0,73.17,692,2000
671,11:38:57.911,ROI,160,160,256,256,8.09,8.85,0.0,0.0,113.00,593.25,306.13,102.91,121.28,0.9582,17.1000,-70.5900,0.0000,0.0000,0.8907,0,-70.5900,285.6925,285.5884,3.1848,285.6133,0.2390,PHASE_2_DRIVING,-49.05,-25.34,640.0,360.0,71.33,655,2000
672,11:38:58.041,ROI,160,160,256,256,9.41,10.09,0.0,38.8,99.13,595.27,310.26,106.26,119.55,0.8996,16.6100,-69.4700,0.0000,0.0000,0.8661,0,-69.4700,286.8779,285.1086,3.1981,285.5301,0.2382,PHASE_2_DRIVING,-48.04,-26.43,640.0,360.0,66.90,617,2000
673,11:38:58.088,ROI,160,160,256,256,8.41,9.20,0.0,42.475,108.73,597.37,312.16,106.70,116.40,0.9315,15.8400,-66.5000,0.0000,0.0000,0.8217,0,-66.5000,288.4670,284.9266,3.1695,285.7757,0.2398,PHASE_2_DRIVING,-48.29,-25.93,640.0,360.0,64.08,634,2000
674,11:38:58.153,ROI,160,160,256,256,8.69,9.37,7.025,0.0,106.69,597.88,313.94,105.60,117.06,0.9602,17.2100,-65.9600,0.0000,0.0000,0.8648,0,-65.9600,290.0505,285.1502,3.0900,286.3483,0.2445,PHASE_2_DRIVING,-47.56,-26.09,640.0,360.0,62.42,628,2000
675,11:38:58.217,ROI,160,160,256,256,8.08,8.85,0.0,0.0,112.97,599.62,316.82,109.18,115.38,0.9212,16.0600,-61.8300,0.0000,0.0000,0.8503,0,-61.8300,292.3763,285.7159,3.0251,287.3706,0.2484,PHASE_2_DRIVING,-46.92,-25.71,640.0,360.0,59.11,642,2000
676,11:38:58.266,ROI,160,160,256,256,8.16,8.95,0.0,0.0,111.78,601.75,317.90,112.02,112.37,0.9379,15.7800,-59.1100,0.0000,0.0000,0.8380,0,-59.1100,294.8508,286.6435,2.9918,288.6995,0.2505,PHASE_2_DRIVING,-47.74,-23.56,640.0,360.0,56.88,719,2000
677,11:38:58.329,ROI,160,160,256,256,8.91,9.67,0.0,0.0,103.47,601.66,320.55,114.29,116.35,0.9359,15.7800,-57.7300,0.0000,0.0000,0.8599,0,-57.7300,297.5625,287.7400,2.9128,290.2504,0.2556,PHASE_2_DRIVING,-45.81,-23.94,640.0,360.0,55.01,705,2000
678,11:38:58.393,ROI,160,160,256,256,8.15,8.81,7.225,0.0,113.46,603.93,321.78,116.16,110.99,0.9182,15.7300,-50.6500,0.0000,0.0000,0.8253,0,-50.6500,301.3813,288.9419,2.8582,292.1660,0.2592,PHASE_2_DRIVING,-46.66,-21.17,640.0,360.0,52.56,757,1870
679,11:38:58.439,ROI,160,160,256,256,8.17,9.35,10.275,0.0,106.93,603.67,324.10,120.78,114.19,0.9230,14.8900,-51.1100,0.0000,0.0000,0.7875,0,-51.1100,304.4009,290.1947,2.7722,293.9607,0.2651,PHASE_2_DRIVING,-44.66,-21.38,640.0,360.0,51.07,731,1823
680,11:38:58.553,ROI,160,160,256,256,8.75,9.41,0.0,0.0,106.30,606.98,328.70,126.00,117.78,0.8766,15.2200,-42.0600,0.0000,0.0000,0.8255,0,-42.0600,308.8791,291.4458,2.7877,296.0484,0.2640,PHASE_2_DRIVING,-43.47,-20.48,640.0,360.0,45.49,671,1603
681,11:38:58.617,ROI,160,160,256,256,8.22,8.96,0.0,43.6,111.59,608.80,333.10,127.68,123.14,0.9039,13.9200,-38.4900,0.0000,0.0000,0.8228,0,-38.4900,313.4754,292.9046,2.8103,298.3034,0.2624,PHASE_2_DRIVING,-40.76,-20.93,640.0,360.0,41.19,599,1461
682,11:38:58.681,ROI,160,160,256,256,8.15,8.80,0.0,44.425,113.66,610.83,333.53,129.12,120.35,0.9474,16.0100,-36.1700,0.0000,0.0000,0.8163,0,-36.1700,318.0454,294.5487,2.8157,300.7066,0.2621,PHASE_2_DRIVING,-42.23,-17.07,640.0,360.0,39.39,649,1321
683,11:38:58.729,ROI,160,160,288,288,8.88,9.64,0.0,40.55,103.78,614.45,337.36,136.44,122.71,0.8896,15.0600,-35.0300,0.0000,0.0000,0.7782,0,-35.0300,322.0855,296.3495,2.8865,302.9714,0.2573,PHASE_2_DRIVING,-41.54,-15.48,640.0,360.0,34.14,589,1118
684,11:38:58.793,ROI,160,160,288,288,12.23,13.09,0.0,0.0,76.41,614.63,337.88,134.55,125.05,0.9679,15.4100,-35.6100,0.0000,0.0000,0.7800,0,-35.6100,325.3646,298.1705,2.9212,305.1057,0.2550,PHASE_2_DRIVING,-41.08,-13.81,640.0,360.0,33.66,609,1074
685,11:38:58.856,ROI,160,160,288,288,8.00,8.85,7.85,0.0,112.99,617.37,338.96,139.32,124.42,0.9447,15.2000,-31.6500,0.0000,0.0000,0.8198,0,-31.6500,328.8032,300.0701,2.9122,307.4146,0.2556,PHASE_2_DRIVING,-42.91,-9.68,640.0,360.0,30.90,623,922
686,11:38:58.968,ROI,160,160,288,288,8.90,9.66,0.0,0.0,103.55,620.82,339.08,141.07,121.14,0.9276,14.4700,-30.5600,0.0000,0.0000,0.8022,0,-30.5600,331.7509,302.1469,2.8932,309.7509,0.2569,PHASE_2_DRIVING,-47.48,-2.77,640.0,360.0,28.38,670,749
687,11:38:59.033,ROI,160,160,288,288,8.22,8.98,7.075,0.0,111.32,622.65,338.73,141.39,119.92,0.9647,14.6300,-29.2400,0.0000,0.0000,0.7974,0,-29.2400,334.1481,304.3662,2.8297,312.1427,0.2611,PHASE_2_DRIVING,-50.79,2.93,640.0,360.0,27.45,727,646
688,11:38:59.079,ROI,160,160,288,288,8.83,9.57,0.0,0.0,104.49,623.01,340.36,139.50,123.14,0.9609,14.9400,-30.1800,0.0000,0.0000,0.7606,0,-30.1800,335.7365,306.7049,2.7745,314.3964,0.2649,PHASE_2_DRIVING,-49.14,3.53,640.0,360.0,25.97,695,603
689,11:38:59.144,ROI,160,160,288,288,10.00,10.79,7.075,36.25,92.72,624.17,340.27,138.13,118.01,0.9426,14.8300,-29.2600,0.0000,0.0000,0.7681,0,-29.2600,337.0261,309.1269,2.6741,316.7204,0.2722,PHASE_2_DRIVING,-51.26,7.98,640.0,360.0,25.30,733,531
690,11:38:59.192,ROI,160,160,288,288,8.50,9.20,0.0,0.0,108.73,625.04,340.38,139.50,119.36,0.9763,14.7200,-29.0000,0.0000,0.0000,0.7613,0,-29.0000,337.7682,311.5600,2.5809,318.8790,0.2793,PHASE_2_DRIVING,-52.69,11.56,640.0,360.0,24.67,759,474
691,11:38:59.256,ROI,160,160,288,288,8.25,8.93,0.0,43.825,111.94,625.83,340.02,139.57,120.13,0.9825,14.5700,-27.8800,0.0000,0.0000,0.7436,0,-27.8800,338.3595,314.1203,2.4652,321.1153,0.2886,PHASE_2_DRIVING,-54.65,15.77,640.0,360.0,24.50,806,419
692,11:38:59.368,ROI,160,160,288,288,7.83,8.74,0.0,44.725,114.46,628.01,339.48,140.35,118.39,0.9555,13.9800,-27.8600,0.0000,0.0000,0.7474,0,-27.8600,338.3374,316.9442,2.3267,323.3749,0.3006,PHASE_2_DRIVING,-59.70,23.07,640.0,360.0,23.77,868,320
693,11:38:59.433,ROI,160,160,288,288,7.82,8.59,0.0,45.6,116.38,629.96,341.34,142.15,122.56,0.9398,15.1900,-29.7100,0.0000,0.0000,0.8129,0,-29.7100,337.7271,319.9392,2.2240,325.4565,0.3102,PHASE_2_DRIVING,-61.72,27.18,640.0,360.0,21.19,818,242
694,11:38:59.497,ROI,160,160,288,288,8.37,9.22,0.0,0.0,108.41,632.10,342.55,141.70,123.21,0.9518,14.7300,-30.3000,0.0000,0.0000,0.7851,0,-30.3000,336.7348,323.2630,2.1379,327.5562,0.3187,PHASE_2_DRIVING,-65.63,33.19,640.0,360.0,19.16,797,161
695,11:38:59.544,ROI,160,160,288,288,9.83,10.52,20.275,0.0,95.01,632.85,342.45,140.26,121.88,0.9787,15.9700,-29.9300,0.0000,0.0000,0.8322,0,-29.9300,335.4661,326.7402,2.0169,329.6325,0.3315,PHASE_2_DRIVING,-67.82,37.45,640.0,360.0,18.95,829,119
696,11:38:59.610,ROI,160,160,288,288,9.74,10.49,0.0,0.0,95.33,633.89,342.58,140.80,121.88,0.9832,16.0200,-30.2200,0.0000,0.0000,0.8381,0,-30.2200,334.4370,330.5551,1.8946,331.8962,0.3455,PHASE_2_DRIVING,-70.68,42.57,640.0,360.0,18.46,855,69
697,11:38:59.673,ROI,160,160,288,288,9.01,9.85,0.0,0.0,101.49,635.41,344.11,139.23,121.50,0.9544,16.6300,-31.8100,0.0000,0.0000,0.8615,0,-31.8100,332.6729,334.4584,1.7577,333.8109,0.3626,PHASE_2_DRIVING,-73.90,47.71,640.0,360.0,16.54,808,19
698,11:38:59.721,ROI,160,160,288,288,11.54,12.33,10.425,31.675,81.08,635.61,344.90,137.81,123.26,0.9758,16.7100,-32.8800,0.0000,0.0000,0.8239,0,-32.8800,331.3567,338.1237,1.6513,335.5713,0.3772,PHASE_2_DRIVING,-73.80,49.37,640.0,360.0,15.72,781,5
699,11:38:59.834,ROI,160,160,288,288,10.96,11.80,0.0,0.0,84.72,636.94,345.57,137.43,122.72,0.9704,17.0000,-36.0800,0.0000,0.0000,0.8152,0,-36.0800,329.6212,341.1733,1.5673,336.6735,0.3895,PHASE_2_DRIVING,-78.05,54.72,640.0,360.0,14.75,773,-35
700,11:38:59.897,ROI,160,160,288,288,15.90,16.82,0.0,0.0,59.45,639.01,346.58,137.90,126.49,0.9420,16.4900,-40.2100,0.0000,0.0000,0.8386,0,-40.2100,327.2559,343.7036,1.5004,337.1255,0.3999,PHASE_2_DRIVING,-85.76,62.89,640.0,360.0,13.45,759,-87
701,11:38:59.960,ROI,160,160,288,288,9.01,10.17,8.45,38.575,98.37,639.07,347.06,132.84,127.15,0.9563,16.8500,-43.2200,0.0000,0.0000,0.8668,0,-43.2200,324.4720,345.3664,1.4653,336.8911,0.4056,PHASE_2_DRIVING,-85.90,62.79,640.0,360.0,12.97,732,-83
702,11:39:00.009,ROI,160,160,288,288,14.09,14.91,0.0,0.0,67.07,641.84,348.24,135.36,128.09,0.9422,16.3700,-47.5200,0.0000,0.0000,0.8718,0,-47.5200,320.8873,346.0760,1.4368,335.7393,0.4104,PHASE_2_DRIVING,-98.91,74.65,640.0,360.0,11.90,742,-147
703,11:39:00.072,ROI,160,160,288,288,8.42,9.37,0.0,41.7,106.77,641.81,347.68,131.49,124.85,0.9468,16.6600,-47.1300,0.0000,0.0000,0.8706,0,-47.1300,318.0313,345.9792,1.4031,334.3493,0.4161,PHASE_2_DRIVING,-98.36,72.70,640.0,360.0,12.46,764,-141
704,11:39:00.138,ROI,160,160,288,288,8.54,9.44,6.925,0.0,105.91,642.85,348.12,133.22,126.94,0.9682,16.6100,-50.5900,0.0000,0.0000,0.8636,0,-50.5900,314.8599,345.3741,1.3994,332.6567,0.4168,PHASE_2_DRIVING,-103.50,76.16,640.0,360.0,12.22,771,-160
705,11:39:00.184,ROI,160,160,288,288,8.22,8.91,10.5,0.0,112.27,643.06,347.66,130.50,125.50,0.9685,17.4000,-51.5800,0.0000,0.0000,0.8727,0,-51.5800,311.9839,344.5675,1.3764,330.8561,0.4208,PHASE_2_DRIVING,-103.93,74.79,640.0,360.0,12.72,793,-158
706,11:39:00.314,ROI,160,160,288,288,7.77,8.63,0.0,0.0,115.94,645.50,349.90,132.41,128.27,0.9306,16.0500,-57.7300,0.0000,0.0000,0.8573,0,-57.7300,308.1365,343.1884,1.3830,328.4792,0.4196,PHASE_2_DRIVING,-118.57,87.05,640.0,360.0,11.50,788,-213
707,11:39:00.362,ROI,160,160,288,288,7.81,8.46,19.7,0.0,118.20,645.76,350.10,129.60,124.99,0.9538,16.3100,-55.6600,0.0000,0.0000,0.8259,0,-55.6600,305.2985,341.3764,1.3653,326.1237,0.4228,PHASE_2_DRIVING,-120.17,86.29,640.0,360.0,11.45,781,-208
708,11:39:00.425,ROI,160,160,288,288,12.39,13.21,7.2,0.0,75.70,645.65,349.23,126.99,124.52,0.9664,17.0900,-58.8200,0.0000,0.0000,0.8387,0,-58.8200,302.3057,339.3056,1.3067,323.2652,0.4335,PHASE_2_DRIVING,-117.66,80.93,640.0,360.0,12.16,796,-188
709,11:39:00.472,ROI,160,160,256,256,8.88,9.57,0.0,0.0,104.48,646.07,348.36,123.79,124.27,0.9615,18.5000,-57.4900,0.0000,0.0000,0.8488,0,-57.4900,300.2327,337.3263,1.2116,320.5542,0.4522,PHASE_2_DRIVING,-117.55,78.10,640.0,360.0,13.13,841,-184
710,11:39:00.537,ROI,160,160,256,256,8.72,9.49,0.0,41.175,105.37,645.46,350.77,120.32,128.90,0.9366,17.4600,-62.0100,0.0000,0.0000,0.8450,0,-62.0100,297.7563,335.3886,1.1146,317.5921,0.4729,PHASE_2_DRIVING,-120.58,78.17,640.0,360.0,10.72,687,-151
711,11:39:00.601,ROI,160,160,288,288,8.26,9.06,0.0,43.175,110.35,646.06,349.68,121.61,124.22,0.9539,16.6300,-61.3900,0.0000,0.0000,0.8194,0,-61.3900,295.8003,333.6469,1.0263,314.9688,0.4935,PHASE_2_DRIVING,-120.42,75.39,640.0,360.0,11.97,751,-152
712,11:39:00.649,ROI,160,160,256,256,8.23,8.87,0.0,44.05,112.70,646.24,351.56,118.16,128.62,0.9393,17.6200,-62.7400,0.0000,0.0000,0.8491,0,-62.7400,294.0582,331.8810,0.9670,312.6524,0.5084,PHASE_2_DRIVING,-126.48,79.13,640.0,360.0,10.50,678,-153
713,11:39:00.778,ROI,160,160,288,288,8.49,9.53,3.25,0.0,104.92,645.62,349.31,113.29,121.41,0.9050,15.1900,-64.1400,0.0000,0.0000,0.7849,0,-64.1400,292.6399,330.6314,0.8568,310.1711,0.5385,PHASE_2_DRIVING,-117.74,67.91,640.0,360.0,12.08,712,-108
714,11:39:00.825,ROI,160,160,256,256,10.35,11.19,10.15,0.0,89.39,647.75,352.14,114.22,129.74,0.9022,18.6700,-65.0400,0.0000,0.0000,0.8425,0,-65.0400,291.6053,329.8129,0.7925,308.4973,0.5579,PHASE_2_DRIVING,-134.59,83.09,640.0,360.0,11.04,735,-183
715,11:39:00.889,ROI,160,160,288,288,8.56,9.39,0.0,0.0,106.55,647.14,350.69,115.07,126.07,0.9617,16.3500,-65.8300,0.0000,0.0000,0.8250,0,-65.8300,290.8432,329.5570,0.7126,306.9520,0.5839,PHASE_2_DRIVING,-127.49,74.44,640.0,360.0,11.74,730,-143
