frame_id,timestamp,mode,input_width,input_height,roi_w,roi_h,inf_time_ms,end_to_end_time_ms,cpu_load_pct,end_to_end_cpu_load_pct,fps,x_center,y_center,width,height,iou_prev_bbox,group1_magnitude,group1_angle,group2_magnitude,group2_angle,best_conf,tracking_lost,raw_angle,model_angle_smooth,trajectory_angle_smooth,estimated_speed,fused_angle,fused_weight_x,pid_mode,target_angle,angle_error,target_x,target_y,distance_error,ble_speed_left,ble_speed_right,post_ph4_spin_elapsed_s,post_ph4_re_rfb_elapsed_s
2971,09:45:23.896,ROI,160,160,288,288,8.96,9.91,14.85,39.45,100.94,676.40,346.58,100.76,127.93,0.9684,11.5600,-92.0900,0.0000,0.0000,0.9201,0,-92.0900,-812.3063,-780.5434,0.0983,-809.4640,0.9105,SET_TARGET_MEASURING,-15.07,-74.39,551.2,199.0,0.00,0,0,,
2972,09:45:23.958,ROI,160,160,256,256,12.49,13.62,7.575,0.0,73.43,676.11,351.23,104.08,135.54,0.9022,14.7900,-89.7400,0.0000,0.0000,0.8941,0,-89.7400,-811.7570,-785.7969,0.0188,-811.2769,0.9815,SET_TARGET_MEASURING,-15.07,-76.21,551.2,199.0,0.00,0,0,,
2973,09:45:24.009,ROI,160,160,288,288,11.87,12.81,0.0,0.0,78.06,677.48,347.02,99.07,127.35,0.8928,14.7100,-90.1800,0.0000,0.0000,0.9413,0,-90.1800,-811.3705,-787.6652,0.0136,-811.0524,0.9866,SET_TARGET_MEASURING,-15.07,-75.98,551.2,199.0,0.00,0,0,,
2974,09:45:24.073,ROI,160,160,256,256,16.99,17.92,0.0,0.0,55.79,676.73,346.76,101.98,123.79,0.9451,14.1300,-90.6500,0.0000,0.0000,0.9221,0,-90.6500,-811.2967,-799.3291,0.0523,-810.7019,0.9503,SET_TARGET_MEASURING,-15.07,-75.63,551.2,199.0,0.00,0,0,,
2975,09:45:24.121,ROI,160,160,256,256,13.79,14.75,0.0,0.0,67.81,675.98,351.41,103.98,135.52,0.8959,14.9200,-89.7600,0.0000,0.0000,0.8926,0,-89.7600,-810.8868,-802.1999,0.0676,-810.3366,0.9367,SET_TARGET_MEASURING,-15.07,-75.27,551.2,199.0,0.00,0,0,,
2976,09:45:24.250,ROI,160,160,288,288,9.59,10.79,0.0,0.0,92.66,677.09,347.60,102.67,131.53,0.9249,13.3100,-89.7100,0.0000,0.0000,0.9332,0,-89.7100,-810.7239,-802.8062,0.0460,-810.3757,0.9560,SET_TARGET_MEASURING,-15.07,-75.31,551.2,199.0,0.00,0,0,,
2977,09:45:24.298,ROI,160,160,288,288,11.54,12.49,0.0,0.0,80.05,676.14,346.06,103.19,127.84,0.9544,12.7500,-93.8400,0.0000,0.0000,0.8968,0,-93.8400,-811.3959,-826.8715,0.0110,-811.5647,0.9891,SET_TARGET_MEASURING,-15.07,-76.49,551.2,199.0,0.00,0,0,,
2978,09:45:24.361,ROI,160,160,256,256,13.14,13.99,7.675,0.0,71.46,676.11,351.20,103.92,135.41,0.9185,14.9500,-89.8100,0.0000,0.0000,0.8955,0,-89.8100,-811.1609,-831.4841,0.0409,-811.9600,0.9607,SET_TARGET_MEASURING,-15.07,-76.89,551.2,199.0,0.00,0,0,,
2979,09:45:24.425,ROI,160,160,288,288,13.05,13.82,7.825,0.0,72.37,677.44,346.73,98.87,126.77,0.8888,14.8500,-90.2800,0.0000,0.0000,0.9417,0,-90.2800,-810.8464,-832.4585,0.0883,-812.5994,0.9189,SET_TARGET_MEASURING,-15.07,-77.53,551.2,199.0,0.00,0,0,,
2980,09:45:24.472,ROI,160,160,256,256,13.13,14.01,0.0,0.0,71.37,676.28,349.44,103.44,130.64,0.9167,14.9500,-90.0800,0.0000,0.0000,0.9102,0,-90.0800,-810.5374,-833.9880,0.1032,-812.7302,0.9065,SET_TARGET_MEASURING,-15.07,-77.66,551.2,199.0,0.00,0,0,,
2981,09:45:24.536,ROI,160,160,288,288,9.73,10.88,0.0,0.0,91.88,675.23,347.33,104.76,129.98,0.9490,12.3400,-90.3900,0.0000,0.0000,0.9168,0,-90.3900,-810.2478,-831.8847,0.1243,-812.6393,0.8895,SET_TARGET_MEASURING,-15.07,-77.57,551.2,199.0,0.00,0,0,,
2982,09:45:24.586,ROI,160,160,288,288,13.23,14.11,0.0,0.0,70.88,677.11,344.55,99.77,125.84,0.9122,11.5400,-92.4900,0.0000,0.0000,0.9065,0,-92.4900,-810.4564,-834.2006,0.0673,-811.9531,0.9370,SET_TARGET_MEASURING,-15.07,-76.88,551.2,199.0,0.00,0,0,,
2983,09:45:24.714,ROI,160,160,256,256,8.65,9.53,0.0,41.0,104.98,677.06,349.94,103.52,133.70,0.8874,16.3900,-90.4600,0.0000,0.0000,0.9098,0,-90.4600,-810.4333,-836.3415,0.0454,-811.5586,0.9566,SET_TARGET_MEASURING,-15.07,-76.49,551.2,199.0,0.00,0,0,,
2984,09:45:24.761,ROI,160,160,288,288,9.43,10.31,0.0,0.0,97.01,675.87,346.39,104.33,128.88,0.9265,12.7600,-92.6500,0.0000,0.0000,0.9104,0,-92.6500,-810.6819,-831.5055,0.0550,-811.7667,0.9479,SET_TARGET_MEASURING,-15.07,-76.70,551.2,199.0,0.00,0,0,,
2985,09:45:24.824,ROI,160,160,288,288,10.46,11.27,0.0,0.0,88.72,676.62,345.44,102.15,128.79,0.9650,11.5300,-91.8900,0.0000,0.0000,0.9200,0,-91.8900,-811.0308,-812.2227,0.0256,-811.0605,0.9751,SET_TARGET_MEASURING,-15.07,-75.99,551.2,199.0,0.00,0,0,,
2986,09:45:24.889,ROI,160,160,288,288,12.22,13.14,0.0,0.0,76.07,677.46,347.84,99.65,129.42,0.9403,13.9100,-91.4800,0.0000,0.0000,0.9318,0,-91.4800,-811.1931,-807.9590,0.0511,-811.0359,0.9514,SET_TARGET_MEASURING,-15.07,-75.97,551.2,199.0,0.00,0,0,,
2987,09:45:24.936,ROI,160,160,288,288,9.84,10.62,0.0,0.0,94.19,676.05,346.19,103.30,127.93,0.9408,12.4600,-94.2300,0.0000,0.0000,0.8957,0,-94.2300,-811.8706,-808.8907,0.0798,-811.6504,0.9261,SET_TARGET_MEASURING,-15.07,-76.58,551.2,199.0,0.00,0,0,,
2988,09:45:25.001,ROI,160,160,256,256,12.74,14.11,0.0,0.0,70.86,675.90,351.44,104.24,135.17,0.9150,14.7700,-89.8600,0.0000,0.0000,0.8972,0,-89.8600,-811.8430,-806.3403,0.0448,-811.6069,0.9571,SET_TARGET_MEASURING,-15.07,-76.54,551.2,199.0,0.00,0,0,,
2989,09:45:25.113,ROI,160,160,288,288,7.68,8.58,3.975,0.0,116.55,676.73,347.65,101.95,131.27,0.9242,13.6000,-89.6000,0.0000,0.0000,0.9312,0,-89.6000,-811.6496,-805.5943,0.0762,-811.2207,0.9292,SET_TARGET_MEASURING,-15.07,-76.15,551.2,199.0,0.00,0,0,,
2990,09:45:25.177,ROI,160,160,288,288,10.46,11.21,7.075,0.0,89.20,676.43,346.35,101.00,126.88,0.9575,12.3300,-92.3400,0.0000,0.0000,0.9244,0,-92.3400,-811.7997,-799.2331,0.0458,-811.2493,0.9562,SET_TARGET_MEASURING,-15.07,-76.18,551.2,199.0,0.00,0,0,,
2991,09:45:25.240,ROI,160,160,256,256,11.09,11.89,7.55,32.975,84.11,676.02,351.78,104.35,135.47,0.8912,14.8500,-89.8500,0.0000,0.0000,0.8954,0,-89.8500,-811.4434,-803.4226,0.0179,-811.3022,0.9824,SET_TARGET_MEASURING,-15.07,-76.23,551.2,199.0,0.00,0,0,,
2992,09:45:25.289,ROI,160,160,288,288,11.48,12.55,0.0,0.0,79.66,677.66,346.86,98.48,126.41,0.8756,14.9400,-89.8200,0.0000,0.0000,0.9473,0,-89.8200,-811.1389,-810.8133,0.0338,-811.1283,0.9673,SET_TARGET_MEASURING,-15.07,-76.06,551.2,199.0,0.00,0,0,,
2993,09:45:25.352,ROI,160,160,256,256,10.77,11.47,0.0,0.0,87.17,676.15,350.74,103.23,132.38,0.8987,14.7700,-90.1000,0.0000,0.0000,0.9128,0,-90.1000,-810.8075,-808.0283,0.0849,-810.5901,0.9218,SET_TARGET_MEASURING,-15.07,-75.52,551.2,199.0,0.00,0,0,,
2994,09:45:25.400,ROI,160,160,288,288,10.68,12.14,0.0,0.0,82.40,677.08,347.14,101.86,128.84,0.9297,13.4000,-90.4200,0.0000,0.0000,0.9249,0,-90.4200,-810.5300,-799.8212,0.0662,-809.8646,0.9379,SET_TARGET_MEASURING,-15.07,-74.79,551.2,199.0,0.00,0,0,,
2995,09:45:25.530,ROI,160,160,288,288,9.67,10.42,3.325,0.0,95.96,676.30,346.37,102.96,128.52,0.9733,12.0900,-94.3300,0.0000,0.0000,0.8965,0,-94.3300,-811.4992,-824.0507,0.0098,-811.6212,0.9903,SET_TARGET_MEASURING,-15.07,-76.55,551.2,199.0,0.00,0,0,,
2996,09:45:25.576,ROI,160,160,288,288,11.20,11.94,0.0,0.0,83.78,676.72,345.60,100.73,125.89,0.9583,11.8700,-91.3000,0.0000,0.0000,0.9384,0,-91.3000,-811.3919,-820.5966,0.0208,-811.5792,0.9796,SET_TARGET_MEASURING,-15.07,-76.51,551.2,199.0,0.00,0,0,,
2997,09:45:25.641,ROI,160,160,256,256,11.59,12.41,0.0,0.0,80.56,676.40,351.40,103.87,135.06,0.8875,15.9400,-89.8400,0.0000,0.0000,0.9009,0,-89.8400,-811.0119,-816.3046,0.0705,-811.3606,0.9341,SET_TARGET_MEASURING,-15.07,-76.29,551.2,199.0,0.00,0,0,,
2998,09:45:25.704,ROI,160,160,288,288,9.91,10.81,7.6,0.0,92.46,677.69,346.82,98.42,126.27,0.8835,14.9300,-89.8600,0.0000,0.0000,0.9469,0,-89.8600,-810.6214,-809.8639,0.0864,-810.5611,0.9205,SET_TARGET_MEASURING,-15.07,-75.49,551.2,199.0,0.00,0,0,,
2999,09:45:25.753,ROI,160,160,256,256,10.71,11.63,0.0,0.0,85.98,676.17,350.59,102.83,132.02,0.9031,14.7300,-90.0400,0.0000,0.0000,0.9128,0,-90.0400,-810.3061,-810.1981,0.1195,-810.2946,0.8932,SET_TARGET_MEASURING,-15.07,-75.22,551.2,199.0,0.00,0,0,,
3000,09:45:25.818,ROI,160,160,288,288,12.38,13.26,0.0,0.0,75.40,676.97,346.96,102.42,128.54,0.9314,13.3600,-90.5200,0.0000,0.0000,0.9204,0,-90.5200,-810.3285,-807.8778,0.0394,-810.2355,0.9621,SET_TARGET_MEASURING,-15.07,-75.17,551.2,199.0,0.00,0,0,,
3001,09:45:25.881,ROI,160,160,288,288,9.55,10.48,7.925,0.0,95.38,676.41,345.35,100.96,125.42,0.9611,12.6000,-91.4900,0.0000,0.0000,0.9391,0,-91.4900,-810.3584,-801.5974,0.0325,-810.0826,0.9685,SET_TARGET_MEASURING,-15.07,-75.01,551.2,199.0,0.00,0,0,,
3002,09:45:25.930,ROI,160,160,256,256,8.21,8.93,10.125,0.0,112.02,676.46,351.35,103.97,135.28,0.8858,15.8800,-89.6600,0.0000,0.0000,0.8984,0,-89.6600,-810.2391,-803.2969,0.0578,-809.8600,0.9454,SET_TARGET_MEASURING,-15.07,-74.79,551.2,199.0,0.00,0,0,,
3003,09:45:26.042,ROI,160,160,288,288,11.60,12.52,0.0,31.2,79.90,677.60,346.36,98.46,126.02,0.8774,14.7600,-89.9300,0.0000,0.0000,0.9465,0,-89.9300,-810.1430,-806.9100,0.0341,-810.0364,0.9670,SET_TARGET_MEASURING,-15.07,-74.97,551.2,199.0,0.00,0,0,,
3004,09:45:26.105,ROI,160,160,256,256,11.08,11.84,0.0,0.0,84.49,676.22,350.51,102.38,131.98,0.9019,15.1400,-89.9300,0.0000,0.0000,0.9144,0,-89.9300,-810.0357,-791.8382,0.0315,-809.4799,0.9695,SET_TARGET_MEASURING,-15.07,-74.41,551.2,199.0,0.00,0,0,,
3005,09:45:26.168,ROI,160,160,288,288,9.40,10.59,0.0,0.0,94.41,676.95,346.74,102.73,128.57,0.9307,13.4700,-90.5400,0.0000,0.0000,0.9203,0,-90.5400,-810.3861,-798.3847,0.0641,-809.6636,0.9398,SET_TARGET_MEASURING,-15.07,-74.59,551.2,199.0,0.00,0,0,,
3006,09:45:26.217,ROI,160,160,288,288,13.51,14.54,0.0,0.0,68.79,676.45,344.70,100.22,123.91,0.9403,12.2300,-91.3700,0.0000,0.0000,0.9419,0,-91.3700,-810.4855,-799.0169,0.0621,-809.8147,0.9415,SET_TARGET_MEASURING,-15.07,-74.74,551.2,199.0,0.00,0,0,,
3007,09:45:26.282,ROI,160,160,256,256,13.08,14.18,7.775,0.0,70.52,676.59,350.80,105.94,137.46,0.8529,16.4800,-90.7100,0.0000,0.0000,0.9131,0,-90.7100,-810.3944,-802.3787,0.0188,-810.2463,0.9815,SET_TARGET_MEASURING,-15.07,-75.18,551.2,199.0,0.00,0,0,,
3008,09:45:26.345,ROI,160,160,288,288,9.84,10.73,8.0,0.0,93.16,677.22,346.62,102.78,128.83,0.9093,13.7200,-90.3600,0.0000,0.0000,0.9190,0,-90.3600,-810.5167,-801.3842,0.0802,-809.8383,0.9257,SET_TARGET_MEASURING,-15.07,-74.77,551.2,199.0,0.00,0,0,,
3009,09:45:26.394,ROI,160,160,288,288,10.49,11.40,10.15,0.0,87.70,677.31,344.15,101.12,126.23,0.9466,11.8700,-92.8900,0.0000,0.0000,0.9149,0,-92.8900,-810.9149,-805.7100,0.0790,-810.5338,0.9268,SET_TARGET_MEASURING,-15.07,-75.46,551.2,199.0,0.00,0,0,,
3010,09:45:26.522,ROI,160,160,256,256,11.73,12.50,3.35,31.3,80.00,676.74,349.66,103.38,134.62,0.8990,16.3400,-90.2200,0.0000,0.0000,0.9172,0,-90.2200,-810.7099,-813.2097,0.0656,-810.8638,0.9384,SET_TARGET_MEASURING,-15.07,-75.79,551.2,199.0,0.00,0,0,,
3011,09:45:26.569,ROI,160,160,288,288,10.56,11.51,0.0,0.0,86.85,675.51,346.21,105.55,130.14,0.9279,11.1300,-91.5000,0.0000,0.0000,0.9002,0,-91.5000,-810.7911,-809.9881,0.0368,-810.7626,0.9645,SET_TARGET_MEASURING,-15.07,-75.69,551.2,199.0,0.00,0,0,,
3012,09:45:26.634,ROI,160,160,288,288,11.57,12.58,7.35,0.0,79.48,676.76,344.24,101.23,129.58,0.9308,11.3700,-91.2800,0.0000,0.0000,0.9229,0,-91.2800,-810.8381,-808.2752,0.1043,-810.5961,0.9056,SET_TARGET_MEASURING,-15.07,-75.53,551.2,199.0,0.00,0,0,,
3013,09:45:26.681,ROI,160,160,288,288,9.01,9.91,11.225,0.0,100.93,678.02,344.81,97.69,126.97,0.9455,13.6900,-91.5400,0.0000,0.0000,0.9388,0,-91.5400,-811.3578,-818.3174,0.1729,-812.3837,0.8526,SET_TARGET_MEASURING,-15.07,-77.31,551.2,199.0,0.00,0,0,,
3014,09:45:26.745,ROI,160,160,256,256,10.30,11.28,0.0,0.0,88.68,676.77,348.37,102.22,133.28,0.9049,16.2400,-90.2700,0.0000,0.0000,0.9230,0,-90.2700,-811.3298,-819.1587,0.1903,-812.5815,0.8401,SET_TARGET_MEASURING,-15.07,-77.51,551.2,199.0,0.00,0,0,,
3015,09:45:26.808,ROI,160,160,288,288,12.93,13.94,0.0,0.0,71.72,675.86,346.11,102.82,128.93,0.9495,12.4000,-90.3200,0.0000,0.0000,0.9303,0,-90.3200,-811.1678,-817.6676,0.1399,-811.9655,0.8773,SET_TARGET_MEASURING,-15.07,-76.90,551.2,199.0,0.00,0,0,,
3016,09:45:26.855,ROI,160,160,288,288,14.03,14.87,0.0,0.0,67.23,676.60,343.50,100.75,128.65,0.9413,10.9500,-91.6800,0.0000,0.0000,0.9116,0,-91.6800,-811.2781,-816.2753,0.2131,-812.1560,0.8243,SET_TARGET_MEASURING,-15.07,-77.09,676.6,347.6,0.00,0,0,,
3017,09:45:26.984,ROI,160,160,288,288,10.48,11.59,0.0,0.0,86.25,678.02,346.42,99.52,130.12,0.9298,13.6700,-90.8800,0.0000,0.0000,0.9315,0,-90.8800,-811.2126,-818.0511,0.1557,-812.1338,0.8653,SET_TARGET_DRIVE,-15.07,-77.06,676.6,347.6,0.00,0,0,,
3018,09:45:27.032,ROI,160,160,288,288,8.42,9.60,10.525,0.0,104.16,676.06,345.89,102.85,129.46,0.9544,12.8200,-90.0100,0.0000,0.0000,0.9064,0,-90.0100,-811.0077,-816.1800,0.1688,-811.7548,0.8556,SET_TARGET_DRIVE,-15.07,-76.68,676.6,347.6,0.00,0,0,,
3019,09:45:27.097,ROI,160,160,288,288,8.23,9.13,7.1,0.0,109.55,677.39,346.96,99.85,130.39,0.9552,12.7900,-92.2900,0.0000,0.0000,0.9243,0,-92.2900,-811.3862,-812.1809,0.1933,-811.5149,0.8380,SET_TARGET_DRIVE,-15.07,-76.44,676.6,347.6,0.00,0,0,,
3020,09:45:27.161,ROI,160,160,288,288,9.98,10.70,7.05,0.0,93.45,677.00,344.02,101.00,126.34,0.9447,11.4900,-93.2500,0.0000,0.0000,0.9131,0,-93.2500,-811.7438,-811.3933,0.1547,-811.6968,0.8660,SET_TARGET_DRIVE,-15.07,-76.63,676.6,347.6,0.00,0,0,,
3021,09:45:27.209,ROI,160,160,256,256,8.77,9.78,10.6,0.0,102.24,676.60,349.25,103.15,134.22,0.9037,15.9200,-90.3100,0.0000,0.0000,0.9190,0,-90.3100,-811.4667,-817.1073,0.1086,-812.0193,0.9020,SET_TARGET_DRIVE,-15.07,-76.95,676.6,347.6,0.00,0,0,,
3022,09:45:27.273,ROI,160,160,288,288,9.53,10.27,14.375,0.0,97.32,675.50,345.80,105.25,129.71,0.9299,11.5900,-91.1200,0.0000,0.0000,0.9119,0,-91.1200,-811.3487,-804.7546,0.0481,-811.0462,0.9541,SET_TARGET_DRIVE,-15.07,-75.98,676.6,347.6,0.00,0,0,,
3023,09:45:27.320,ROI,160,160,288,288,8.90,9.65,10.725,0.0,103.66,677.27,349.07,101.07,133.60,0.9151,14.3400,-91.7400,0.0000,0.0000,0.9474,0,-91.7400,-811.4044,-809.9537,0.0110,-811.3886,0.9891,SET_TARGET_DRIVE,-15.07,-76.32,676.6,347.6,0.00,0,0,,
3024,09:45:27.448,ROI,160,160,288,288,12.34,13.25,0.0,0.0,75.50,676.95,348.21,101.97,129.49,0.9610,11.1600,-93.5700,0.0000,0.0000,0.8984,0,-93.5700,-811.9060,-818.9379,0.0087,-811.9667,0.9914,SET_TARGET_DRIVE,-15.07,-76.90,676.6,347.6,0.00,0,0,,
3025,09:45:27.496,ROI,160,160,288,288,10.42,11.18,11.325,0.0,89.48,676.76,353.78,101.20,136.93,0.9132,14.9100,-91.4400,0.0000,0.0000,0.9302,0,-91.4400,-811.8596,-819.7243,0.2120,-813.2354,0.8251,SET_TARGET_DRIVE,-15.07,-78.17,676.6,347.6,0.00,0,0,,
3026,09:45:27.559,ROI,160,160,288,288,8.81,9.67,7.45,0.0,103.38,676.11,357.72,100.57,137.29,0.9324,14.9500,-91.5300,0.0000,0.0000,0.9317,0,-91.5300,-811.7799,-819.5085,0.3986,-813.9825,0.7150,SET_TARGET_DRIVE,-15.07,-78.91,676.6,347.6,0.00,0,0,,
3027,09:45:27.624,ROI,160,160,288,288,9.82,11.11,7.1,0.0,89.98,676.22,358.67,100.51,135.20,0.9827,12.7000,-90.2800,0.0000,0.0000,0.9243,0,-90.2800,-811.7050,-818.9411,0.5305,-814.2131,0.6534,SET_TARGET_DRIVE,-15.07,-79.14,676.6,347.6,0.00,0,0,,
3028,09:45:27.671,ROI,160,160,288,288,8.91,9.68,0.0,0.0,103.36,675.66,359.55,99.11,134.82,0.9734,13.5300,-90.8600,0.0000,0.0000,0.9368,0,-90.8600,-811.4980,-820.2961,0.7565,-815.2871,0.5693,SET_TARGET_DRIVE,-15.07,-80.22,676.6,347.6,0.00,0,0,,
3029,09:45:27.735,ROI,160,160,288,288,8.87,9.82,7.25,0.0,101.88,675.95,358.51,96.08,128.95,0.9273,12.1800,-91.4100,0.0000,0.0000,0.9467,0,-91.4100,-811.5344,-818.1950,0.8774,-814.6472,0.5327,SET_TARGET_DRIVE,-15.07,-79.58,676.6,347.6,0.00,0,0,,
3030,09:45:27.801,ROI,160,160,288,288,8.82,9.60,7.0,0.0,104.13,676.01,364.91,98.78,139.90,0.8844,15.4900,-91.4500,0.0000,0.0000,0.9335,0,-91.4500,-811.5563,-817.4472,1.0450,-814.5666,0.4890,SET_TARGET_DRIVE,-15.07,-79.50,676.6,347.6,0.00,0,0,,
3031,09:45:27.913,ROI,160,160,288,288,10.32,11.36,3.8,0.0,87.99,675.73,368.97,100.64,137.48,0.9264,14.7200,-91.9100,0.0000,0.0000,0.9372,0,-91.9100,-811.6981,-816.9940,1.2512,-814.6415,0.4442,SET_TARGET_DRIVE,-15.07,-79.57,676.6,347.6,0.00,0,0,,
3032,09:45:27.961,ROI,160,160,288,288,10.89,11.64,10.55,0.0,85.94,674.71,371.08,99.02,130.91,0.9331,14.9300,-92.3300,0.0000,0.0000,0.9378,0,-92.3300,-811.7784,-816.5656,1.5162,-814.6630,0.3974,SET_TARGET_DRIVE,-15.07,-79.59,676.6,347.6,0.00,0,0,,
3033,09:45:28.025,ROI,160,160,288,288,8.66,9.67,14.95,0.0,103.38,675.76,373.48,97.67,133.00,0.9442,13.7600,-91.0000,0.0000,0.0000,0.9262,0,-91.0000,-811.5558,-815.2273,1.7322,-813.8835,0.3660,SET_TARGET_DRIVE,-15.07,-78.81,676.6,347.6,0.00,0,0,,
3034,09:45:28.087,ROI,160,160,288,288,8.66,9.29,7.45,0.0,107.66,674.68,378.11,100.31,134.42,0.9092,14.8600,-92.4100,0.0000,0.0000,0.9227,0,-92.4100,-811.7610,-814.4845,1.9220,-813.5524,0.3422,SET_TARGET_DRIVE,-15.07,-78.48,676.6,347.6,0.00,0,0,,
3035,09:45:28.135,ROI,160,160,288,288,9.08,9.83,20.15,0.0,101.69,675.91,377.48,96.88,130.37,0.9366,13.7100,-89.7300,0.0000,0.0000,0.9424,0,-89.7300,-811.3160,-814.0009,2.0834,-813.1301,0.3243,SET_TARGET_DRIVE,-15.07,-78.06,676.6,347.6,0.00,0,0,,
3036,09:45:28.201,ROI,160,160,288,288,10.21,11.13,7.0,0.0,89.87,674.59,382.20,100.71,135.00,0.8964,14.6500,-93.7600,0.0000,0.0000,0.8841,0,-93.7600,-811.6193,-813.2517,2.2565,-812.7504,0.3071,SET_TARGET_DRIVE,-15.07,-77.68,676.6,347.6,0.00,0,0,,
3037,09:45:28.313,ROI,160,160,288,288,8.62,9.54,0.0,0.0,104.84,672.29,386.75,104.31,132.57,0.8948,15.0500,-94.8100,0.0000,0.0000,0.8874,0,-94.8100,-812.3251,-812.7342,2.4562,-812.6159,0.2893,SET_TARGET_DRIVE,-15.07,-77.55,676.6,347.6,0.00,0,0,,
3038,09:45:28.376,ROI,160,160,288,288,8.85,9.64,7.275,0.0,103.75,674.00,389.73,103.55,136.67,0.9266,13.8200,-91.4900,0.0000,0.0000,0.9190,0,-91.4900,-812.4138,-812.1317,2.5664,-812.2108,0.2804,SET_TARGET_DRIVE,-15.07,-77.14,676.6,347.6,0.00,0,0,,
3039,09:45:28.439,ROI,160,160,288,288,8.60,9.52,7.325,0.0,105.08,672.89,393.32,103.09,136.10,0.9291,12.6600,-91.5000,0.0000,0.0000,0.8981,0,-91.5000,-812.2088,-812.3092,2.7491,-812.2824,0.2667,SET_TARGET_DRIVE,-15.07,-77.21,676.6,347.6,0.00,0,0,,
3040,09:45:28.487,ROI,160,160,288,288,8.99,9.76,20.2,0.0,102.47,674.23,394.98,104.09,132.41,0.9485,11.2900,-90.4900,0.0000,0.0000,0.8987,0,-90.4900,-811.8661,-809.3617,2.8021,-810.0204,0.2630,SET_TARGET_DRIVE,-15.07,-74.95,676.6,347.6,0.00,0,0,,
3041,09:45:28.553,ROI,160,160,288,288,9.10,9.99,13.975,0.0,100.06,670.71,398.70,107.80,137.34,0.8864,14.3800,-93.8700,0.0000,0.0000,0.8667,0,-93.8700,-812.2953,-810.4269,2.8850,-810.9078,0.2574,SET_TARGET_DRIVE,-15.07,-75.84,676.6,347.6,0.00,0,0,,
3042,09:45:28.616,ROI,160,160,288,288,13.47,14.61,14.8,0.0,68.46,672.81,403.94,108.14,141.12,0.8932,13.5700,-94.0000,0.0000,0.0000,0.8887,0,-94.0000,-812.9170,-814.7282,2.9369,-814.2681,0.2540,SET_TARGET_DRIVE,-15.07,-79.20,676.6,347.6,0.00,0,0,,
3043,09:45:28.666,ROI,160,160,288,288,13.37,14.85,11.125,0.0,67.36,672.81,405.90,108.02,143.05,0.9717,12.1800,-93.7400,0.0000,0.0000,0.8852,0,-93.7400,-813.2412,-814.9480,3.0168,-814.5231,0.2490,SET_TARGET_DRIVE,-15.07,-79.45,676.6,347.6,0.00,0,0,,
3044,09:45:28.777,ROI,160,160,288,288,10.32,11.05,4.025,0.0,90.50,672.95,412.69,108.41,146.07,0.9071,14.6600,-94.3500,0.0000,0.0000,0.8874,0,-94.3500,-813.6600,-814.9754,3.1855,-814.6611,0.2389,SET_TARGET_DRIVE,-15.07,-79.59,676.6,347.6,0.00,0,0,,
3045,09:45:28.839,ROI,160,160,320,320,9.01,9.86,7.7,0.0,101.41,672.28,414.28,108.88,146.02,0.9665,12.5600,-96.9500,0.0000,0.0000,0.8864,0,-96.9500,-814.4226,-814.8454,3.2879,-814.7468,0.2332,SET_TARGET_DRIVE,-15.07,-79.68,676.6,347.6,0.00,0,0,,
3046,09:45:28.903,ROI,160,160,320,320,10.11,10.82,14.375,0.0,92.43,672.12,416.18,108.72,145.50,0.9714,12.8300,-96.8900,0.0000,0.0000,0.8793,0,-96.8900,-815.1203,-814.7630,3.3266,-814.8456,0.2311,SET_TARGET_DRIVE,-15.07,-79.78,676.6,347.6,0.00,0,0,,
3047,09:45:28.954,ROI,160,160,320,320,8.96,9.87,0.0,0.0,101.29,670.52,422.78,111.64,150.28,0.8891,13.6500,-98.4700,0.0000,0.0000,0.8780,0,-98.4700,-816.0967,-814.9133,3.3453,-815.1857,0.2301,SET_TARGET_DRIVE,-15.07,-80.12,676.6,347.6,0.00,0,0,,
3048,09:45:29.017,ROI,160,160,320,320,9.39,10.23,7.3,0.0,97.72,670.00,425.14,108.80,149.10,0.9446,13.1200,-96.8300,0.0000,0.0000,0.8878,0,-96.8300,-816.6181,-815.0747,3.3978,-815.4256,0.2274,SET_TARGET_DRIVE,-15.07,-80.36,676.6,347.6,0.00,0,0,,
3049,09:45:29.081,ROI,160,160,320,320,11.89,12.77,7.275,0.0,78.31,669.20,426.06,110.32,145.28,0.9606,12.6800,-95.9000,0.0000,0.0000,0.8650,0,-95.9000,-816.9058,-815.1565,3.4225,-815.5521,0.2261,SET_TARGET_DRIVE,-15.07,-80.48,676.6,347.6,0.00,0,0,,
3050,09:45:29.129,ROI,160,160,320,320,10.74,11.53,11.15,0.0,86.72,669.36,433.44,111.14,153.80,0.8994,13.7100,-94.3900,0.0000,0.0000,0.9026,0,-94.3900,-816.8611,-815.3139,3.5004,-815.6577,0.2222,SET_TARGET_DRIVE,-15.07,-80.59,676.6,347.6,0.00,0,0,,
3051,09:45:29.257,ROI,160,160,320,320,13.21,14.09,3.35,0.0,70.97,668.28,436.46,111.12,147.02,0.9379,13.5800,-94.9400,0.0000,0.0000,0.8930,0,-94.9400,-816.7451,-815.4916,3.5487,-815.7672,0.2198,SET_TARGET_DRIVE,-15.07,-80.70,676.6,347.6,0.00,0,0,,
3052,09:45:29.305,ROI,160,160,320,320,9.84,10.65,11.525,0.0,93.90,669.18,434.22,107.74,139.90,0.9226,14.7200,-95.4700,0.0000,0.0000,0.9264,0,-95.4700,-816.8251,-815.6977,3.5180,-815.9472,0.2213,SET_TARGET_DRIVE,-15.07,-80.88,676.6,347.6,0.00,0,0,,
3053,09:45:29.369,ROI,160,160,288,288,14.48,15.50,7.225,0.0,64.53,670.93,439.89,106.81,145.17,0.8952,16.6200,-92.8900,0.0000,0.0000,0.9429,0,-92.8900,-816.0256,-815.5590,3.4523,-815.6638,0.2246,SET_TARGET_DRIVE,-15.07,-80.59,676.6,347.6,0.00,0,0,,
3054,09:45:29.433,ROI,160,160,320,320,11.25,12.30,8.175,0.0,81.32,671.38,445.92,107.36,149.54,0.9138,14.2400,-94.0200,0.0000,0.0000,0.9279,0,-94.0200,-815.8496,-815.2533,3.4575,-815.3871,0.2243,SET_TARGET_DRIVE,-15.07,-80.32,676.6,347.6,0.00,0,0,,
3055,09:45:29.481,ROI,160,160,320,320,11.33,12.14,10.825,0.0,82.40,672.60,447.12,105.80,144.96,0.9475,12.8600,-94.2300,0.0000,0.0000,0.9327,0,-94.2300,-815.8288,-814.8843,3.4434,-815.0969,0.2251,SET_TARGET_DRIVE,-15.07,-80.03,676.6,347.6,0.00,0,0,,
3056,09:45:29.545,ROI,160,160,320,320,13.47,14.54,7.525,0.0,68.76,672.92,448.56,107.64,141.68,0.9610,12.2500,-94.5000,0.0000,0.0000,0.9258,0,-94.5000,-815.5046,-814.2713,3.3870,-814.5524,0.2279,SET_TARGET_DRIVE,-15.07,-79.48,676.6,347.6,0.00,0,0,,
3057,09:45:29.609,ROI,160,160,288,288,9.81,11.04,0.0,0.0,90.58,671.17,451.49,104.87,147.62,0.9298,16.5300,-94.9200,0.0000,0.0000,0.9274,0,-94.9200,-815.2146,-813.6412,3.3338,-814.0043,0.2307,SET_TARGET_DRIVE,-15.07,-78.93,676.6,347.6,0.00,0,0,,
3058,09:45:29.657,ROI,160,160,320,320,12.28,13.23,10.6,0.0,75.61,672.82,457.76,109.58,155.38,0.8815,15.8400,-94.5700,0.0000,0.0000,0.9400,0,-94.5700,-814.6807,-812.7904,3.3024,-813.2298,0.2324,SET_TARGET_DRIVE,-15.07,-78.16,676.6,347.6,0.00,0,0,,
3059,09:45:29.769,ROI,160,160,320,320,9.97,10.82,3.95,0.0,92.40,671.68,459.14,111.76,149.50,0.9432,15.0200,-94.0800,0.0000,0.0000,0.9162,0,-94.0800,-814.3505,-812.1012,3.2401,-812.6317,0.2358,SET_TARGET_DRIVE,-15.07,-77.56,676.6,347.6,0.00,0,0,,
3060,09:45:29.833,ROI,160,160,320,320,14.66,15.91,7.325,0.0,62.84,671.38,463.46,113.76,155.94,0.9285,15.5600,-94.1700,0.0000,0.0000,0.9183,0,-94.1700,-814.0495,-811.3676,3.2315,-812.0014,0.2363,SET_TARGET_DRIVE,-15.07,-76.93,676.6,347.6,0.00,0,0,,
3061,09:45:29.898,ROI,160,160,320,320,17.01,17.99,8.05,0.0,55.59,670.50,467.38,114.50,156.66,0.9368,16.2000,-91.8100,0.0000,0.0000,0.9276,0,-91.8100,-813.2336,-810.6267,3.2074,-811.2463,0.2377,SET_TARGET_DRIVE,-15.07,-76.18,676.6,347.6,0.00,0,0,,
3062,09:45:29.945,ROI,160,160,320,320,10.71,11.73,0.0,0.0,85.27,669.24,467.90,115.92,154.82,0.9671,15.6800,-93.4500,0.0000,0.0000,0.9350,0,-93.4500,-812.8550,-809.9243,3.1986,-810.6223,0.2382,SET_TARGET_DRIVE,-15.07,-75.55,676.6,347.6,0.00,0,0,,
3063,09:45:30.008,ROI,160,160,320,320,13.41,14.38,0.0,0.0,69.56,669.86,474.16,117.66,157.76,0.9097,16.9200,-95.9300,0.0000,0.0000,0.9191,0,-95.9300,-813.2887,-809.2572,3.2170,-810.2132,0.2371,SET_TARGET_DRIVE,-15.07,-75.14,676.6,347.6,0.00,0,0,,
3064,09:45:30.072,ROI,160,160,320,320,11.16,12.13,7.875,0.0,82.44,668.66,478.62,120.54,159.84,0.9232,15.5500,-97.3000,0.0000,0.0000,0.8861,0,-97.3000,-814.0140,-808.7162,3.2270,-809.9695,0.2366,SET_TARGET_DRIVE,-15.07,-74.90,676.6,347.6,0.00,0,0,,
3065,09:45:30.120,ROI,160,160,320,320,11.67,12.74,21.65,0.0,78.48,669.20,484.44,118.58,162.24,0.9157,15.9700,-95.1000,0.0000,0.0000,0.8987,0,-95.1000,-814.4574,-808.3847,3.3397,-809.7841,0.2304,SET_TARGET_DRIVE,-15.07,-74.71,676.6,347.6,0.00,0,0,,
3066,09:45:30.250,ROI,160,160,352,352,10.59,11.42,3.35,0.0,87.58,669.97,486.55,116.82,162.62,0.9601,14.9800,-93.0400,0.0000,0.0000,0.9361,0,-93.0400,-814.3561,-808.2231,3.4085,-809.6143,0.2268,SET_TARGET_DRIVE,-15.07,-74.54,676.6,347.6,0.00,0,0,,
3067,09:45:30.297,ROI,160,160,352,352,10.76,11.66,0.0,0.0,85.80,669.22,488.40,116.51,162.78,0.9652,15.2500,-95.1300,0.0000,0.0000,0.9298,0,-95.1300,-814.6457,-808.3452,3.4015,-809.7766,0.2272,SET_TARGET_DRIVE,-15.07,-74.71,676.6,347.6,0.00,0,0,,
3068,09:45:30.360,ROI,160,160,352,352,7.75,8.51,7.55,0.0,117.53,667.92,490.42,115.28,162.51,0.9541,15.6100,-94.4900,0.0000,0.0000,0.9258,0,-94.4900,-814.6500,-808.8026,3.4472,-810.1175,0.2249,SET_TARGET_DRIVE,-15.07,-75.05,676.6,347.6,0.00,0,0,,
3069,09:45:30.425,ROI,160,160,352,352,7.68,8.33,6.95,0.0,120.10,666.98,493.45,117.66,162.03,0.9442,14.1500,-93.9200,0.0000,0.0000,0.8948,0,-93.9200,-814.5970,-809.6747,3.4909,-810.7708,0.2227,SET_TARGET_DRIVE,-15.07,-75.70,676.6,347.6,0.00,0,0,,
3070,09:45:30.471,ROI,160,160,352,352,7.86,8.63,10.375,0.0,115.88,664.94,495.00,116.47,158.29,0.9438,14.0300,-95.4300,0.0000,0.0000,0.8769,0,-95.4300,-814.9299,-811.0179,3.4052,-811.9059,0.2270,SET_TARGET_DRIVE,-15.07,-76.84,676.6,347.6,0.00,0,0,,
3071,09:45:30.535,ROI,160,160,320,320,7.72,8.33,7.05,0.0,120.11,667.24,494.48,113.48,163.48,0.9313,14.2600,-93.5700,0.0000,0.0000,0.9256,0,-93.5700,-814.5961,-812.4212,3.2903,-812.9281,0.2331,SET_TARGET_DRIVE,-15.07,-77.86,676.6,347.6,0.00,0,0,,
3072,09:45:30.585,ROI,160,160,352,352,7.83,8.61,18.775,0.0,116.19,666.08,496.82,117.44,160.75,0.9396,14.5800,-95.3300,0.0000,0.0000,0.8831,0,-95.3300,-814.7361,-813.8603,3.2228,-814.0677,0.2368,SET_TARGET_DRIVE,-15.07,-79.00,676.6,347.6,0.00,0,0,,
3073,09:45:30.713,ROI,160,160,352,352,7.85,8.53,0.0,0.0,117.22,664.79,495.52,120.58,158.22,0.9586,14.5400,-96.4100,0.0000,0.0000,0.8872,0,-96.4100,-815.0976,-815.3558,3.0510,-815.2921,0.2469,SET_TARGET_DRIVE,-15.07,-80.22,676.6,347.6,0.00,0,0,,
3074,09:45:30.761,ROI,160,160,320,320,7.88,8.58,9.9,0.0,116.53,668.02,496.98,117.42,165.88,0.9051,15.6200,-95.0700,0.0000,0.0000,0.9235,0,-95.0700,-815.1765,-816.5400,2.8229,-816.1833,0.2616,SET_TARGET_DRIVE,-15.07,-81.11,676.6,347.6,0.00,0,0,,
3075,09:45:30.826,ROI,160,160,352,352,8.39,9.18,6.925,0.0,108.99,665.71,496.22,118.27,163.53,0.9482,16.1400,-95.3500,0.0000,0.0000,0.9204,0,-95.3500,-815.3495,-817.8015,2.5487,-817.1105,0.2818,SET_TARGET_DRIVE,-15.07,-82.04,676.6,347.6,0.00,0,0,,
3076,09:45:30.889,ROI,160,160,352,352,10.02,10.97,0.0,0.0,91.12,665.42,494.09,118.71,157.96,0.9613,14.2000,-93.1900,0.0000,0.0000,0.9129,0,-93.1900,-815.0339,-818.8614,2.2625,-817.6882,0.3065,SET_TARGET_DRIVE,-15.07,-82.62,676.6,347.6,0.00,0,0,,
3077,09:45:30.935,ROI,160,160,320,320,8.05,8.79,0.0,0.0,113.74,667.12,497.04,114.98,164.52,0.9311,15.7400,-94.1400,0.0000,0.0000,0.9266,0,-94.1400,-814.8825,-819.7389,1.9765,-818.1073,0.3360,SET_TARGET_DRIVE,-15.07,-83.04,676.6,347.6,0.00,0,0,,
3078,09:45:31.001,ROI,160,160,352,352,7.76,8.59,0.0,0.0,116.43,665.66,497.95,118.58,148.26,0.8764,12.2700,-96.9000,0.0000,0.0000,0.8614,0,-96.9000,-815.3049,-820.4850,1.7162,-818.5779,0.3682,SET_TARGET_DRIVE,-15.07,-83.51,676.6,347.6,0.00,0,0,,
3079,09:45:31.113,ROI,160,160,320,320,10.15,11.05,3.775,0.0,90.52,665.38,494.58,112.14,159.24,0.8838,13.9500,-96.9300,0.0000,0.0000,0.8964,0,-96.9300,-815.4234,-821.2978,1.4053,-818.8556,0.4157,SET_TARGET_DRIVE,-15.07,-83.79,676.6,347.6,0.00,0,0,,
3080,09:45:31.175,ROI,160,160,320,320,8.37,9.02,7.575,0.0,110.88,666.64,495.32,113.74,164.94,0.9443,15.1200,-94.6500,0.0000,0.0000,0.9198,0,-94.6500,-815.1676,-822.3258,1.0617,-818.8539,0.4850,SET_TARGET_DRIVE,-15.07,-83.78,676.6,347.6,0.00,0,0,,
3081,09:45:31.223,ROI,160,160,352,352,7.75,8.56,10.025,0.0,116.89,666.77,491.28,115.68,149.25,0.8911,12.3200,-94.7600,0.0000,0.0000,0.8809,0,-94.7600,-815.1888,-823.6321,0.7108,-818.6969,0.5845,SET_TARGET_DRIVE,-15.07,-83.63,676.6,347.6,0.00,0,0,,
3082,09:45:31.288,ROI,160,160,320,320,12.31,13.13,6.95,0.0,76.15,666.46,494.70,117.56,162.54,0.9035,14.2600,-95.4600,0.0000,0.0000,0.8702,0,-95.4600,-815.5261,-825.6650,0.4768,-818.7994,0.6772,SET_TARGET_DRIVE,-15.07,-83.73,676.6,347.6,0.00,0,0,,
3083,09:45:31.353,ROI,160,160,352,352,7.95,8.77,7.525,0.0,114.07,666.86,487.49,115.10,151.71,0.8934,13.8900,-94.0000,0.0000,0.0000,0.8830,0,-94.0000,-815.3523,-830.6104,0.2025,-817.9213,0.8316,SET_TARGET_DRIVE,-15.07,-82.85,676.6,347.6,0.00,0,0,,
3084,09:45:31.401,ROI,160,160,320,320,8.44,9.05,9.95,0.0,110.44,669.64,489.62,115.36,158.80,0.9112,13.1400,-92.8900,0.0000,0.0000,0.9181,0,-92.8900,-814.7418,-826.4646,0.0475,-815.2735,0.9546,SET_TARGET_DRIVE,-15.07,-80.20,676.6,347.6,0.00,0,0,,
3085,09:45:31.529,ROI,160,160,320,320,7.83,8.56,3.275,0.0,116.87,670.88,478.96,117.76,152.42,0.8549,13.9700,-99.4500,0.0000,0.0000,0.8799,0,-99.4500,-815.7088,-826.8621,0.4319,-819.0728,0.6984,SET_TARGET_DRIVE,-15.07,-84.00,676.6,347.6,0.00,0,0,,
3086,09:45:31.577,ROI,160,160,320,320,7.92,8.55,0.0,0.0,116.92,669.20,480.52,123.92,163.04,0.8884,15.0200,-96.5000,0.0000,0.0000,0.8960,0,-96.5000,-815.9251,-826.8697,0.7205,-820.5085,0.5812,SET_TARGET_DRIVE,-15.07,-85.44,676.6,347.6,0.00,0,0,,
3087,09:45:31.641,ROI,160,160,352,352,10.00,10.81,0.0,0.0,92.49,670.45,470.54,115.83,154.04,0.8258,14.1200,-94.1000,0.0000,0.0000,0.9050,0,-94.1000,-815.5516,-826.4930,1.1020,-821.2878,0.4757,SET_TARGET_DRIVE,-15.07,-86.22,676.6,347.6,0.00,0,0,,
3088,09:45:31.705,ROI,160,160,320,320,8.03,8.65,7.35,0.0,115.64,669.78,471.74,119.18,160.46,0.9330,16.4200,-95.8000,0.0000,0.0000,0.9300,0,-95.8000,-815.6907,-825.7002,1.3757,-821.4869,0.4209,SET_TARGET_DRIVE,-15.07,-86.42,676.6,347.6,0.00,0,0,,
3089,09:45:31.753,ROI,160,160,352,352,7.84,8.62,9.925,0.0,116.08,671.66,464.27,115.28,156.07,0.8810,13.7700,-93.9500,0.0000,0.0000,0.9138,0,-93.9500,-815.2380,-824.9388,1.7544,-821.4169,0.3631,SET_TARGET_DRIVE,-15.07,-86.35,676.6,347.6,0.00,0,0,,
3090,09:45:31.817,ROI,160,160,320,320,7.94,8.56,7.075,0.0,116.77,670.86,465.82,116.04,158.76,0.9670,15.6500,-94.2800,0.0000,0.0000,0.9326,0,-94.2800,-815.0416,-824.0944,1.9917,-821.0684,0.3343,SET_TARGET_DRIVE,-15.07,-86.00,676.6,347.6,0.00,0,0,,
3091,09:45:31.880,ROI,160,160,320,320,7.78,8.50,7.25,0.0,117.61,671.46,460.16,113.18,153.56,0.9075,14.7300,-96.2000,0.0000,0.0000,0.9375,0,-96.2000,-815.3767,-823.0412,2.2850,-820.7081,0.3044,SET_TARGET_DRIVE,-15.07,-85.64,676.6,347.6,0.00,0,0,,
3092,09:45:31.927,ROI,160,160,320,320,7.75,8.39,9.95,0.0,119.26,672.84,460.26,110.34,158.78,0.9436,13.4500,-97.0700,0.0000,0.0000,0.9200,0,-97.0700,-815.7447,-822.1390,2.4886,-820.3061,0.2866,SET_TARGET_DRIVE,-15.07,-85.24,676.6,347.6,0.00,0,0,,
3093,09:45:32.056,ROI,160,160,320,320,8.56,9.27,3.225,0.0,107.90,672.80,449.94,107.68,142.84,0.8512,12.6000,-97.0300,0.0000,0.0000,0.9059,0,-97.0300,-816.1005,-821.1716,2.8014,-819.8376,0.2631,SET_TARGET_DRIVE,-15.07,-84.77,676.6,347.6,0.00,0,0,,
3094,09:45:32.104,ROI,160,160,288,288,8.44,9.22,10.3,0.0,108.49,672.00,451.09,104.60,147.22,0.9433,13.6800,-96.0300,0.0000,0.0000,0.9218,0,-96.0300,-815.9821,-820.0363,3.0363,-819.0318,0.2478,SET_TARGET_DRIVE,-15.07,-83.96,676.6,347.6,0.00,0,0,,
3095,09:45:32.167,ROI,160,160,320,320,9.08,9.69,14.35,0.0,103.18,673.60,444.30,106.04,140.78,0.8842,13.0000,-94.4200,0.0000,0.0000,0.9495,0,-94.4200,-815.5899,-818.9083,3.2514,-818.1278,0.2352,SET_TARGET_DRIVE,-15.07,-83.06,676.6,347.6,0.00,0,0,,
3096,09:45:32.218,ROI,160,160,288,288,11.40,12.29,0.0,0.0,81.37,670.79,446.95,107.23,148.41,0.9007,13.1300,-92.7400,0.0000,0.0000,0.8857,0,-92.7400,-815.1557,-817.6131,3.2823,-817.0392,0.2335,SET_TARGET_DRIVE,-15.07,-81.97,676.6,347.6,0.00,0,0,,
3097,09:45:32.281,ROI,160,160,320,320,13.89,14.93,0.0,0.0,66.96,672.76,436.86,104.36,137.38,0.8375,14.5700,-96.3200,0.0000,0.0000,0.9533,0,-96.3200,-815.5305,-816.2958,3.4534,-816.1239,0.2245,SET_TARGET_DRIVE,-15.07,-81.05,676.6,347.6,0.00,0,0,,
3098,09:45:32.343,ROI,160,160,288,288,7.93,8.58,8.325,0.0,116.58,669.25,439.26,108.81,145.24,0.8861,14.8200,-93.2000,0.0000,0.0000,0.8830,0,-93.2000,-815.0240,-814.9779,3.4458,-814.9883,0.2249,SET_TARGET_DRIVE,-15.07,-79.92,676.6,347.6,0.00,0,0,,
3099,09:45:32.393,ROI,160,160,320,320,7.71,8.43,9.5,0.0,118.59,671.04,433.46,107.78,141.40,0.8932,14.8700,-94.5100,0.0000,0.0000,0.9328,0,-94.5100,-814.8234,-813.8636,3.5074,-814.0766,0.2219,SET_TARGET_DRIVE,-15.07,-79.01,676.6,347.6,0.00,0,0,,
3100,09:45:32.521,ROI,160,160,288,288,8.79,9.60,3.25,0.0,104.18,670.66,434.57,107.64,139.73,0.9775,11.0100,-94.2000,0.0000,0.0000,0.8941,0,-94.2000,-814.6415,-813.2336,3.3636,-813.5563,0.2292,SET_TARGET_DRIVE,-15.07,-78.49,676.6,347.6,0.00,0,0,,
3101,09:45:32.569,ROI,160,160,288,288,8.26,9.02,10.225,0.0,110.83,670.59,426.31,106.02,142.38,0.8769,11.8400,-94.5800,0.0000,0.0000,0.9190,0,-94.5800,-814.3972,-814.3694,3.3837,-814.3757,0.2281,SET_TARGET_DRIVE,-15.07,-79.31,676.6,347.6,0.00,0,0,,
3102,09:45:32.633,ROI,160,160,288,288,7.68,8.32,7.075,0.0,120.14,671.98,426.70,105.52,144.83,0.9579,12.0400,-92.9400,0.0000,0.0000,0.9175,0,-92.9400,-813.6837,-811.4684,3.2313,-811.9920,0.2363,SET_TARGET_DRIVE,-15.07,-76.92,676.6,347.6,0.00,0,0,,
3103,09:45:32.697,ROI,160,160,320,320,7.75,8.48,7.025,0.0,117.89,672.00,419.96,106.88,142.04,0.8992,13.5400,-96.8500,0.0000,0.0000,0.8918,0,-96.8500,-814.4986,-810.8405,3.2766,-811.6959,0.2338,SET_TARGET_DRIVE,-15.07,-76.63,676.6,347.6,0.00,0,0,,
3104,09:45:32.745,ROI,160,160,288,288,7.66,8.31,9.775,0.0,120.34,670.99,421.34,108.20,142.31,0.9627,11.5700,-94.0100,0.0000,0.0000,0.8885,0,-94.0100,-814.4500,-810.1703,3.1449,-811.2028,0.2413,SET_TARGET_DRIVE,-15.07,-76.13,676.6,347.6,0.00,0,0,,
3105,09:45:32.809,ROI,160,160,288,288,7.72,8.48,0.0,0.0,117.91,673.19,413.76,104.69,134.60,0.8611,13.0100,-97.0500,0.0000,0.0000,0.9051,0,-97.0500,-814.8006,-809.6109,3.2201,-810.8407,0.2370,SET_TARGET_DRIVE,-15.07,-75.77,676.6,347.6,0.00,0,0,,
3106,09:45:32.857,ROI,160,160,288,288,7.80,8.45,9.95,0.0,118.32,670.16,411.70,111.28,140.26,0.9029,12.3000,-96.0700,0.0000,0.0000,0.8737,0,-96.0700,-815.0878,-808.7916,3.1909,-810.2940,0.2386,SET_TARGET_DRIVE,-15.07,-75.22,676.6,347.6,0.00,0,0,,
3107,09:45:32.985,ROI,160,160,288,288,7.76,8.52,0.0,0.0,117.36,674.12,403.57,105.88,134.68,0.8281,15.3600,-95.1900,0.0000,0.0000,0.9224,0,-95.1900,-814.9846,-808.3554,3.3265,-809.8876,0.2311,SET_TARGET_DRIVE,-15.07,-74.82,676.6,347.6,0.00,0,0,,
3108,09:45:33.031,ROI,160,160,288,288,8.93,9.60,10.4,0.0,104.18,669.84,404.22,110.92,142.29,0.8753,14.2600,-95.0100,0.0000,0.0000,0.8749,0,-95.0100,-814.8595,-807.8753,3.2955,-809.5012,0.2328,SET_TARGET_DRIVE,-15.07,-74.43,676.6,347.6,0.00,0,0,,
3109,09:45:33.096,ROI,160,160,288,288,7.89,8.67,7.125,0.0,115.33,672.82,396.71,108.25,132.21,0.8505,14.3000,-98.3800,0.0000,0.0000,0.8932,0,-98.3800,-815.6246,-807.5105,3.3797,-809.3632,0.2283,SET_TARGET_DRIVE,-15.07,-74.29,676.6,347.6,0.00,0,0,,
3110,09:45:33.161,ROI,160,160,288,288,8.77,9.40,13.875,0.0,106.39,674.07,397.98,103.57,135.18,0.9366,11.5300,-90.2300,0.0000,0.0000,0.9018,0,-90.2300,-814.7801,-807.6483,3.3088,-809.3035,0.2321,SET_TARGET_DRIVE,-15.07,-74.23,676.6,347.6,0.00,0,0,,
3111,09:45:33.207,ROI,160,160,288,288,8.03,8.83,20.9,0.0,113.30,671.41,392.07,108.09,132.66,0.8727,14.1000,-94.9400,0.0000,0.0000,0.8906,0,-94.9400,-815.0151,-807.9142,3.4156,-809.5224,0.2265,SET_TARGET_DRIVE,-15.07,-74.45,676.6,347.6,0.00,0,0,,
3112,09:45:33.272,ROI,160,160,288,288,18.48,19.36,6.975,0.0,51.65,675.09,395.08,101.00,136.49,0.8934,13.1700,-91.0500,0.0000,0.0000,0.9165,0,-91.0500,-814.3795,-808.4514,3.3290,-809.8208,0.2310,SET_TARGET_DRIVE,-15.07,-74.75,676.6,347.6,0.00,0,0,,
3113,09:45:33.337,ROI,160,160,288,288,15.68,16.73,8.5,0.0,59.79,674.19,386.31,102.58,128.25,0.8617,14.1900,-96.0700,0.0000,0.0000,0.9117,0,-96.0700,-814.6798,-809.3515,3.4154,-810.5583,0.2265,SET_TARGET_DRIVE,-15.07,-75.49,676.6,347.6,0.00,0,0,,
3114,09:45:33.385,ROI,160,160,288,288,9.36,10.19,12.55,0.0,98.17,673.59,384.79,101.20,128.16,0.9636,11.6100,-92.9600,0.0000,0.0000,0.8871,0,-92.9600,-814.1280,-810.2593,3.3539,-811.1479,0.2297,SET_TARGET_DRIVE,-15.07,-76.08,676.6,347.6,0.00,0,0,,
3115,09:45:33.513,ROI,160,160,288,288,15.62,16.70,0.0,0.0,59.90,675.92,379.61,98.35,130.03,0.8824,14.2600,-91.4200,0.0000,0.0000,0.9325,0,-91.4200,-813.6549,-811.3807,3.4577,-811.8908,0.2243,SET_TARGET_DRIVE,-15.07,-76.82,676.6,347.6,0.00,0,0,,
3116,09:45:33.561,ROI,160,160,288,288,10.55,11.48,12.325,0.0,87.08,674.62,375.96,99.18,127.42,0.9211,12.1900,-91.9000,0.0000,0.0000,0.9166,0,-91.9000,-813.0194,-812.3088,3.4539,-812.4684,0.2245,SET_TARGET_DRIVE,-15.07,-77.40,676.6,347.6,0.00,0,0,,
3117,09:45:33.626,ROI,160,160,256,256,10.91,11.91,0.0,0.0,83.98,675.81,377.46,99.46,136.62,0.9113,15.9500,-91.7000,0.0000,0.0000,0.9261,0,-91.7000,-812.5112,-813.2310,3.4103,-813.0678,0.2267,SET_TARGET_DRIVE,-15.07,-78.00,676.6,347.6,0.00,0,0,,
3118,09:45:33.688,ROI,160,160,288,288,8.70,9.59,7.75,0.0,104.33,675.76,368.67,100.12,127.89,0.8700,15.1000,-92.9200,0.0000,0.0000,0.9434,0,-92.9200,-812.2677,-814.0352,3.3823,-813.6319,0.2282,SET_TARGET_DRIVE,-15.07,-78.56,676.6,347.6,0.00,0,0,,
3119,09:45:33.736,ROI,160,160,256,256,10.21,11.14,10.15,0.0,89.79,675.54,371.15,100.72,134.96,0.9419,15.4400,-91.1900,0.0000,0.0000,0.9301,0,-91.1900,-811.7347,-814.6258,3.3353,-813.9589,0.2307,SET_TARGET_DRIVE,-15.07,-78.89,676.6,347.6,0.00,0,0,,
3120,09:45:33.800,ROI,160,160,288,288,11.57,12.58,7.325,0.0,79.47,676.28,362.63,99.36,126.70,0.8653,15.1300,-92.8700,0.0000,0.0000,0.9451,0,-92.8700,-811.4228,-815.2145,3.3188,-814.3366,0.2315,SET_TARGET_DRIVE,-15.07,-79.27,676.6,347.6,0.00,0,0,,
3121,09:45:33.913,ROI,160,160,256,256,13.02,14.05,0.0,0.0,71.19,676.90,365.14,95.23,136.50,0.8923,15.0100,-91.0800,0.0000,0.0000,0.9330,0,-91.0800,-811.1802,-815.8473,3.2590,-814.7515,0.2348,SET_TARGET_DRIVE,-15.07,-79.68,676.6,347.6,0.00,0,0,,
3122,09:45:33.977,ROI,160,160,288,288,13.54,15.01,7.75,0.0,66.63,676.45,356.79,98.46,127.37,0.8547,15.3400,-91.1700,0.0000,0.0000,0.9564,0,-91.1700,-810.7418,-816.2797,3.2017,-814.9617,0.2380,SET_TARGET_DRIVE,-15.07,-79.89,676.6,347.6,0.00,0,0,,
3123,09:45:34.028,ROI,160,160,256,256,16.96,18.21,11.05,0.0,54.90,675.42,358.99,96.32,131.39,0.9462,14.9200,-90.4500,0.0000,0.0000,0.9176,0,-90.4500,-810.5435,-816.6732,3.1225,-815.1863,0.2426,SET_TARGET_DRIVE,-15.07,-80.12,676.6,347.6,0.00,0,0,,
3124,09:45:34.089,ROI,160,160,288,288,10.61,11.63,9.05,0.0,85.96,675.83,355.57,98.50,131.89,0.9288,13.9900,-89.6800,0.0000,0.0000,0.9447,0,-89.6800,-810.1946,-816.6732,3.0255,-815.0638,0.2484,SET_TARGET_DRIVE,-15.07,-79.99,676.6,347.6,0.00,0,0,,
3125,09:45:34.153,ROI,160,160,288,288,9.47,10.53,7.425,0.0,94.92,676.39,353.63,100.66,128.66,0.9504,13.3800,-89.3100,0.0000,0.0000,0.9340,0,-89.3100,-809.7842,-816.7480,3.0128,-815.0126,0.2492,SET_TARGET_DRIVE,-15.07,-79.94,676.6,347.6,0.00,0,0,,
3126,09:45:34.201,ROI,160,160,288,288,14.37,15.64,20.85,0.0,63.94,677.39,351.96,99.47,131.02,0.9556,12.9400,-89.4500,0.0000,0.0000,0.9401,0,-89.4500,-809.4857,-816.4677,2.9077,-814.6810,0.2559,SET_TARGET_DRIVE,-15.07,-79.61,676.6,347.6,0.00,0,0,,
3127,09:45:34.330,ROI,160,160,288,288,9.84,10.96,0.0,0.0,91.28,677.32,348.77,101.34,131.67,0.9354,13.1200,-91.6700,0.0000,0.0000,0.9253,0,-91.6700,-810.1135,-816.0914,2.9012,-814.5591,0.2563,SET_TARGET_DRIVE,-15.07,-79.49,676.6,347.6,0.00,0,0,,
3128,09:45:34.377,ROI,160,160,288,288,10.80,11.87,10.85,0.0,84.27,676.33,349.93,103.36,134.10,0.9627,13.3300,-93.6600,0.0000,0.0000,0.8919,0,-93.6600,-810.3608,-815.7489,2.7509,-814.3124,0.2666,SET_TARGET_DRIVE,-15.07,-79.24,676.6,347.6,0.00,0,0,,
