vector_magnitude,estimated_angle,x_center,y_center,width,height,Leanbot_0,Leanbot_p15,Leanbot_p30,Leanbot_p45,Leanbot_p60,Leanbot_p75,Leanbot_p90,Leanbot_p105,Leanbot_p120,Leanbot_p135,Leanbot_p150,Leanbot_p165,Leanbot_p180,Leanbot_p195,Leanbot_m150,Leanbot_m135,Leanbot_m120,Leanbot_m105,Leanbot_m90,Leanbot_m75,Leanbot_m60,Leanbot_m45,Leanbot_m30,Leanbot_m15,x1,y1,x2,y2,group_id,group_x_center,group_y_center,group_width,group_height
3.1164,-47.8625,381.9853,213.1049,72.5804,54.5427,0.1674,0.0328,0.0016,0.0034,0.0036,0.0001,0.0011,0.0000,0.0002,0.0018,0.0259,0.0023,0.0002,0.0087,0.0012,0.0018,0.0161,0.0123,0.0211,0.6741,0.7335,0.8594,0.6953,0.1898,345.6950,185.8335,418.2755,240.3763,1,382.2900,213.3200,72.7900,54.9300
2.7286,-48.0734,382.5380,213.3508,73.2358,55.1208,0.0805,0.0175,0.0011,0.0025,0.0014,0.0002,0.0009,0.0000,0.0002,0.0008,0.0377,0.0013,0.0003,0.0063,0.0012,0.0017,0.0103,0.0075,0.0197,0.5414,0.6527,0.7591,0.7047,0.1646,345.9201,185.7905,419.1559,240.9112,1,382.2900,213.3200,72.7900,54.9300
2.4217,-51.8084,382.4309,213.5565,72.7379,55.2776,0.1113,0.0205,0.0018,0.0031,0.0056,0.0002,0.0007,0.0000,0.0001,0.0024,0.0166,0.0008,0.0005,0.0102,0.0010,0.0018,0.0298,0.0229,0.0253,0.5423,0.6834,0.7330,0.3971,0.0676,346.0620,185.9177,418.7998,241.1953,1,382.2900,213.3200,72.7900,54.9300
2.3714,-46.7564,382.2137,213.1284,73.0120,54.9660,0.0959,0.0357,0.0011,0.0061,0.0014,0.0002,0.0006,0.0000,0.0004,0.0016,0.0275,0.0012,0.0005,0.0068,0.0006,0.0010,0.0062,0.0076,0.0093,0.4288,0.6361,0.6444,0.5272,0.1933,345.7076,185.6454,418.7197,240.6114,1,382.2900,213.3200,72.7900,54.9300
2.3708,-49.2955,382.6540,213.3176,73.1963,55.3875,0.0847,0.0266,0.0013,0.0061,0.0034,0.0002,0.0005,0.0000,0.0002,0.0033,0.0179,0.0006,0.0003,0.0101,0.0009,0.0025,0.0242,0.0103,0.0150,0.4220,0.6647,0.7717,0.4265,0.1218,346.0558,185.6238,419.2521,241.0114,1,382.2900,213.3200,72.7900,54.9300
2.2481,-48.3613,382.2917,213.5015,72.9396,55.0344,0.0579,0.0139,0.0017,0.0016,0.0018,0.0001,0.0006,0.0000,0.0001,0.0005,0.0135,0.0011,0.0003,0.0038,0.0011,0.0016,0.0098,0.0067,0.0196,0.3982,0.5506,0.7028,0.5497,0.0966,345.8219,185.9843,418.7616,241.0187,1,382.2900,213.3200,72.7900,54.9300
2.1379,-48.2660,382.3517,213.3660,73.0643,55.1001,0.1012,0.0318,0.0019,0.0093,0.0029,0.0001,0.0005,0.0000,0.0004,0.0012,0.0168,0.0005,0.0005,0.0117,0.0011,0.0017,0.0093,0.0096,0.0151,0.4227,0.5555,0.6324,0.4492,0.0987,345.8195,185.8159,418.8838,240.9160,1,382.2900,213.3200,72.7900,54.9300
1.8851,-52.6389,382.4577,213.3631,72.7179,54.7940,0.0572,0.0095,0.0012,0.0017,0.0035,0.0000,0.0010,0.0000,0.0001,0.0016,0.0056,0.0020,0.0005,0.0034,0.0008,0.0026,0.0238,0.0150,0.0138,0.3931,0.5471,0.6512,0.2750,0.0307,346.0988,185.9661,418.8167,240.7601,1,382.2900,213.3200,72.7900,54.9300
1.5360,-44.4959,381.6917,213.3631,71.6585,54.5726,0.1203,0.0597,0.0038,0.0063,0.0069,0.0001,0.0005,0.0000,0.0008,0.0041,0.0066,0.0015,0.0003,0.0082,0.0011,0.0011,0.0139,0.0104,0.0101,0.2224,0.4294,0.4816,0.2339,0.1253,345.8625,186.0768,417.5210,240.6494,1,382.2900,213.3200,72.7900,54.9300
0.8866,-54.4069,381.6630,212.9599,72.7720,54.4023,0.0227,0.0066,0.0008,0.0028,0.0007,0.0001,0.0011,0.0000,0.0009,0.0009,0.0063,0.0008,0.0004,0.0041,0.0004,0.0005,0.0042,0.0034,0.0051,0.2590,0.2252,0.3194,0.0816,0.0239,345.2770,185.7588,418.0490,240.1610,1,382.2900,213.3200,72.7900,54.9300
0.6155,-55.7588,382.9608,213.8771,71.8532,53.9334,0.0132,0.0069,0.0009,0.0019,0.0016,0.0000,0.0003,0.0000,0.0002,0.0013,0.0029,0.0004,0.0004,0.0029,0.0006,0.0007,0.0152,0.0072,0.0053,0.1765,0.1400,0.2341,0.0623,0.0061,347.0342,186.9104,418.8874,240.8438,1,382.2900,213.3200,72.7900,54.9300
0.4158,-56.3893,382.1573,212.6796,71.8726,54.9291,0.0131,0.0044,0.0008,0.0032,0.0011,0.0001,0.0011,0.0000,0.0003,0.0016,0.0041,0.0003,0.0004,0.0044,0.0012,0.0014,0.0049,0.0035,0.0049,0.1233,0.1391,0.1057,0.0496,0.0054,346.2211,185.2151,418.0936,240.1442,1,382.2900,213.3200,72.7900,54.9300
0.0118,-42.6908,380.7142,212.8250,76.1133,53.8882,0.0019,0.0007,0.0002,0.0003,0.0003,0.0002,0.0002,0.0001,0.0001,0.0004,0.0006,0.0003,0.0002,0.0003,0.0002,0.0002,0.0007,0.0007,0.0005,0.0014,0.0027,0.0025,0.0039,0.0014,342.6575,185.8809,418.7708,239.7691,1,382.2900,213.3200,72.7900,54.9300
0.0064,-39.4541,379.8365,212.7035,74.8099,53.2612,0.0014,0.0006,0.0003,0.0004,0.0004,0.0002,0.0002,0.0001,0.0005,0.0003,0.0007,0.0002,0.0002,0.0003,0.0004,0.0002,0.0007,0.0004,0.0004,0.0010,0.0016,0.0017,0.0017,0.0012,342.4315,186.0729,417.2415,239.3341,1,382.2900,213.3200,72.7900,54.9300
3.1067,-53.6562,406.4635,489.4446,105.8000,106.5135,0.0643,0.0126,0.0015,0.0059,0.0038,0.0000,0.0034,0.0000,0.0003,0.0012,0.0270,0.0004,0.0005,0.0079,0.0010,0.0027,0.0278,0.0123,0.0469,0.8477,0.7982,0.8814,0.5934,0.0563,353.5635,436.1879,459.3635,542.7014,2,407.0300,489.6100,105.1600,105.3100
2.8398,-55.0171,407.0869,490.1842,105.8225,105.1793,0.0497,0.0114,0.0020,0.0080,0.0034,0.0000,0.0030,0.0000,0.0003,0.0010,0.0123,0.0004,0.0004,0.0063,0.0015,0.0030,0.0215,0.0141,0.0378,0.7756,0.8329,0.8514,0.3799,0.0481,354.1756,437.5945,459.9982,542.7738,2,407.0300,489.6100,105.1600,105.3100
2.5003,-53.2521,406.9921,489.2099,106.0795,106.2062,0.0415,0.0117,0.0009,0.0043,0.0021,0.0001,0.0017,0.0000,0.0003,0.0012,0.0313,0.0006,0.0004,0.0047,0.0005,0.0014,0.0130,0.0074,0.0217,0.6647,0.6323,0.7909,0.4580,0.0390,353.9523,436.1068,460.0318,542.3130,2,407.0300,489.6100,105.1600,105.3100
2.4185,-55.7375,406.8011,489.3599,104.5666,104.5622,0.0445,0.0082,0.0017,0.0035,0.0022,0.0000,0.0018,0.0000,0.0001,0.0005,0.0139,0.0003,0.0005,0.0073,0.0007,0.0017,0.0159,0.0134,0.0473,0.7058,0.6555,0.7426,0.3086,0.0360,354.5178,437.0788,459.0844,541.6410,2,407.0300,489.6100,105.1600,105.3100
2.2926,-56.2956,407.6828,490.4490,103.1732,104.6677,0.0400,0.0082,0.0017,0.0043,0.0026,0.0000,0.0025,0.0000,0.0002,0.0009,0.0077,0.0003,0.0005,0.0056,0.0010,0.0021,0.0182,0.0163,0.0397,0.6401,0.6694,0.7561,0.2188,0.0240,356.0962,438.1152,459.2694,542.7828,2,407.0300,489.6100,105.1600,105.3100
1.5229,-56.2663,407.4713,489.5672,106.5386,106.3593,0.0175,0.0052,0.0005,0.0038,0.0018,0.0001,0.0024,0.0000,0.0004,0.0007,0.0200,0.0003,0.0004,0.0035,0.0005,0.0009,0.0050,0.0063,0.0128,0.4639,0.4379,0.4901,0.1635,0.0200,354.2020,436.3875,460.7406,542.7468,2,407.0300,489.6100,105.1600,105.3100
1.2171,-54.2624,405.8442,489.0815,105.6595,105.1527,0.0172,0.0058,0.0005,0.0033,0.0022,0.0001,0.0015,0.0000,0.0002,0.0013,0.0086,0.0003,0.0003,0.0037,0.0004,0.0010,0.0165,0.0046,0.0108,0.2834,0.2888,0.5650,0.0827,0.0190,353.0145,436.5051,458.6740,541.6579,2,407.0300,489.6100,105.1600,105.3100
0.8926,-52.9434,406.8647,488.7417,106.2951,104.8784,0.0122,0.0053,0.0006,0.0020,0.0019,0.0001,0.0008,0.0000,0.0002,0.0012,0.0079,0.0004,0.0002,0.0014,0.0004,0.0012,0.0136,0.0031,0.0067,0.1792,0.1977,0.4469,0.0735,0.0117,353.7171,436.3026,460.0123,541.1809,2,407.0300,489.6100,105.1600,105.3100
0.5325,-55.6907,408.0958,490.1669,104.4565,106.5522,0.0116,0.0025,0.0005,0.0027,0.0014,0.0001,0.0020,0.0001,0.0002,0.0006,0.0038,0.0001,0.0003,0.0021,0.0007,0.0010,0.0054,0.0059,0.0095,0.1343,0.1427,0.2252,0.0251,0.0079,355.8676,436.8908,460.3241,543.4431,2,407.0300,489.6100,105.1600,105.3100
0.4596,-57.5486,407.9822,489.8043,101.4649,100.6981,0.0073,0.0023,0.0004,0.0011,0.0014,0.0001,0.0008,0.0000,0.0001,0.0007,0.0034,0.0003,0.0003,0.0017,0.0003,0.0008,0.0049,0.0055,0.0052,0.1366,0.1316,0.1662,0.0268,0.0042,357.2498,439.4552,458.7147,540.1533,2,407.0300,489.6100,105.1600,105.3100
0.3157,-57.4321,408.7988,490.1077,100.6060,103.1889,0.0054,0.0017,0.0005,0.0021,0.0013,0.0001,0.0012,0.0001,0.0002,0.0007,0.0018,0.0001,0.0002,0.0020,0.0006,0.0007,0.0035,0.0029,0.0054,0.0899,0.0978,0.1118,0.0163,0.0029,358.4958,438.5132,459.1018,541.7021,2,407.0300,489.6100,105.1600,105.3100
0.3004,-54.6901,406.3452,488.7636,105.0930,102.8759,0.0045,0.0029,0.0004,0.0019,0.0016,0.0001,0.0011,0.0000,0.0001,0.0006,0.0022,0.0001,0.0002,0.0018,0.0004,0.0003,0.0047,0.0032,0.0028,0.0574,0.1028,0.1213,0.0196,0.0032,353.7987,437.3257,458.8917,540.2016,2,407.0300,489.6100,105.1600,105.3100
0.1794,-50.8293,407.3499,489.0932,106.8930,105.5406,0.0065,0.0024,0.0003,0.0008,0.0008,0.0001,0.0006,0.0000,0.0002,0.0006,0.0040,0.0004,0.0002,0.0010,0.0002,0.0004,0.0013,0.0014,0.0023,0.0353,0.0421,0.0790,0.0235,0.0041,353.9034,436.3229,460.7964,541.8635,2,407.0300,489.6100,105.1600,105.3100
0.1503,-55.2721,409.0769,490.8259,101.3188,105.9890,0.0026,0.0015,0.0004,0.0016,0.0011,0.0001,0.0015,0.0001,0.0001,0.0008,0.0016,0.0001,0.0003,0.0012,0.0006,0.0009,0.0039,0.0023,0.0027,0.0265,0.0517,0.0627,0.0093,0.0018,358.4175,437.8314,459.7363,543.8204,2,407.0300,489.6100,105.1600,105.3100
0.1337,-47.6087,406.0878,489.0327,103.9469,104.8088,0.0057,0.0025,0.0005,0.0013,0.0007,0.0001,0.0004,0.0000,0.0002,0.0008,0.0027,0.0004,0.0001,0.0007,0.0003,0.0004,0.0024,0.0015,0.0018,0.0170,0.0331,0.0547,0.0260,0.0047,354.1143,436.6283,458.0612,541.4371,2,407.0300,489.6100,105.1600,105.3100
0.1108,-53.6755,407.7513,489.9396,106.0052,106.9333,0.0033,0.0011,0.0002,0.0013,0.0008,0.0001,0.0011,0.0000,0.0003,0.0004,0.0024,0.0002,0.0002,0.0008,0.0002,0.0003,0.0009,0.0016,0.0022,0.0304,0.0217,0.0507,0.0095,0.0018,354.7487,436.4730,460.7539,543.4063,2,407.0300,489.6100,105.1600,105.3100
0.0495,-52.9521,407.8129,489.5753,108.7762,106.2599,0.0021,0.0009,0.0002,0.0007,0.0004,0.0001,0.0006,0.0000,0.0004,0.0004,0.0019,0.0002,0.0002,0.0007,0.0002,0.0002,0.0008,0.0009,0.0010,0.0137,0.0127,0.0160,0.0084,0.0016,353.4247,436.4453,462.2010,542.7052,2,407.0300,489.6100,105.1600,105.3100
0.0330,-53.6622,407.3845,488.7399,102.6713,96.4058,0.0007,0.0007,0.0002,0.0007,0.0010,0.0001,0.0005,0.0001,0.0002,0.0006,0.0009,0.0002,0.0001,0.0004,0.0003,0.0002,0.0018,0.0007,0.0003,0.0060,0.0098,0.0157,0.0029,0.0004,356.0488,440.5370,458.7201,536.9427,2,407.0300,489.6100,105.1600,105.3100
0.0281,-53.5213,405.8597,485.1663,105.5717,98.5712,0.0009,0.0008,0.0002,0.0012,0.0009,0.0001,0.0005,0.0001,0.0002,0.0006,0.0010,0.0001,0.0002,0.0007,0.0003,0.0002,0.0021,0.0008,0.0008,0.0047,0.0078,0.0141,0.0016,0.0009,353.0739,435.8807,458.6455,534.4519,2,407.0300,489.6100,105.1600,105.3100
0.0255,-54.4434,406.1741,486.9341,105.0651,101.7758,0.0009,0.0010,0.0002,0.0007,0.0010,0.0001,0.0003,0.0001,0.0001,0.0008,0.0011,0.0001,0.0002,0.0004,0.0003,0.0005,0.0028,0.0007,0.0006,0.0034,0.0077,0.0124,0.0016,0.0012,353.6416,436.0463,458.7067,537.8220,2,407.0300,489.6100,105.1600,105.3100
0.0138,-47.5952,404.6320,488.8469,101.6944,106.0164,0.0014,0.0009,0.0004,0.0007,0.0005,0.0001,0.0002,0.0001,0.0002,0.0005,0.0005,0.0003,0.0001,0.0002,0.0002,0.0004,0.0012,0.0006,0.0006,0.0018,0.0040,0.0051,0.0019,0.0008,353.7848,435.8387,455.4791,541.8551,2,407.0300,489.6100,105.1600,105.3100
0.0104,-50.2139,406.1159,489.7177,103.9547,101.9055,0.0012,0.0004,0.0003,0.0004,0.0002,0.0001,0.0002,0.0001,0.0002,0.0002,0.0008,0.0002,0.0002,0.0003,0.0002,0.0002,0.0008,0.0005,0.0006,0.0022,0.0026,0.0032,0.0015,0.0014,354.1386,438.7649,458.0933,540.6704,2,407.0300,489.6100,105.1600,105.3100
0.0096,-55.1346,409.9426,490.9865,98.3059,102.0694,0.0004,0.0004,0.0002,0.0005,0.0005,0.0001,0.0006,0.0001,0.0001,0.0005,0.0006,0.0001,0.0001,0.0004,0.0003,0.0003,0.0007,0.0005,0.0005,0.0015,0.0039,0.0045,0.0007,0.0003,360.7896,439.9518,459.0955,542.0212,2,407.0300,489.6100,105.1600,105.3100
0.0083,-52.7110,406.9022,484.0609,104.2481,94.3538,0.0005,0.0004,0.0002,0.0006,0.0006,0.0001,0.0004,0.0001,0.0001,0.0004,0.0004,0.0001,0.0002,0.0003,0.0002,0.0001,0.0009,0.0006,0.0003,0.0012,0.0033,0.0032,0.0010,0.0004,354.7781,436.8840,459.0262,531.2378,2,407.0300,489.6100,105.1600,105.3100
0.0040,-51.2338,410.4583,491.8039,100.9037,102.1523,0.0003,0.0003,0.0001,0.0004,0.0003,0.0001,0.0005,0.0001,0.0002,0.0004,0.0006,0.0001,0.0002,0.0002,0.0002,0.0002,0.0003,0.0003,0.0003,0.0011,0.0011,0.0022,0.0007,0.0003,360.0064,440.7277,460.9102,542.8800,2,407.0300,489.6100,105.1600,105.3100
0.0035,-52.1363,405.6389,481.2613,98.9338,91.4383,0.0004,0.0004,0.0002,0.0004,0.0005,0.0001,0.0002,0.0001,0.0002,0.0003,0.0004,0.0001,0.0002,0.0003,0.0002,0.0002,0.0005,0.0005,0.0003,0.0008,0.0013,0.0015,0.0003,0.0004,356.1720,435.5421,455.1058,526.9805,2,407.0300,489.6100,105.1600,105.3100
2.8886,-52.3382,235.5299,214.7230,66.9888,58.7181,0.1100,0.0226,0.0019,0.0040,0.0042,0.0001,0.0012,0.0000,0.0002,0.0017,0.0176,0.0013,0.0003,0.0064,0.0015,0.0037,0.0341,0.0296,0.0492,0.7442,0.7166,0.8277,0.4818,0.1305,202.0355,185.3639,269.0243,244.0820,3,235.2500,214.6500,66.1600,58.6100
2.7315,-53.7331,235.0737,214.7006,66.1385,58.8681,0.0915,0.0243,0.0019,0.0097,0.0024,0.0001,0.0009,0.0000,0.0004,0.0009,0.0175,0.0008,0.0007,0.0081,0.0009,0.0030,0.0142,0.0255,0.0569,0.7613,0.7395,0.7428,0.4168,0.0827,202.0045,185.2666,268.1429,244.1347,3,235.2500,214.6500,66.1600,58.6100
2.5411,-54.2963,235.3375,214.4184,65.9442,58.8574,0.0577,0.0232,0.0024,0.0071,0.0049,0.0001,0.0012,0.0000,0.0002,0.0025,0.0105,0.0005,0.0005,0.0092,0.0006,0.0027,0.0355,0.0276,0.0463,0.6161,0.7523,0.7589,0.3653,0.0549,202.3654,184.9897,268.3097,243.8471,3,235.2500,214.6500,66.1600,58.6100
2.3528,-55.1752,235.1571,214.7918,65.7725,58.5860,0.0435,0.0101,0.0016,0.0027,0.0020,0.0001,0.0019,0.0000,0.0002,0.0005,0.0138,0.0006,0.0005,0.0050,0.0013,0.0022,0.0126,0.0145,0.0617,0.6660,0.6167,0.7154,0.3220,0.0535,202.2708,185.4988,268.0433,244.0849,3,235.2500,214.6500,66.1600,58.6100
2.3299,-56.1610,235.2444,214.6252,65.5672,58.3268,0.0919,0.0157,0.0027,0.0044,0.0071,0.0001,0.0010,0.0000,0.0002,0.0017,0.0081,0.0004,0.0005,0.0083,0.0010,0.0018,0.0435,0.0411,0.0512,0.6653,0.6597,0.6701,0.2509,0.0415,202.4608,185.4618,268.0280,243.7886,3,235.2500,214.6500,66.1600,58.6100
2.3076,-55.5690,234.9183,214.8696,65.7231,58.5780,0.0539,0.0088,0.0026,0.0025,0.0047,0.0001,0.0011,0.0000,0.0001,0.0005,0.0065,0.0007,0.0005,0.0036,0.0011,0.0037,0.0227,0.0263,0.0759,0.5937,0.6524,0.7297,0.2430,0.0646,202.0568,185.5806,267.7798,244.1585,3,235.2500,214.6500,66.1600,58.6100
2.2215,-56.9957,235.0591,214.7232,66.1609,58.4088,0.0749,0.0173,0.0034,0.0112,0.0040,0.0001,0.0009,0.0000,0.0003,0.0011,0.0091,0.0003,0.0008,0.0125,0.0012,0.0039,0.0325,0.0337,0.0782,0.6794,0.6140,0.6139,0.2072,0.0620,201.9786,185.5188,268.1395,243.9276,3,235.2500,214.6500,66.1600,58.6100
1.5938,-54.5073,235.3698,214.9200,67.5779,58.7460,0.0552,0.0119,0.0018,0.0047,0.0014,0.0000,0.0017,0.0000,0.0011,0.0010,0.0081,0.0008,0.0005,0.0057,0.0004,0.0009,0.0135,0.0090,0.0204,0.4710,0.3707,0.5861,0.1432,0.0337,201.5809,185.5470,269.1587,244.2930,3,235.2500,214.6500,66.1600,58.6100
1.5846,-51.5930,235.6404,214.2616,66.3264,58.3607,0.0654,0.0491,0.0032,0.0055,0.0062,0.0001,0.0007,0.0000,0.0006,0.0034,0.0061,0.0008,0.0004,0.0061,0.0008,0.0016,0.0200,0.0168,0.0202,0.3588,0.4728,0.5166,0.1533,0.0679,202.4772,185.0812,268.8036,243.4419,3,235.2500,214.6500,66.1600,58.6100
0.7227,-55.9978,235.3257,214.2506,65.2264,58.4895,0.0235,0.0039,0.0010,0.0014,0.0022,0.0001,0.0010,0.0000,0.0001,0.0009,0.0024,0.0007,0.0006,0.0029,0.0008,0.0018,0.0149,0.0141,0.0168,0.1449,0.2476,0.2536,0.0485,0.0117,202.7124,185.0058,267.9389,243.4954,3,235.2500,214.6500,66.1600,58.6100
0.1545,-57.8888,236.3533,213.9429,63.3286,57.8537,0.0037,0.0027,0.0005,0.0013,0.0011,0.0000,0.0004,0.0000,0.0002,0.0009,0.0011,0.0002,0.0002,0.0011,0.0005,0.0005,0.0066,0.0029,0.0025,0.0493,0.0334,0.0572,0.0124,0.0013,204.6890,185.0160,268.0176,242.8697,3,235.2500,214.6500,66.1600,58.6100
0.0726,-58.4648,235.1469,213.9197,66.0715,57.8271,0.0027,0.0012,0.0004,0.0015,0.0007,0.0001,0.0009,0.0001,0.0002,0.0009,0.0011,0.0001,0.0003,0.0017,0.0007,0.0007,0.0020,0.0018,0.0027,0.0209,0.0220,0.0236,0.0056,0.0009,202.1112,185.0062,268.1827,242.8333,3,235.2500,214.6500,66.1600,58.6100
0.0268,-38.6916,234.9558,214.5681,66.2068,59.1734,0.0068,0.0021,0.0029,0.0055,0.0051,0.0008,0.0005,0.0011,0.0009,0.0018,0.0007,0.0002,0.0011,0.0023,0.0006,0.0014,0.0030,0.0040,0.0076,0.0077,0.0059,0.0015,0.0019,0.0056,201.8524,184.9814,268.0593,244.1548,3,235.2500,214.6500,66.1600,58.6100
0.0184,-46.7821,233.7365,214.8038,70.7572,58.2223,0.0026,0.0010,0.0002,0.0002,0.0004,0.0001,0.0002,0.0001,0.0001,0.0005,0.0006,0.0003,0.0001,0.0003,0.0003,0.0004,0.0010,0.0009,0.0008,0.0031,0.0042,0.0047,0.0043,0.0015,198.3579,185.6927,269.1151,243.9150,3,235.2500,214.6500,66.1600,58.6100
0.0153,-49.8198,234.9659,214.3088,67.0335,58.4468,0.0033,0.0017,0.0014,0.0025,0.0025,0.0009,0.0003,0.0005,0.0007,0.0011,0.0005,0.0002,0.0009,0.0019,0.0011,0.0013,0.0020,0.0026,0.0039,0.0037,0.0045,0.0017,0.0011,0.0035,201.4492,185.0854,268.4827,243.5322,3,235.2500,214.6500,66.1600,58.6100
0.0075,-47.0082,233.5720,214.6123,70.6374,58.8248,0.0013,0.0007,0.0003,0.0003,0.0004,0.0001,0.0002,0.0001,0.0004,0.0002,0.0007,0.0002,0.0002,0.0003,0.0003,0.0002,0.0007,0.0005,0.0007,0.0015,0.0018,0.0021,0.0014,0.0010,198.2534,185.1999,268.8907,244.0247,3,235.2500,214.6500,66.1600,58.6100
0.0064,-62.0415,235.2942,214.1034,66.9063,59.3119,0.0016,0.0008,0.0006,0.0014,0.0012,0.0006,0.0004,0.0007,0.0007,0.0009,0.0005,0.0004,0.0006,0.0011,0.0008,0.0012,0.0011,0.0012,0.0020,0.0028,0.0019,0.0010,0.0009,0.0013,201.8411,184.4475,268.7474,243.7594,3,235.2500,214.6500,66.1600,58.6100
0.0047,-49.9492,236.1846,213.2240,65.4369,60.1280,0.0005,0.0007,0.0002,0.0002,0.0002,0.0002,0.0002,0.0001,0.0001,0.0002,0.0003,0.0001,0.0001,0.0002,0.0001,0.0001,0.0005,0.0004,0.0004,0.0010,0.0016,0.0015,0.0004,0.0005,203.4661,183.1600,268.9030,243.2880,3,235.2500,214.6500,66.1600,58.6100
0.0035,-67.4448,234.4568,214.1358,66.4848,59.3865,0.0011,0.0005,0.0008,0.0014,0.0008,0.0006,0.0004,0.0012,0.0010,0.0012,0.0011,0.0004,0.0006,0.0007,0.0006,0.0009,0.0008,0.0014,0.0022,0.0018,0.0017,0.0009,0.0008,0.0011,201.2144,184.4426,267.6992,243.8290,3,235.2500,214.6500,66.1600,58.6100
2.8576,-49.3936,608.4659,492.4737,63.3541,107.6520,0.1479,0.0278,0.0035,0.0049,0.0024,0.0002,0.0002,0.0000,0.0002,0.0008,0.0126,0.0005,0.0003,0.0066,0.0010,0.0031,0.0116,0.0233,0.0876,0.6451,0.6288,0.7952,0.5903,0.1617,576.7889,438.6477,640.1430,546.2997,4,608.3400,493.3300,63.5600,107.2700
2.5285,-49.3539,608.1477,494.5383,63.9825,108.2089,0.1263,0.0278,0.0024,0.0040,0.0030,0.0002,0.0005,0.0000,0.0004,0.0010,0.0164,0.0009,0.0007,0.0080,0.0013,0.0025,0.0076,0.0206,0.0500,0.5572,0.6379,0.6728,0.5161,0.1431,576.1565,440.4339,640.1389,548.6428,4,608.3400,493.3300,63.5600,107.2700
2.1932,-55.6261,608.1340,493.5704,64.0311,106.2882,0.0637,0.0192,0.0044,0.0064,0.0043,0.0000,0.0017,0.0000,0.0003,0.0017,0.0110,0.0019,0.0007,0.0051,0.0025,0.0042,0.0314,0.0439,0.0564,0.6008,0.5872,0.6521,0.2862,0.0394,576.1185,440.4263,640.1496,546.7146,4,608.3400,493.3300,63.5600,107.2700
1.5736,-55.5313,608.1453,493.1263,64.0032,106.9438,0.0484,0.0106,0.0052,0.0047,0.0058,0.0000,0.0012,0.0000,0.0003,0.0016,0.0034,0.0011,0.0005,0.0025,0.0013,0.0026,0.0282,0.0285,0.0424,0.4161,0.3676,0.6078,0.1216,0.0283,576.1436,439.6544,640.1469,546.5983,4,608.3400,493.3300,63.5600,107.2700
1.0719,-44.0793,608.4737,492.5425,63.2285,106.8079,0.1130,0.0214,0.0018,0.0044,0.0019,0.0002,0.0004,0.0000,0.0005,0.0017,0.0040,0.0008,0.0002,0.0021,0.0011,0.0010,0.0060,0.0093,0.0145,0.1616,0.1988,0.4330,0.1617,0.0604,576.8594,439.1386,640.0880,545.9465,4,608.3400,493.3300,63.5600,107.2700
0.9481,-50.6202,608.8729,492.5951,62.4678,106.3533,0.0341,0.0152,0.0021,0.0039,0.0045,0.0001,0.0005,0.0000,0.0003,0.0017,0.0035,0.0003,0.0004,0.0026,0.0008,0.0013,0.0125,0.0118,0.0215,0.1199,0.2883,0.4079,0.0812,0.0315,577.6390,439.4184,640.1068,545.7717,4,608.3400,493.3300,63.5600,107.2700
0.4142,-45.6365,608.8142,492.3392,61.9512,106.4282,0.0328,0.0200,0.0037,0.0052,0.0047,0.0001,0.0004,0.0000,0.0003,0.0021,0.0010,0.0004,0.0002,0.0016,0.0011,0.0014,0.0089,0.0079,0.0120,0.0383,0.1078,0.1919,0.0278,0.0183,577.8386,439.1251,639.7898,545.5533,4,608.3400,493.3300,63.5600,107.2700
0.3984,-56.6420,608.4584,494.7867,63.4952,108.7474,0.0114,0.0062,0.0007,0.0019,0.0023,0.0001,0.0013,0.0000,0.0002,0.0014,0.0093,0.0018,0.0008,0.0022,0.0015,0.0020,0.0082,0.0129,0.0057,0.0819,0.1506,0.1242,0.0380,0.0056,576.7108,440.4130,640.2060,549.1603,4,608.3400,493.3300,63.5600,107.2700
0.2941,-50.5289,608.4259,491.8603,63.3172,104.7167,0.0089,0.0056,0.0019,0.0043,0.0062,0.0000,0.0008,0.0000,0.0005,0.0015,0.0008,0.0002,0.0002,0.0010,0.0009,0.0004,0.0087,0.0040,0.0037,0.0431,0.0712,0.1615,0.0122,0.0034,576.7673,439.5019,640.0845,544.2186,4,608.3400,493.3300,63.5600,107.2700
0.2578,-48.3506,608.0640,495.2322,63.8585,108.5443,0.0157,0.0038,0.0003,0.0012,0.0007,0.0002,0.0007,0.0000,0.0006,0.0008,0.0044,0.0006,0.0002,0.0009,0.0004,0.0003,0.0026,0.0024,0.0022,0.0531,0.0578,0.0947,0.0395,0.0160,576.1348,440.9601,639.9933,549.5044,4,608.3400,493.3300,63.5600,107.2700
0.1675,-45.3041,608.3647,495.2567,63.4544,108.3104,0.0123,0.0026,0.0003,0.0017,0.0017,0.0002,0.0005,0.0000,0.0003,0.0009,0.0053,0.0005,0.0005,0.0028,0.0008,0.0007,0.0016,0.0026,0.0029,0.0224,0.0403,0.0503,0.0474,0.0103,576.6375,441.1015,640.0919,549.4119,4,608.3400,493.3300,63.5600,107.2700
0.0734,-13.7461,608.7931,492.7138,62.2943,109.1432,0.0127,0.0094,0.0119,0.0172,0.0196,0.0013,0.0005,0.0016,0.0012,0.0023,0.0006,0.0000,0.0010,0.0038,0.0002,0.0013,0.0078,0.0068,0.0180,0.0108,0.0096,0.0031,0.0040,0.0189,577.6459,438.1422,639.9402,547.2854,4,608.3400,493.3300,63.5600,107.2700
0.0517,-23.9074,608.2589,492.6036,63.4557,107.8828,0.0138,0.0031,0.0034,0.0152,0.0130,0.0029,0.0006,0.0009,0.0008,0.0021,0.0004,0.0001,0.0006,0.0027,0.0008,0.0031,0.0048,0.0042,0.0109,0.0129,0.0145,0.0020,0.0024,0.0078,576.5310,438.6622,639.9868,546.5450,4,608.3400,493.3300,63.5600,107.2700
0.0512,-39.1518,608.2541,494.4889,63.5361,111.1411,0.0142,0.0013,0.0038,0.0112,0.0092,0.0014,0.0005,0.0007,0.0009,0.0017,0.0008,0.0001,0.0007,0.0041,0.0006,0.0042,0.0026,0.0059,0.0136,0.0123,0.0139,0.0038,0.0020,0.0073,576.4860,438.9183,640.0222,550.0594,4,608.3400,493.3300,63.5600,107.2700
0.0478,-10.6922,608.9890,494.2386,62.6068,111.0272,0.0045,0.0026,0.0073,0.0239,0.0136,0.0019,0.0007,0.0033,0.0029,0.0029,0.0018,0.0001,0.0006,0.0015,0.0003,0.0023,0.0035,0.0059,0.0168,0.0071,0.0139,0.0043,0.0020,0.0094,577.6856,438.7250,640.2924,549.7522,4,608.3400,493.3300,63.5600,107.2700
0.0294,-63.6173,609.8938,499.3522,60.4755,114.7753,0.0015,0.0014,0.0003,0.0006,0.0010,0.0001,0.0005,0.0001,0.0002,0.0011,0.0031,0.0006,0.0006,0.0010,0.0006,0.0014,0.0015,0.0024,0.0011,0.0078,0.0109,0.0091,0.0032,0.0009,579.6561,441.9646,640.1315,556.7399,4,608.3400,493.3300,63.5600,107.2700
0.0283,-47.4438,608.4944,496.4637,63.1283,110.4840,0.0120,0.0049,0.0030,0.0093,0.0065,0.0013,0.0009,0.0022,0.0019,0.0049,0.0028,0.0004,0.0042,0.0087,0.0012,0.0011,0.0022,0.0101,0.0111,0.0099,0.0084,0.0013,0.0014,0.0069,576.9303,441.2217,640.0586,551.7057,4,608.3400,493.3300,63.5600,107.2700
0.0214,-47.2666,609.2653,488.8515,61.2690,100.4733,0.0015,0.0014,0.0008,0.0015,0.0016,0.0001,0.0002,0.0001,0.0002,0.0008,0.0004,0.0001,0.0002,0.0004,0.0004,0.0005,0.0025,0.0012,0.0013,0.0016,0.0067,0.0094,0.0014,0.0016,578.6307,438.6149,639.8998,539.0882,4,608.3400,493.3300,63.5600,107.2700
0.0195,-150.5071,604.8783,493.4548,70.2382,111.0392,0.0004,0.0000,0.0001,0.0003,0.0003,0.0001,0.0002,0.0008,0.0011,0.0010,0.0044,0.0003,0.0014,0.0019,0.0075,0.0029,0.0039,0.0015,0.0017,0.0011,0.0010,0.0001,0.0002,0.0008,569.7592,437.9352,639.9974,548.9744,4,608.3400,493.3300,63.5600,107.2700
0.0147,-40.3167,609.2000,490.6959,60.8734,104.8882,0.0018,0.0019,0.0013,0.0014,0.0009,0.0001,0.0001,0.0001,0.0002,0.0007,0.0002,0.0002,0.0001,0.0003,0.0003,0.0007,0.0022,0.0009,0.0011,0.0013,0.0036,0.0051,0.0009,0.0019,578.7632,438.2518,639.6367,543.1400,4,608.3400,493.3300,63.5600,107.2700
0.0124,-52.9590,609.4108,490.9891,62.9057,103.5375,0.0025,0.0011,0.0006,0.0006,0.0005,0.0001,0.0002,0.0001,0.0001,0.0005,0.0004,0.0002,0.0002,0.0004,0.0004,0.0005,0.0021,0.0009,0.0018,0.0017,0.0025,0.0034,0.0012,0.0012,577.9579,439.2203,640.8636,542.7579,4,608.3400,493.3300,63.5600,107.2700
0.0107,-53.0752,609.0367,492.3349,63.2941,104.4140,0.0020,0.0006,0.0003,0.0003,0.0003,0.0001,0.0002,0.0001,0.0001,0.0004,0.0003,0.0002,0.0002,0.0004,0.0003,0.0003,0.0012,0.0006,0.0010,0.0026,0.0020,0.0028,0.0018,0.0007,577.3896,440.1279,640.6837,544.5419,4,608.3400,493.3300,63.5600,107.2700
0.0098,-146.2490,603.7930,492.3755,72.4931,103.0706,0.0003,0.0000,0.0001,0.0002,0.0002,0.0001,0.0002,0.0003,0.0006,0.0004,0.0016,0.0003,0.0006,0.0015,0.0033,0.0024,0.0019,0.0006,0.0007,0.0006,0.0007,0.0001,0.0002,0.0005,567.5464,440.8401,640.0395,543.9108,4,608.3400,493.3300,63.5600,107.2700
0.0093,-44.2728,608.0859,495.8347,63.7078,104.3979,0.0012,0.0004,0.0002,0.0003,0.0002,0.0002,0.0003,0.0000,0.0004,0.0003,0.0008,0.0003,0.0002,0.0003,0.0003,0.0002,0.0005,0.0006,0.0003,0.0018,0.0022,0.0027,0.0014,0.0024,576.2321,443.6357,639.9398,548.0336,4,608.3400,493.3300,63.5600,107.2700
0.0091,106.4284,608.9373,495.3553,62.4803,112.4324,0.0008,0.0008,0.0021,0.0038,0.0019,0.0007,0.0017,0.0033,0.0018,0.0036,0.0030,0.0016,0.0013,0.0016,0.0004,0.0012,0.0009,0.0012,0.0013,0.0009,0.0014,0.0013,0.0006,0.0013,577.6971,439.1391,640.1775,551.5715,4,608.3400,493.3300,63.5600,107.2700
0.0080,-46.9565,608.8080,496.5300,62.2026,112.2642,0.0010,0.0005,0.0001,0.0005,0.0006,0.0002,0.0003,0.0001,0.0002,0.0004,0.0012,0.0002,0.0003,0.0005,0.0004,0.0004,0.0004,0.0007,0.0005,0.0012,0.0023,0.0027,0.0025,0.0009,577.7067,440.3979,639.9093,552.6621,4,608.3400,493.3300,63.5600,107.2700
0.0069,-41.4186,609.1981,487.0049,61.8379,96.6451,0.0007,0.0006,0.0005,0.0010,0.0008,0.0000,0.0005,0.0001,0.0003,0.0004,0.0002,0.0001,0.0001,0.0003,0.0004,0.0002,0.0011,0.0004,0.0004,0.0012,0.0017,0.0036,0.0005,0.0004,578.2792,438.6824,640.1171,535.3275,4,608.3400,493.3300,63.5600,107.2700
0.0066,-160.5255,605.3569,493.7690,69.3845,109.1102,0.0002,0.0000,0.0001,0.0001,0.0002,0.0002,0.0001,0.0007,0.0008,0.0005,0.0012,0.0002,0.0009,0.0005,0.0029,0.0009,0.0014,0.0004,0.0005,0.0005,0.0002,0.0001,0.0001,0.0004,570.6646,439.2139,640.0491,548.3240,4,608.3400,493.3300,63.5600,107.2700
0.0044,-173.5363,604.4674,490.5873,71.6586,101.7554,0.0001,0.0000,0.0001,0.0001,0.0001,0.0001,0.0001,0.0005,0.0005,0.0003,0.0016,0.0004,0.0006,0.0006,0.0008,0.0010,0.0009,0.0002,0.0002,0.0002,0.0002,0.0001,0.0001,0.0004,568.6381,439.7096,640.2967,541.4650,4,608.3400,493.3300,63.5600,107.2700
2.6144,-50.9147,539.3414,208.5452,77.6320,52.7096,0.0880,0.0278,0.0010,0.0023,0.0055,0.0001,0.0006,0.0000,0.0000,0.0032,0.0310,0.0008,0.0005,0.0110,0.0027,0.0088,0.0449,0.0193,0.0277,0.4467,0.7978,0.8610,0.3968,0.1431,500.5255,182.1904,578.1574,234.9000,5,539.1600,208.7300,76.8400,52.8000
2.5710,-51.3896,538.2101,208.7016,75.6649,52.5237,0.0863,0.0178,0.0014,0.0026,0.0031,0.0001,0.0016,0.0000,0.0001,0.0012,0.0235,0.0014,0.0004,0.0096,0.0009,0.0020,0.0187,0.0171,0.0284,0.5900,0.6920,0.7549,0.4770,0.1024,500.3777,182.4397,576.0426,234.9634,5,539.1600,208.7300,76.8400,52.8000
2.5285,-49.6846,539.2090,208.6486,77.5691,52.8247,0.0509,0.0156,0.0013,0.0039,0.0014,0.0001,0.0007,0.0000,0.0001,0.0007,0.0251,0.0008,0.0004,0.0068,0.0022,0.0029,0.0184,0.0061,0.0186,0.4983,0.6668,0.7508,0.5613,0.1354,500.4245,182.2363,577.9936,235.0610,5,539.1600,208.7300,76.8400,52.8000
2.4962,-49.5414,539.4155,208.7772,77.7826,52.7489,0.0798,0.0189,0.0036,0.0039,0.0041,0.0001,0.0006,0.0000,0.0001,0.0009,0.0073,0.0008,0.0005,0.0075,0.0046,0.0054,0.0342,0.0120,0.0404,0.4516,0.6427,0.7731,0.5041,0.1407,500.5242,182.4028,578.3068,235.1517,5,539.1600,208.7300,76.8400,52.8000
2.4540,-55.0495,539.7578,208.9717,77.2795,52.7525,0.0740,0.0178,0.0027,0.0028,0.0066,0.0001,0.0008,0.0000,0.0001,0.0019,0.0182,0.0004,0.0009,0.0239,0.0029,0.0049,0.0528,0.0334,0.0678,0.6326,0.6612,0.7390,0.2748,0.1394,501.1181,182.5955,578.3976,235.3480,5,539.1600,208.7300,76.8400,52.8000
1.8544,-49.1657,537.9047,208.7576,76.1267,53.0883,0.0843,0.0341,0.0017,0.0034,0.0051,0.0001,0.0004,0.0000,0.0003,0.0027,0.0151,0.0009,0.0003,0.0073,0.0013,0.0028,0.0197,0.0121,0.0161,0.3284,0.5063,0.6609,0.2664,0.0953,499.8414,182.2134,575.9681,235.3017,5,539.1600,208.7300,76.8400,52.8000
0.7203,-50.3966,540.8893,208.6293,75.8900,53.3073,0.0217,0.0044,0.0009,0.0020,0.0022,0.0001,0.0007,0.0000,0.0002,0.0011,0.0029,0.0006,0.0004,0.0028,0.0015,0.0012,0.0109,0.0057,0.0064,0.0908,0.2117,0.2998,0.1065,0.0129,502.9443,181.9757,578.8343,235.2830,5,539.1600,208.7300,76.8400,52.8000
0.5215,-53.8826,541.3203,208.7658,74.4853,52.9569,0.0105,0.0042,0.0006,0.0018,0.0017,0.0000,0.0003,0.0000,0.0001,0.0012,0.0038,0.0004,0.0005,0.0032,0.0011,0.0014,0.0146,0.0058,0.0050,0.1041,0.1381,0.2083,0.0675,0.0077,504.0776,182.2873,578.5629,235.2442,5,539.1600,208.7300,76.8400,52.8000
0.4832,-49.0169,539.2845,208.9320,76.5963,53.2265,0.0138,0.0064,0.0005,0.0032,0.0011,0.0001,0.0004,0.0000,0.0003,0.0010,0.0076,0.0004,0.0003,0.0024,0.0003,0.0008,0.0023,0.0030,0.0035,0.0695,0.1340,0.2043,0.0643,0.0225,500.9864,182.3188,577.5827,235.5453,5,539.1600,208.7300,76.8400,52.8000
0.3651,-49.8536,538.9177,208.5810,75.5210,52.7417,0.0133,0.0075,0.0007,0.0045,0.0011,0.0001,0.0005,0.0001,0.0002,0.0016,0.0048,0.0002,0.0003,0.0032,0.0006,0.0015,0.0044,0.0034,0.0034,0.0533,0.1099,0.1484,0.0453,0.0115,501.1572,182.2102,576.6781,234.9518,5,539.1600,208.7300,76.8400,52.8000
0.1555,-52.7858,538.4337,208.6040,75.3692,52.2650,0.0047,0.0021,0.0003,0.0012,0.0005,0.0001,0.0007,0.0000,0.0004,0.0007,0.0042,0.0002,0.0003,0.0016,0.0003,0.0003,0.0015,0.0013,0.0017,0.0290,0.0449,0.0739,0.0085,0.0046,500.7491,182.4715,576.1183,234.7366,5,539.1600,208.7300,76.8400,52.8000
0.0659,-44.8344,537.5700,209.0928,75.7906,53.2872,0.0071,0.0029,0.0007,0.0008,0.0012,0.0001,0.0002,0.0000,0.0003,0.0007,0.0014,0.0006,0.0003,0.0007,0.0005,0.0006,0.0036,0.0028,0.0025,0.0079,0.0147,0.0157,0.0185,0.0053,499.6747,182.4492,575.4653,235.7364,5,539.1600,208.7300,76.8400,52.8000
0.0498,-52.5268,539.6423,208.6144,76.6866,53.8336,0.0022,0.0022,0.0004,0.0005,0.0005,0.0001,0.0004,0.0001,0.0002,0.0005,0.0011,0.0002,0.0001,0.0005,0.0002,0.0003,0.0023,0.0013,0.0011,0.0086,0.0145,0.0219,0.0022,0.0023,501.2990,181.6976,577.9856,235.5312,5,539.1600,208.7300,76.8400,52.8000
0.0405,-47.5090,538.0635,208.6142,75.5821,51.2911,0.0033,0.0013,0.0004,0.0004,0.0003,0.0001,0.0004,0.0000,0.0001,0.0003,0.0009,0.0004,0.0002,0.0004,0.0001,0.0002,0.0013,0.0015,0.0014,0.0063,0.0095,0.0112,0.0106,0.0021,500.2725,182.9686,575.8546,234.2597,5,539.1600,208.7300,76.8400,52.8000
0.0288,-47.9879,538.5057,208.6429,75.6229,54.0863,0.0022,0.0026,0.0004,0.0005,0.0008,0.0001,0.0003,0.0000,0.0002,0.0007,0.0007,0.0003,0.0001,0.0005,0.0003,0.0003,0.0014,0.0008,0.0007,0.0045,0.0097,0.0107,0.0019,0.0018,500.6943,181.5997,576.3172,235.6861,5,539.1600,208.7300,76.8400,52.8000
0.0135,-54.0157,540.9940,209.0041,74.3874,54.6482,0.0012,0.0005,0.0003,0.0006,0.0002,0.0001,0.0002,0.0001,0.0002,0.0002,0.0006,0.0001,0.0002,0.0003,0.0003,0.0001,0.0013,0.0006,0.0007,0.0028,0.0036,0.0047,0.0016,0.0007,503.8003,181.6801,578.1877,236.3282,5,539.1600,208.7300,76.8400,52.8000
0.0070,-54.1235,539.7213,207.4742,77.5071,53.6350,0.0004,0.0004,0.0002,0.0007,0.0003,0.0001,0.0004,0.0001,0.0002,0.0005,0.0007,0.0000,0.0001,0.0005,0.0005,0.0003,0.0004,0.0003,0.0003,0.0016,0.0026,0.0029,0.0011,0.0003,500.9677,180.6567,578.4748,234.2917,5,539.1600,208.7300,76.8400,52.8000
0.0047,-120.4643,538.1367,208.4360,82.7334,52.8108,0.0001,0.0000,0.0001,0.0001,0.0003,0.0001,0.0000,0.0001,0.0001,0.0000,0.0001,0.0001,0.0002,0.0006,0.0005,0.0014,0.0015,0.0010,0.0006,0.0001,0.0002,0.0001,0.0001,0.0003,496.7700,182.0306,579.5034,234.8414,5,539.1600,208.7300,76.8400,52.8000
0.0045,-121.8192,539.3276,207.7620,78.5378,54.0835,0.0001,0.0000,0.0001,0.0002,0.0002,0.0001,0.0000,0.0001,0.0001,0.0001,0.0002,0.0000,0.0002,0.0006,0.0006,0.0012,0.0015,0.0010,0.0006,0.0002,0.0002,0.0001,0.0001,0.0003,500.0587,180.7202,578.5965,234.8037,5,539.1600,208.7300,76.8400,52.8000
0.0039,-50.5504,543.7186,209.2074,68.9176,55.7795,0.0004,0.0004,0.0001,0.0002,0.0004,0.0001,0.0001,0.0001,0.0001,0.0004,0.0003,0.0001,0.0001,0.0001,0.0003,0.0001,0.0007,0.0002,0.0001,0.0006,0.0011,0.0022,0.0004,0.0002,509.2598,181.3177,578.1774,237.0972,5,539.1600,208.7300,76.8400,52.8000
2.5311,-48.1616,570.3131,317.8896,100.6475,69.7812,0.0505,0.0180,0.0012,0.0056,0.0022,0.0001,0.0009,0.0000,0.0001,0.0009,0.0326,0.0007,0.0002,0.0090,0.0017,0.0023,0.0128,0.0057,0.0106,0.4334,0.6592,0.7629,0.6391,0.1338,519.9893,282.9990,620.6369,352.7803,6,570.5500,317.8100,100.2400,69.7600
2.5117,-46.3229,570.2665,317.9951,99.6167,69.5129,0.0843,0.0222,0.0018,0.0034,0.0029,0.0001,0.0005,0.0000,0.0001,0.0013,0.0186,0.0008,0.0003,0.0091,0.0013,0.0016,0.0182,0.0080,0.0115,0.3584,0.6117,0.7870,0.6635,0.1387,520.4581,283.2386,620.0748,352.7516,6,570.5500,317.8100,100.2400,69.7600
2.2815,-47.0519,570.5068,317.5374,99.8434,69.6024,0.0760,0.0193,0.0009,0.0029,0.0022,0.0001,0.0005,0.0000,0.0001,0.0016,0.0223,0.0008,0.0002,0.0056,0.0015,0.0015,0.0156,0.0041,0.0075,0.3271,0.5650,0.8051,0.5246,0.1068,520.5851,282.7361,620.4286,352.3386,6,570.5500,317.8100,100.2400,69.7600
1.9772,-48.4871,570.6776,317.7743,100.2518,70.5675,0.0540,0.0158,0.0014,0.0022,0.0014,0.0001,0.0005,0.0000,0.0001,0.0007,0.0085,0.0006,0.0003,0.0063,0.0018,0.0028,0.0102,0.0061,0.0165,0.3332,0.4881,0.6636,0.4472,0.0786,520.5517,282.4905,620.8035,353.0580,6,570.5500,317.8100,100.2400,69.7600
1.6844,-48.4285,570.8829,317.7793,101.4703,69.6407,0.0408,0.0134,0.0005,0.0024,0.0011,0.0002,0.0007,0.0000,0.0002,0.0013,0.0265,0.0008,0.0003,0.0051,0.0006,0.0011,0.0051,0.0042,0.0047,0.2791,0.4565,0.5406,0.4045,0.0652,520.1478,282.9590,621.6181,352.5996,6,570.5500,317.8100,100.2400,69.7600
1.6739,-45.4450,570.7606,317.5326,100.5644,68.9616,0.0691,0.0220,0.0010,0.0030,0.0021,0.0001,0.0004,0.0000,0.0003,0.0017,0.0242,0.0007,0.0003,0.0058,0.0011,0.0014,0.0089,0.0048,0.0087,0.1762,0.4034,0.6753,0.3407,0.1000,520.4784,283.0518,621.0428,352.0134,6,570.5500,317.8100,100.2400,69.7600
1.3495,-48.2087,570.5754,318.5726,99.7566,70.0603,0.0400,0.0115,0.0007,0.0027,0.0020,0.0001,0.0003,0.0000,0.0002,0.0014,0.0119,0.0006,0.0003,0.0043,0.0008,0.0013,0.0094,0.0052,0.0041,0.1982,0.3426,0.5065,0.2901,0.0381,520.6971,283.5424,620.4537,353.6027,6,570.5500,317.8100,100.2400,69.7600
0.7212,-49.7372,570.6370,318.2393,100.4849,71.3471,0.0229,0.0045,0.0006,0.0021,0.0023,0.0001,0.0008,0.0000,0.0001,0.0011,0.0037,0.0003,0.0004,0.0037,0.0017,0.0017,0.0061,0.0039,0.0081,0.1129,0.1983,0.2582,0.1420,0.0174,520.3946,282.5657,620.8795,353.9128,6,570.5500,317.8100,100.2400,69.7600
0.4934,-46.7578,570.5175,317.7486,101.2325,70.5944,0.0200,0.0063,0.0006,0.0035,0.0012,0.0001,0.0007,0.0000,0.0003,0.0008,0.0053,0.0004,0.0003,0.0021,0.0006,0.0006,0.0035,0.0028,0.0040,0.0624,0.0955,0.2464,0.0716,0.0203,519.9012,282.4514,621.1338,353.0458,6,570.5500,317.8100,100.2400,69.7600
0.4625,-51.2397,570.7089,317.0636,99.1451,69.0842,0.0132,0.0071,0.0005,0.0027,0.0016,0.0001,0.0004,0.0000,0.0003,0.0013,0.0054,0.0002,0.0002,0.0032,0.0006,0.0005,0.0088,0.0024,0.0029,0.0776,0.1178,0.2262,0.0286,0.0185,521.1363,282.5215,620.2814,351.6057,6,570.5500,317.8100,100.2400,69.7600
0.3726,-53.5868,571.1711,317.7776,100.4385,71.8112,0.0110,0.0053,0.0008,0.0034,0.0013,0.0001,0.0004,0.0000,0.0001,0.0013,0.0049,0.0002,0.0004,0.0038,0.0007,0.0022,0.0082,0.0051,0.0067,0.0843,0.1005,0.1304,0.0467,0.0140,520.9519,281.8719,621.3904,353.6832,6,570.5500,317.8100,100.2400,69.7600
0.2789,-49.9996,570.4200,316.8828,99.8253,67.9691,0.0117,0.0099,0.0006,0.0013,0.0014,0.0001,0.0003,0.0000,0.0003,0.0014,0.0032,0.0003,0.0002,0.0017,0.0005,0.0006,0.0065,0.0017,0.0023,0.0451,0.0794,0.1190,0.0250,0.0095,520.5074,282.8983,620.3327,350.8674,6,570.5500,317.8100,100.2400,69.7600
0.2691,-40.5487,569.7070,317.2014,99.0584,68.2896,0.0263,0.0076,0.0014,0.0016,0.0013,0.0001,0.0003,0.0000,0.0004,0.0009,0.0027,0.0011,0.0002,0.0018,0.0006,0.0004,0.0038,0.0030,0.0034,0.0272,0.0519,0.0862,0.0662,0.0271,520.1778,283.0566,619.2362,351.3461,6,570.5500,317.8100,100.2400,69.7600
0.1860,-48.7313,571.0455,317.8833,99.0498,67.5317,0.0059,0.0028,0.0005,0.0024,0.0006,0.0001,0.0003,0.0000,0.0003,0.0006,0.0020,0.0001,0.0001,0.0011,0.0004,0.0002,0.0045,0.0010,0.0010,0.0272,0.0417,0.0859,0.0281,0.0054,521.5206,284.1175,620.5704,351.6491,6,570.5500,317.8100,100.2400,69.7600
0.0540,-47.8370,569.8391,317.3834,99.4852,68.0001,0.0036,0.0010,0.0003,0.0005,0.0004,0.0001,0.0004,0.0000,0.0002,0.0004,0.0017,0.0006,0.0002,0.0006,0.0002,0.0002,0.0014,0.0011,0.0008,0.0084,0.0157,0.0147,0.0132,0.0036,520.0965,283.3834,619.5817,351.3835,6,570.5500,317.8100,100.2400,69.7600
0.0407,-39.4881,569.9083,316.6865,98.5855,66.9011,0.0071,0.0038,0.0010,0.0016,0.0010,0.0001,0.0002,0.0000,0.0006,0.0006,0.0007,0.0004,0.0002,0.0009,0.0004,0.0003,0.0011,0.0011,0.0014,0.0062,0.0125,0.0089,0.0062,0.0029,520.6156,283.2360,619.2011,350.1371,6,570.5500,317.8100,100.2400,69.7600
0.0316,-48.1382,570.5688,317.7245,102.9676,68.3678,0.0018,0.0008,0.0002,0.0008,0.0004,0.0001,0.0007,0.0000,0.0003,0.0003,0.0018,0.0002,0.0002,0.0005,0.0003,0.0002,0.0007,0.0007,0.0007,0.0050,0.0076,0.0149,0.0049,0.0015,519.0851,283.5406,622.0526,351.9084,6,570.5500,317.8100,100.2400,69.7600
0.0308,-58.5311,570.7140,317.3303,101.8459,71.8719,0.0019,0.0012,0.0005,0.0010,0.0005,0.0001,0.0004,0.0001,0.0001,0.0008,0.0009,0.0001,0.0003,0.0012,0.0007,0.0006,0.0017,0.0014,0.0017,0.0068,0.0110,0.0092,0.0022,0.0013,519.7910,281.3943,621.6369,353.2663,6,570.5500,317.8100,100.2400,69.7600
0.0190,-51.1093,571.0044,319.1927,98.9914,66.6123,0.0009,0.0008,0.0002,0.0005,0.0006,0.0001,0.0002,0.0001,0.0002,0.0007,0.0005,0.0002,0.0001,0.0003,0.0002,0.0002,0.0015,0.0004,0.0001,0.0032,0.0053,0.0087,0.0022,0.0008,521.5087,285.8866,620.5001,352.4989,6,570.5500,317.8100,100.2400,69.7600
0.0066,-53.5277,572.2223,318.8092,95.1868,72.3992,0.0003,0.0004,0.0001,0.0002,0.0003,0.0001,0.0002,0.0001,0.0001,0.0005,0.0007,0.0004,0.0001,0.0002,0.0002,0.0004,0.0008,0.0003,0.0001,0.0009,0.0014,0.0034,0.0017,0.0007,524.6289,282.6096,619.8157,355.0088,6,570.5500,317.8100,100.2400,69.7600
0.0038,-57.6527,574.9659,317.6253,91.6646,71.6047,0.0003,0.0003,0.0001,0.0002,0.0003,0.0002,0.0004,0.0001,0.0001,0.0003,0.0005,0.0002,0.0002,0.0003,0.0005,0.0003,0.0003,0.0003,0.0002,0.0007,0.0017,0.0015,0.0009,0.0005,529.1336,281.8230,620.7982,353.4277,6,570.5500,317.8100,100.2400,69.7600
2.4224,-65.7553,184.4764,474.5917,83.5451,98.8893,0.0496,0.0115,0.0058,0.0049,0.0063,0.0001,0.0027,0.0000,0.0001,0.0014,0.0038,0.0004,0.0014,0.0088,0.0016,0.0102,0.0848,0.1255,0.2689,0.7952,0.6419,0.5359,0.0816,0.0457,142.7038,425.1470,226.2489,524.0363,7,184.2600,474.7300,83.5600,97.9000
2.0322,-65.4091,184.4319,474.5254,83.4212,97.7581,0.0438,0.0063,0.0050,0.0035,0.0031,0.0000,0.0021,0.0000,0.0001,0.0005,0.0029,0.0003,0.0011,0.0061,0.0046,0.0095,0.0269,0.0842,0.2407,0.7096,0.5722,0.4019,0.0609,0.0379,142.7213,425.6463,226.1425,523.4044,7,184.2600,474.7300,83.5600,97.9000
2.0204,-70.8302,184.2427,474.6783,84.1059,97.1661,0.0220,0.0098,0.0035,0.0024,0.0031,0.0000,0.0020,0.0000,0.0001,0.0012,0.0094,0.0004,0.0035,0.0080,0.0032,0.0138,0.0775,0.1929,0.2686,0.6808,0.5205,0.3698,0.0230,0.0309,142.1897,426.0952,226.2956,523.2614,7,184.2600,474.7300,83.5600,97.9000
2.0103,-68.1346,184.2182,474.5782,83.9078,98.3804,0.0347,0.0161,0.0051,0.0033,0.0044,0.0000,0.0014,0.0000,0.0002,0.0012,0.0049,0.0003,0.0022,0.0069,0.0013,0.0090,0.0788,0.1170,0.3240,0.6286,0.4741,0.4637,0.0350,0.0239,142.2643,425.3880,226.1721,523.7684,7,184.2600,474.7300,83.5600,97.9000
1.8472,-63.6925,184.2095,475.0631,83.1586,97.5187,0.0500,0.0065,0.0045,0.0023,0.0037,0.0001,0.0014,0.0000,0.0001,0.0007,0.0035,0.0004,0.0014,0.0068,0.0016,0.0065,0.0389,0.0666,0.2057,0.6089,0.5070,0.3894,0.0824,0.0536,142.6302,426.3038,225.7888,523.8225,7,184.2600,474.7300,83.5600,97.9000
1.4038,-66.1352,184.0992,474.9257,83.7067,98.3499,0.0321,0.0071,0.0055,0.0029,0.0036,0.0000,0.0015,0.0000,0.0001,0.0007,0.0026,0.0002,0.0010,0.0096,0.0013,0.0032,0.0456,0.0443,0.1439,0.5933,0.2957,0.3011,0.0304,0.0317,142.2458,425.7508,225.9525,524.1006,7,184.2600,474.7300,83.5600,97.9000
0.8700,-66.2605,183.9864,474.7537,83.5226,97.7639,0.0242,0.0035,0.0025,0.0042,0.0020,0.0000,0.0014,0.0000,0.0001,0.0007,0.0024,0.0003,0.0006,0.0057,0.0016,0.0038,0.0177,0.0340,0.0694,0.4026,0.2016,0.1475,0.0232,0.0185,142.2251,425.8717,225.7477,523.6356,7,184.2600,474.7300,83.5600,97.9000
0.5274,-67.2983,184.0049,475.0257,83.0441,97.1017,0.0084,0.0028,0.0012,0.0018,0.0016,0.0000,0.0015,0.0001,0.0001,0.0007,0.0041,0.0002,0.0011,0.0044,0.0011,0.0026,0.0143,0.0257,0.0406,0.2212,0.1342,0.1101,0.0078,0.0068,142.4828,426.4749,225.5270,523.5766,7,184.2600,474.7300,83.5600,97.9000
0.2861,-64.1522,184.1368,474.9395,83.0351,97.6868,0.0069,0.0017,0.0011,0.0021,0.0011,0.0001,0.0014,0.0001,0.0001,0.0009,0.0014,0.0002,0.0006,0.0022,0.0006,0.0021,0.0111,0.0102,0.0151,0.1109,0.0814,0.0590,0.0111,0.0079,142.6193,426.0961,225.6544,523.7830,7,184.2600,474.7300,83.5600,97.9000
0.1312,-67.3777,184.1133,475.1522,84.0777,97.0063,0.0054,0.0023,0.0009,0.0005,0.0007,0.0000,0.0008,0.0001,0.0002,0.0005,0.0008,0.0004,0.0008,0.0010,0.0006,0.0013,0.0059,0.0123,0.0146,0.0454,0.0320,0.0243,0.0047,0.0034,142.0744,426.6490,226.1521,523.6554,7,184.2600,474.7300,83.5600,97.9000
0.1081,-67.5668,184.3121,474.2501,82.5272,96.7443,0.0035,0.0020,0.0011,0.0012,0.0012,0.0001,0.0004,0.0001,0.0001,0.0006,0.0008,0.0001,0.0004,0.0010,0.0004,0.0019,0.0089,0.0082,0.0168,0.0298,0.0207,0.0301,0.0031,0.0024,143.0486,425.8779,225.5757,522.6222,7,184.2600,474.7300,83.5600,97.9000
0.0997,-65.4577,184.2919,474.4091,83.3956,97.8616,0.0057,0.0035,0.0012,0.0007,0.0008,0.0001,0.0006,0.0001,0.0003,0.0004,0.0006,0.0003,0.0006,0.0008,0.0004,0.0012,0.0048,0.0095,0.0168,0.0284,0.0203,0.0227,0.0041,0.0021,142.5941,425.4783,225.9897,523.3398,7,184.2600,474.7300,83.5600,97.9000
0.0946,-65.2735,184.4896,474.4670,83.4597,97.1827,0.0029,0.0017,0.0008,0.0012,0.0013,0.0001,0.0008,0.0001,0.0001,0.0006,0.0007,0.0002,0.0005,0.0010,0.0004,0.0011,0.0067,0.0081,0.0100,0.0235,0.0267,0.0250,0.0030,0.0026,142.7598,425.8756,226.2195,523.0583,7,184.2600,474.7300,83.5600,97.9000
0.0929,-58.5129,184.2357,475.1752,81.3487,96.1652,0.0028,0.0010,0.0004,0.0006,0.0008,0.0001,0.0008,0.0001,0.0001,0.0004,0.0010,0.0003,0.0003,0.0009,0.0005,0.0007,0.0032,0.0035,0.0034,0.0172,0.0363,0.0303,0.0047,0.0015,143.5614,427.0926,224.9100,523.2578,7,184.2600,474.7300,83.5600,97.9000
0.0747,-81.7630,184.0584,474.7736,82.3004,96.3248,0.0023,0.0015,0.0020,0.0055,0.0027,0.0010,0.0002,0.0013,0.0017,0.0016,0.0009,0.0002,0.0010,0.0017,0.0019,0.0021,0.0059,0.0171,0.0305,0.0206,0.0108,0.0023,0.0009,0.0031,142.9082,426.6111,225.2086,522.9360,7,184.2600,474.7300,83.5600,97.9000
0.0666,-60.7086,184.4188,475.1739,82.1823,97.3168,0.0016,0.0009,0.0004,0.0007,0.0009,0.0000,0.0007,0.0001,0.0002,0.0005,0.0007,0.0003,0.0003,0.0006,0.0003,0.0005,0.0030,0.0031,0.0021,0.0206,0.0168,0.0242,0.0025,0.0009,143.3277,426.5155,225.5100,523.8323,7,184.2600,474.7300,83.5600,97.9000
0.0334,-60.7020,183.9713,474.7296,84.3577,95.9749,0.0014,0.0009,0.0005,0.0009,0.0010,0.0001,0.0006,0.0001,0.0001,0.0004,0.0004,0.0001,0.0003,0.0006,0.0003,0.0003,0.0028,0.0022,0.0026,0.0089,0.0091,0.0100,0.0021,0.0008,141.7924,426.7422,226.1501,522.7170,7,184.2600,474.7300,83.5600,97.9000
0.0285,-76.8548,183.6067,475.0264,82.3726,95.9709,0.0019,0.0012,0.0012,0.0033,0.0025,0.0011,0.0003,0.0011,0.0014,0.0013,0.0005,0.0002,0.0010,0.0014,0.0014,0.0013,0.0040,0.0066,0.0098,0.0092,0.0065,0.0012,0.0007,0.0023,142.4204,427.0409,224.7930,523.0118,7,184.2600,474.7300,83.5600,97.9000
0.0223,-73.0860,183.9774,475.3100,82.0110,96.0696,0.0019,0.0014,0.0008,0.0020,0.0022,0.0010,0.0004,0.0011,0.0009,0.0012,0.0004,0.0002,0.0006,0.0009,0.0009,0.0011,0.0030,0.0050,0.0077,0.0070,0.0055,0.0011,0.0007,0.0019,142.9719,427.2752,224.9829,523.3448,7,184.2600,474.7300,83.5600,97.9000
0.0170,-65.9606,183.6734,476.5018,84.2851,94.0385,0.0010,0.0005,0.0003,0.0006,0.0003,0.0001,0.0007,0.0001,0.0003,0.0002,0.0005,0.0003,0.0005,0.0004,0.0001,0.0003,0.0011,0.0023,0.0019,0.0056,0.0046,0.0034,0.0014,0.0006,141.5308,429.4825,225.8159,523.5210,7,184.2600,474.7300,83.5600,97.9000
0.0144,-64.8216,183.7087,475.8962,81.7333,95.6830,0.0018,0.0009,0.0009,0.0024,0.0020,0.0011,0.0004,0.0007,0.0006,0.0012,0.0003,0.0002,0.0006,0.0012,0.0009,0.0013,0.0021,0.0035,0.0049,0.0035,0.0040,0.0015,0.0011,0.0021,142.8421,428.0547,224.5754,523.7377,7,184.2600,474.7300,83.5600,97.9000
0.0143,-60.1785,184.8837,474.5694,83.8886,97.0323,0.0018,0.0012,0.0006,0.0004,0.0003,0.0001,0.0002,0.0001,0.0001,0.0003,0.0002,0.0002,0.0002,0.0003,0.0002,0.0006,0.0015,0.0016,0.0028,0.0027,0.0029,0.0032,0.0013,0.0008,142.9394,426.0533,226.8281,523.0856,7,184.2600,474.7300,83.5600,97.9000
0.0055,-60.5790,184.8652,475.0393,80.4198,98.2183,0.0003,0.0003,0.0002,0.0004,0.0005,0.0001,0.0005,0.0001,0.0001,0.0005,0.0004,0.0001,0.0002,0.0004,0.0004,0.0004,0.0005,0.0004,0.0005,0.0012,0.0021,0.0025,0.0005,0.0002,144.6554,425.9301,225.0751,524.1484,7,184.2600,474.7300,83.5600,97.9000
0.0055,-72.9879,183.0931,476.3316,82.6704,93.7226,0.0008,0.0008,0.0008,0.0012,0.0011,0.0008,0.0004,0.0007,0.0008,0.0008,0.0006,0.0004,0.0005,0.0007,0.0008,0.0008,0.0013,0.0020,0.0025,0.0017,0.0018,0.0007,0.0007,0.0010,141.7579,429.4703,224.4283,523.1929,7,184.2600,474.7300,83.5600,97.9000
0.0054,-55.2062,184.0555,475.5509,83.6414,96.8204,0.0004,0.0004,0.0002,0.0003,0.0006,0.0001,0.0003,0.0001,0.0001,0.0004,0.0002,0.0002,0.0001,0.0002,0.0002,0.0002,0.0008,0.0005,0.0003,0.0012,0.0015,0.0025,0.0005,0.0002,142.2348,427.1407,225.8763,523.9611,7,184.2600,474.7300,83.5600,97.9000
2.3682,-53.9606,394.4297,325.8123,84.7156,68.0323,0.0304,0.0143,0.0016,0.0092,0.0024,0.0001,0.0013,0.0000,0.0003,0.0016,0.0176,0.0003,0.0004,0.0089,0.0007,0.0028,0.0214,0.0099,0.0176,0.6427,0.6419,0.7282,0.3589,0.0710,352.0719,291.7961,436.7875,359.8284,8,394.5800,326.0400,84.4200,68.2900
2.3136,-51.0044,394.6511,326.1778,85.5354,68.3365,0.0661,0.0099,0.0018,0.0019,0.0028,0.0001,0.0010,0.0000,0.0001,0.0006,0.0101,0.0007,0.0004,0.0052,0.0013,0.0021,0.0118,0.0095,0.0324,0.4888,0.6088,0.7221,0.4610,0.0636,351.8834,292.0096,437.4188,360.3460,8,394.5800,326.0400,84.4200,68.2900
2.2099,-48.8534,394.2231,326.0189,84.2561,68.6229,0.0496,0.0170,0.0005,0.0034,0.0039,0.0002,0.0008,0.0000,0.0001,0.0024,0.0425,0.0008,0.0002,0.0065,0.0012,0.0017,0.0102,0.0077,0.0086,0.3400,0.6063,0.7859,0.4833,0.0757,352.0951,291.7075,436.3512,360.3304,8,394.5800,326.0400,84.4200,68.2900
2.1884,-48.2838,394.7959,325.9464,84.7990,68.5674,0.0354,0.0102,0.0007,0.0033,0.0020,0.0001,0.0012,0.0000,0.0001,0.0009,0.0292,0.0008,0.0002,0.0040,0.0012,0.0010,0.0088,0.0045,0.0084,0.3391,0.5582,0.7182,0.6084,0.0452,352.3964,291.6627,437.1954,360.2301,8,394.5800,326.0400,84.4200,68.2900
2.0031,-52.3444,394.6570,326.2608,85.1625,67.7658,0.0454,0.0139,0.0014,0.0031,0.0037,0.0001,0.0009,0.0000,0.0001,0.0015,0.0146,0.0004,0.0004,0.0057,0.0009,0.0010,0.0270,0.0136,0.0152,0.4372,0.5434,0.6899,0.3095,0.0595,352.0758,292.3779,437.2383,360.1437,8,394.5800,326.0400,84.4200,68.2900
1.9952,-49.7549,394.4991,326.1118,84.8846,68.2834,0.0503,0.0202,0.0008,0.0047,0.0040,0.0002,0.0006,0.0000,0.0002,0.0030,0.0219,0.0005,0.0003,0.0043,0.0011,0.0018,0.0236,0.0053,0.0088,0.3225,0.5472,0.7552,0.3559,0.0574,352.0568,291.9701,436.9414,360.2535,8,394.5800,326.0400,84.4200,68.2900
1.8856,-48.9675,394.4882,325.6755,84.4418,68.7173,0.0310,0.0164,0.0009,0.0058,0.0012,0.0001,0.0009,0.0000,0.0004,0.0010,0.0228,0.0006,0.0002,0.0036,0.0005,0.0012,0.0049,0.0037,0.0049,0.3437,0.4999,0.6267,0.3991,0.0904,352.2673,291.3168,436.7091,360.0342,8,394.5800,326.0400,84.4200,68.2900
1.5867,-54.0068,395.1848,326.3926,84.0138,67.7663,0.0430,0.0062,0.0008,0.0017,0.0031,0.0000,0.0014,0.0000,0.0001,0.0010,0.0044,0.0009,0.0006,0.0030,0.0008,0.0016,0.0151,0.0156,0.0197,0.3411,0.4957,0.5447,0.1926,0.0149,353.1779,292.5095,437.1916,360.2758,8,394.5800,326.0400,84.4200,68.2900
1.2101,-50.3962,393.6471,325.7270,83.6031,68.5302,0.0238,0.0074,0.0006,0.0032,0.0012,0.0001,0.0013,0.0000,0.0005,0.0011,0.0179,0.0009,0.0003,0.0028,0.0004,0.0006,0.0041,0.0040,0.0044,0.2357,0.3024,0.4571,0.2359,0.0222,351.8456,291.4619,435.4486,359.9921,8,394.5800,326.0400,84.4200,68.2900
1.1459,-48.8502,394.0188,325.9910,83.2927,69.0497,0.0441,0.0189,0.0013,0.0044,0.0043,0.0001,0.0005,0.0000,0.0004,0.0026,0.0108,0.0003,0.0003,0.0044,0.0009,0.0010,0.0155,0.0050,0.0090,0.1563,0.2873,0.5392,0.1259,0.0391,352.3725,291.4661,435.6651,360.5158,8,394.5800,326.0400,84.4200,68.2900
0.6236,-54.3184,397.0262,326.6702,80.7262,66.8613,0.0090,0.0055,0.0004,0.0026,0.0023,0.0000,0.0006,0.0000,0.0002,0.0014,0.0026,0.0004,0.0003,0.0020,0.0005,0.0004,0.0089,0.0058,0.0027,0.1423,0.1719,0.2570,0.0583,0.0039,356.6631,293.2396,437.3893,360.1008,8,394.5800,326.0400,84.4200,68.2900
0.2200,-56.8180,395.8159,325.6734,82.2054,68.2221,0.0032,0.0016,0.0004,0.0025,0.0011,0.0001,0.0017,0.0001,0.0003,0.0011,0.0019,0.0001,0.0003,0.0016,0.0005,0.0005,0.0030,0.0023,0.0027,0.0597,0.0761,0.0698,0.0186,0.0014,354.7132,291.5623,436.9185,359.7845,8,394.5800,326.0400,84.4200,68.2900
0.1821,-48.2586,393.5905,326.3029,83.4575,68.0625,0.0103,0.0027,0.0004,0.0008,0.0007,0.0001,0.0005,0.0000,0.0001,0.0007,0.0021,0.0006,0.0002,0.0010,0.0003,0.0006,0.0029,0.0020,0.0022,0.0307,0.0422,0.0656,0.0372,0.0065,351.8617,292.2717,435.3192,360.3342,8,394.5800,326.0400,84.4200,68.2900
0.1096,-44.5461,393.0058,326.2557,81.6440,68.8059,0.0102,0.0044,0.0008,0.0012,0.0014,0.0001,0.0003,0.0000,0.0004,0.0008,0.0017,0.0005,0.0002,0.0010,0.0004,0.0005,0.0036,0.0024,0.0026,0.0125,0.0269,0.0406,0.0141,0.0111,352.1838,291.8527,433.8278,360.6586,8,394.5800,326.0400,84.4200,68.2900
0.0229,-53.5699,393.6280,325.4828,84.7238,67.3391,0.0013,0.0005,0.0003,0.0007,0.0002,0.0001,0.0005,0.0000,0.0003,0.0003,0.0010,0.0003,0.0002,0.0005,0.0001,0.0002,0.0010,0.0008,0.0007,0.0066,0.0062,0.0056,0.0045,0.0015,351.2661,291.8133,435.9899,359.1523,8,394.5800,326.0400,84.4200,68.2900
0.0190,-52.0373,394.4260,325.8621,83.5367,68.6596,0.0016,0.0010,0.0003,0.0004,0.0004,0.0001,0.0003,0.0001,0.0002,0.0003,0.0006,0.0002,0.0002,0.0004,0.0002,0.0002,0.0014,0.0008,0.0007,0.0035,0.0059,0.0066,0.0012,0.0016,352.6576,291.5323,436.1943,360.1919,8,394.5800,326.0400,84.4200,68.2900
0.0119,-46.4657,394.5077,325.6848,81.3045,69.0991,0.0010,0.0011,0.0003,0.0003,0.0005,0.0001,0.0002,0.0001,0.0001,0.0006,0.0005,0.0002,0.0001,0.0003,0.0002,0.0003,0.0010,0.0003,0.0003,0.0015,0.0032,0.0056,0.0010,0.0009,353.8554,291.1352,435.1599,360.2343,8,394.5800,326.0400,84.4200,68.2900
0.0060,-54.9696,397.5732,325.5927,78.9889,66.9682,0.0007,0.0004,0.0002,0.0004,0.0002,0.0001,0.0002,0.0001,0.0002,0.0002,0.0004,0.0001,0.0002,0.0003,0.0002,0.0001,0.0008,0.0004,0.0004,0.0012,0.0021,0.0016,0.0008,0.0004,358.0787,292.1086,437.0676,359.0768,8,394.5800,326.0400,84.4200,68.2900
0.0032,-40.8505,394.6337,326.4306,83.7145,69.2661,0.0003,0.0004,0.0001,0.0005,0.0003,0.0002,0.0003,0.0001,0.0002,0.0004,0.0008,0.0001,0.0001,0.0002,0.0001,0.0002,0.0003,0.0003,0.0002,0.0006,0.0012,0.0018,0.0009,0.0003,352.7764,291.7975,436.4909,361.0637,8,394.5800,326.0400,84.4200,68.2900
0.0022,-27.1900,394.2825,326.2346,84.0572,69.6618,0.0003,0.0003,0.0001,0.0005,0.0003,0.0002,0.0003,0.0001,0.0003,0.0004,0.0005,0.0001,0.0001,0.0002,0.0002,0.0002,0.0001,0.0002,0.0001,0.0004,0.0007,0.0016,0.0006,0.0003,352.2540,291.4037,436.3111,361.0655,8,394.5800,326.0400,84.4200,68.2900
2.2069,-59.2432,214.0255,323.9722,73.2543,69.1109,0.0436,0.0111,0.0026,0.0029,0.0052,0.0001,0.0028,0.0000,0.0001,0.0014,0.0092,0.0006,0.0011,0.0065,0.0013,0.0028,0.0433,0.0546,0.0844,0.6568,0.6497,0.6396,0.1511,0.0467,177.3983,289.4168,250.6526,358.5277,9,214.2100,323.9900,73.0400,69.1000
2.0472,-58.6120,214.2343,323.9829,72.8677,69.2750,0.0390,0.0054,0.0031,0.0032,0.0030,0.0000,0.0021,0.0000,0.0002,0.0003,0.0044,0.0003,0.0006,0.0037,0.0020,0.0026,0.0169,0.0289,0.1113,0.6109,0.5731,0.6025,0.1635,0.0323,177.8004,289.3454,250.6681,358.6205,9,214.2100,323.9900,73.0400,69.1000
2.0441,-59.9158,214.4895,323.9585,73.2414,69.1792,0.0404,0.0101,0.0032,0.0095,0.0033,0.0000,0.0012,0.0000,0.0003,0.0010,0.0110,0.0003,0.0007,0.0095,0.0012,0.0049,0.0338,0.0360,0.0803,0.6910,0.5680,0.5867,0.1074,0.0454,177.8688,289.3689,251.1102,358.5481,9,214.2100,323.9900,73.0400,69.1000
1.9689,-60.9894,214.0692,323.9429,73.0323,69.4106,0.0657,0.0057,0.0031,0.0027,0.0039,0.0000,0.0021,0.0000,0.0001,0.0006,0.0032,0.0006,0.0011,0.0060,0.0015,0.0039,0.0336,0.0609,0.1444,0.6100,0.5660,0.5047,0.1014,0.0401,177.5530,289.2376,250.5853,358.6482,9,214.2100,323.9900,73.0400,69.1000
1.9540,-60.6598,214.1759,324.1785,72.9827,68.9962,0.0264,0.0075,0.0020,0.0033,0.0033,0.0001,0.0015,0.0000,0.0002,0.0008,0.0132,0.0003,0.0008,0.0056,0.0013,0.0042,0.0302,0.0582,0.1090,0.6193,0.5406,0.5413,0.1219,0.0539,177.6845,289.6803,250.6672,358.6766,9,214.2100,323.9900,73.0400,69.1000
1.9347,-58.1573,214.1222,324.0606,73.2043,68.8734,0.0375,0.0124,0.0020,0.0051,0.0033,0.0001,0.0007,0.0000,0.0003,0.0017,0.0113,0.0003,0.0007,0.0050,0.0006,0.0036,0.0414,0.0297,0.0669,0.5801,0.5140,0.6055,0.1695,0.0317,177.5200,289.6239,250.7243,358.4973,9,214.2100,323.9900,73.0400,69.1000
1.5714,-61.4013,213.9572,323.6797,72.8221,68.7190,0.0274,0.0074,0.0022,0.0034,0.0044,0.0000,0.0019,0.0000,0.0002,0.0011,0.0030,0.0003,0.0007,0.0070,0.0008,0.0014,0.0228,0.0363,0.0524,0.5972,0.4190,0.4231,0.0823,0.0109,177.5462,289.3202,250.3683,358.0392,9,214.2100,323.9900,73.0400,69.1000
1.4862,-56.8761,214.4962,324.0732,72.9365,69.3661,0.0247,0.0092,0.0014,0.0051,0.0019,0.0001,0.0011,0.0000,0.0004,0.0006,0.0107,0.0003,0.0004,0.0055,0.0006,0.0018,0.0092,0.0125,0.0362,0.4273,0.3984,0.5658,0.0731,0.0261,178.0280,289.3901,250.9645,358.7562,9,214.2100,323.9900,73.0400,69.1000
0.3182,-61.0071,214.1111,323.6960,73.4486,69.2154,0.0091,0.0033,0.0013,0.0031,0.0014,0.0001,0.0014,0.0001,0.0002,0.0013,0.0016,0.0002,0.0005,0.0029,0.0009,0.0016,0.0097,0.0096,0.0132,0.1046,0.0990,0.0802,0.0179,0.0042,177.3868,289.0883,250.8354,358.3037,9,214.2100,323.9900,73.0400,69.1000
0.2527,-53.8418,214.3877,324.6939,73.1252,68.7895,0.0120,0.0039,0.0006,0.0009,0.0010,0.0001,0.0006,0.0000,0.0001,0.0009,0.0019,0.0005,0.0002,0.0011,0.0004,0.0008,0.0042,0.0053,0.0057,0.0628,0.0621,0.0925,0.0253,0.0056,177.8250,290.2991,250.9503,359.0887,9,214.2100,323.9900,73.0400,69.1000
0.1453,-52.3732,214.1042,324.6967,73.3432,69.6404,0.0104,0.0067,0.0013,0.0013,0.0015,0.0001,0.0003,0.0000,0.0004,0.0009,0.0016,0.0003,0.0003,0.0013,0.0004,0.0007,0.0052,0.0050,0.0079,0.0294,0.0382,0.0480,0.0131,0.0061,177.4326,289.8765,250.7757,359.5169,9,214.2100,323.9900,73.0400,69.1000
0.0661,-53.9072,214.4251,324.3160,72.4952,68.4805,0.0033,0.0011,0.0005,0.0011,0.0004,0.0001,0.0008,0.0000,0.0004,0.0003,0.0012,0.0003,0.0003,0.0005,0.0001,0.0003,0.0017,0.0018,0.0021,0.0176,0.0166,0.0216,0.0089,0.0016,178.1775,290.0757,250.6727,358.5562,9,214.2100,323.9900,73.0400,69.1000
0.0418,-61.8435,216.6003,322.5956,66.7445,65.9983,0.0012,0.0009,0.0003,0.0007,0.0008,0.0001,0.0004,0.0000,0.0002,0.0004,0.0008,0.0003,0.0003,0.0006,0.0003,0.0005,0.0026,0.0030,0.0024,0.0114,0.0099,0.0143,0.0030,0.0009,183.2281,289.5965,249.9726,355.5947,9,214.2100,323.9900,73.0400,69.1000
0.0351,-62.3567,215.9062,322.6747,69.8566,66.1233,0.0020,0.0005,0.0003,0.0004,0.0005,0.0001,0.0008,0.0001,0.0001,0.0004,0.0006,0.0002,0.0003,0.0008,0.0006,0.0005,0.0020,0.0021,0.0029,0.0091,0.0103,0.0107,0.0015,0.0011,180.9780,289.6130,250.8345,355.7363,9,214.2100,323.9900,73.0400,69.1000
0.0340,-59.4116,214.3845,323.5891,73.8062,68.4407,0.0015,0.0012,0.0004,0.0007,0.0005,0.0001,0.0005,0.0001,0.0002,0.0003,0.0005,0.0002,0.0004,0.0005,0.0002,0.0002,0.0019,0.0026,0.0021,0.0074,0.0123,0.0089,0.0022,0.0009,177.4814,289.3687,251.2875,357.8094,9,214.2100,323.9900,73.0400,69.1000
0.0275,-56.8834,214.7956,323.7863,72.2216,68.8580,0.0020,0.0015,0.0004,0.0005,0.0005,0.0001,0.0003,0.0001,0.0002,0.0004,0.0006,0.0002,0.0002,0.0004,0.0001,0.0004,0.0024,0.0012,0.0021,0.0075,0.0059,0.0089,0.0016,0.0018,178.6848,289.3573,250.9064,358.2153,9,214.2100,323.9900,73.0400,69.1000
0.0161,-56.9200,215.0434,322.9977,71.0984,66.9015,0.0012,0.0007,0.0004,0.0007,0.0006,0.0001,0.0004,0.0001,0.0002,0.0003,0.0003,0.0001,0.0002,0.0004,0.0003,0.0001,0.0015,0.0011,0.0010,0.0038,0.0048,0.0049,0.0015,0.0004,179.4942,289.5470,250.5925,356.4485,9,214.2100,323.9900,73.0400,69.1000
0.0125,-143.8039,628.5395,491.0973,22.8979,100.4454,0.0003,0.0000,0.0001,0.0002,0.0003,0.0001,0.0001,0.0009,0.0007,0.0006,0.0027,0.0001,0.0007,0.0017,0.0044,0.0012,0.0032,0.0019,0.0014,0.0007,0.0010,0.0001,0.0001,0.0008,617.0905,440.8746,639.9885,541.3200,10,629.7500,492.9800,20.3100,100.4000
0.0062,-130.8604,628.7006,495.0936,22.4219,97.5962,0.0002,0.0000,0.0001,0.0001,0.0003,0.0001,0.0001,0.0005,0.0003,0.0002,0.0008,0.0001,0.0003,0.0007,0.0015,0.0008,0.0021,0.0016,0.0008,0.0003,0.0006,0.0001,0.0001,0.0004,617.4896,446.2955,639.9115,543.8917,10,629.7500,492.9800,20.3100,100.4000
0.0043,-170.2498,632.6499,494.8450,14.0182,104.1911,0.0003,0.0001,0.0001,0.0001,0.0002,0.0001,0.0002,0.0005,0.0005,0.0003,0.0011,0.0002,0.0015,0.0008,0.0011,0.0007,0.0006,0.0003,0.0004,0.0002,0.0004,0.0000,0.0001,0.0005,625.6408,442.7495,639.6590,546.9406,10,629.7500,492.9800,20.3100,100.4000
0.0040,-173.9296,632.0442,493.5250,15.7584,100.5137,0.0003,0.0001,0.0001,0.0001,0.0002,0.0002,0.0003,0.0006,0.0005,0.0002,0.0009,0.0002,0.0015,0.0007,0.0009,0.0007,0.0006,0.0003,0.0004,0.0002,0.0003,0.0000,0.0001,0.0004,624.1650,443.2681,639.9234,543.7819,10,629.7500,492.9800,20.3100,100.4000
0.0050,-43.2815,403.8283,457.4262,100.1393,40.4023,0.0011,0.0005,0.0004,0.0006,0.0004,0.0001,0.0001,0.0001,0.0003,0.0003,0.0003,0.0002,0.0002,0.0003,0.0003,0.0003,0.0008,0.0005,0.0006,0.0008,0.0012,0.0015,0.0006,0.0009,353.7586,437.2250,453.8979,477.6274,11,403.8300,457.4300,100.1400,40.4000
0.0040,50.1361,7.9282,242.8591,15.9473,78.2113,0.0002,0.0004,0.0019,0.0013,0.0023,0.0012,0.0005,0.0003,0.0001,0.0002,0.0001,0.0001,0.0005,0.0005,0.0003,0.0007,0.0007,0.0010,0.0004,0.0001,0.0001,0.0000,0.0001,0.0005,-0.0455,203.7534,15.9018,281.9648,12,7.6800,241.2500,15.5000,78.3300
0.0034,52.9511,7.3954,239.3572,14.9683,78.4714,0.0003,0.0005,0.0023,0.0019,0.0023,0.0008,0.0005,0.0005,0.0003,0.0004,0.0002,0.0001,0.0006,0.0008,0.0005,0.0008,0.0007,0.0016,0.0006,0.0001,0.0002,0.0000,0.0001,0.0005,-0.0887,200.1215,14.8796,278.5929,12,7.6800,241.2500,15.5000,78.3300
0.0026,149.1340,3.5920,236.4272,7.1944,69.6537,0.0002,0.0001,0.0006,0.0008,0.0019,0.0016,0.0010,0.0011,0.0003,0.0005,0.0002,0.0001,0.0002,0.0011,0.0016,0.0016,0.0012,0.0015,0.0003,0.0001,0.0002,0.0000,0.0003,0.0005,-0.0052,201.6003,7.1892,271.2541,13,3.8400,237.8100,7.6600,71.5800
0.0016,138.1673,4.2311,240.0215,8.4107,74.6827,0.0002,0.0001,0.0005,0.0008,0.0016,0.0015,0.0007,0.0009,0.0001,0.0003,0.0002,0.0000,0.0001,0.0008,0.0012,0.0013,0.0010,0.0012,0.0003,0.0001,0.0002,0.0000,0.0002,0.0004,0.0258,202.6802,8.4365,277.3629,13,3.8400,237.8100,7.6600,71.5800
