frame_id,timestamp,mode,input_width,input_height,roi_w,roi_h,inf_time_ms,end_to_end_time_ms,cpu_load_pct,end_to_end_cpu_load_pct,fps,x_center,y_center,width,height,iou_prev_bbox,group1_magnitude,group1_angle,group2_magnitude,group2_angle,best_conf,tracking_lost
2379,11:07:12.421,ROI,160,160,288,288,192.54,193.42,0.0,10.1,5.17,608.09,368.54,137.86,90.25,0.9847,16.3600,-4.5300,0.0700,10.1500,0.8872,0
2380,11:07:12.623,ROI,160,160,288,288,140.99,141.77,0.0,5.5,7.05,608.22,368.54,138.02,90.56,0.9948,16.4300,-4.2800,0.0600,4.2700,0.8813,0
2381,11:07:12.781,ROI,160,160,288,288,140.84,141.82,0.0,27.55,7.05,608.43,368.88,138.55,90.90,0.9888,16.4300,-4.6600,0.0800,6.4300,0.8833,0
2382,11:07:12.938,ROI,160,160,288,288,137.02,138.25,24.275,16.95,7.23,607.96,369.15,138.73,91.51,0.9866,16.4300,-4.2500,0.1900,5.3500,0.8799,0
2383,11:07:13.093,ROI,160,160,288,288,145.34,146.30,0.0,21.375,6.84,607.86,369.92,140.47,90.83,0.9713,15.7800,-4.4400,0.0400,-7.7600,0.8833,0
2384,11:07:13.254,ROI,160,160,288,288,148.00,148.84,26.5,31.5,6.72,606.91,370.13,139.41,91.37,0.9807,15.8400,-4.2100,0.0300,-6.0900,0.8882,0
2385,11:07:13.418,ROI,160,160,288,288,128.63,129.57,0.0,12.05,7.72,606.94,369.55,140.04,89.42,0.9744,16.2100,-4.7000,0.1800,0.8000,0.8677,0
2386,11:07:13.565,ROI,160,160,288,288,140.39,141.27,0.0,19.35,7.08,606.54,369.83,137.32,89.68,0.9746,16.6900,-4.7900,0.1200,-8.9600,0.9014,0
2387,11:07:13.722,ROI,160,160,288,288,136.78,137.64,24.125,28.375,7.27,606.36,369.32,136.78,89.46,0.9849,16.3500,-5.0100,0.1600,-9.1300,0.8804,0
2388,11:07:13.876,ROI,160,160,288,288,141.06,142.20,0.0,16.475,7.03,606.29,369.38,137.05,89.86,0.9936,16.2900,-5.1100,0.1600,-9.7700,0.8853,0
2389,11:07:14.034,ROI,160,160,288,288,145.36,146.61,50.35,23.975,6.82,606.22,369.43,136.71,89.42,0.9927,16.5400,-4.9600,0.1300,-8.7000,0.9028,0
2390,11:07:14.197,ROI,160,160,288,288,153.27,154.19,0.0,17.725,6.49,606.58,369.41,137.41,89.66,0.9922,16.6800,-5.1500,0.1700,-8.9200,0.8911,0
2391,11:07:14.367,ROI,160,160,288,288,139.86,140.96,24.325,27.725,7.09,606.58,369.40,136.78,89.69,0.9950,16.6700,-5.2200,0.2300,-8.6800,0.8911,0
2392,11:07:14.521,ROI,160,160,288,288,110.80,111.44,30.15,10.525,8.97,606.47,369.41,137.07,89.41,0.9947,16.3700,-5.0900,0.1500,-9.2900,0.8872,0
2393,11:07:14.645,ROI,160,160,288,288,134.85,135.68,0.0,14.4,7.37,607.67,369.07,137.21,89.96,0.9752,15.9800,-3.1500,0.1000,-7.7300,0.9028,0
2394,11:07:14.796,ROI,160,160,288,288,149.73,150.23,0.0,10.4,6.66,611.77,369.09,137.43,91.22,0.9294,17.0400,-4.2100,0.0500,-10.1400,0.8911,0
2395,11:07:14.960,ROI,160,160,288,288,105.02,106.25,0.0,18.375,9.41,618.09,369.09,137.34,90.68,0.9069,16.5700,-3.0700,0.2100,2.6500,0.9185,0
2396,11:07:15.080,ROI,160,160,288,288,82.39,83.00,28.275,0.0,12.05,623.85,369.18,139.07,92.25,0.9049,18.7300,-3.6700,0.6400,-2.9400,0.8921,0
2397,11:07:15.177,ROI,160,160,288,288,112.26,113.14,0.0,10.35,8.84,630.63,369.97,143.44,92.27,0.8936,18.6500,-3.9800,0.4000,-6.2100,0.9038,0
2398,11:07:15.303,ROI,160,160,288,288,108.46,109.28,0.0,3.575,9.15,633.73,369.40,137.90,91.51,0.9451,19.0200,-2.9500,0.1900,-1.6700,0.9111,0
2399,11:07:15.427,ROI,160,160,288,288,128.01,128.86,26.2,12.125,7.76,640.38,367.52,140.24,91.82,0.8739,18.2500,-0.6000,0.1600,2.6500,0.9175,0
2400,11:07:15.569,ROI,160,160,288,288,112.96,113.60,0.0,10.325,8.80,649.23,365.85,138.60,91.58,0.8508,17.1800,4.0900,0.1500,9.0000,0.9175,0
2401,11:07:15.696,ROI,160,160,288,288,141.64,142.43,0.0,10.975,7.02,654.22,363.99,139.10,90.25,0.8947,18.4000,10.0700,0.0300,11.6300,0.9551,0
2402,11:07:15.851,ROI,160,160,288,288,101.45,102.06,0.0,11.475,9.80,663.09,361.81,134.15,91.44,0.8395,18.8100,15.7300,0.0100,17.9200,0.9707,0
2403,11:07:15.967,ROI,160,160,288,288,95.49,96.15,0.0,0.0,10.40,668.83,360.64,132.71,92.05,0.8953,19.5000,15.5100,0.0100,17.4500,0.9595,0
2404,11:07:16.077,ROI,160,160,288,288,133.46,134.12,0.0,14.55,7.46,673.85,357.91,129.78,95.60,0.8762,19.4500,17.7900,0.1200,20.0000,0.9658,0
2405,11:07:16.227,ROI,160,160,288,288,112.56,113.90,24.525,3.425,8.78,680.70,355.63,130.16,99.16,0.8606,19.8500,21.2000,0.0300,17.8600,0.9482,0
2406,11:07:16.357,ROI,160,160,288,288,126.06,126.87,25.125,24.625,7.88,684.46,353.06,125.33,98.73,0.8962,18.7200,25.8800,0.0100,27.3700,0.8818,0
2407,11:07:16.498,ROI,160,160,256,256,124.22,124.75,0.0,25.05,8.02,690.14,351.99,123.73,101.58,0.8884,16.7200,30.5200,0.3300,29.8600,0.8833,0
2408,11:07:16.637,ROI,160,160,256,256,128.03,129.83,26.225,21.05,7.70,698.80,348.22,120.72,103.70,0.8101,16.3200,33.5400,0.3400,32.9000,0.8657,0
2409,11:07:16.781,ROI,160,160,256,256,129.68,130.20,0.0,9.0,7.68,701.73,345.54,113.34,102.72,0.8925,16.9500,38.2400,0.8800,41.4400,0.8496,0
2410,11:07:16.926,ROI,160,160,256,256,96.82,98.43,0.0,3.975,10.16,707.94,340.73,113.71,104.46,0.8204,16.1800,44.0000,0.6900,45.3800,0.8628,0
2411,11:07:17.039,ROI,160,160,256,256,107.59,108.56,27.85,3.6,9.21,711.11,339.46,112.13,107.02,0.9236,15.6900,49.5200,0.2800,27.4900,0.8804,0
2412,11:07:17.162,ROI,160,160,256,256,104.96,105.68,27.375,7.4,9.46,716.74,334.22,112.37,101.84,0.8218,14.2200,49.7200,0.0500,65.1700,0.8247,0
2413,11:07:17.280,ROI,160,160,256,256,136.34,137.03,0.0,11.4,7.30,718.06,333.22,110.06,105.07,0.9471,14.1100,52.2100,0.1800,11.0200,0.8662,0
2414,11:07:17.431,ROI,160,160,224,224,95.32,96.20,0.0,4.05,10.39,722.58,328.07,100.60,101.92,0.8298,16.4600,60.8000,0.1900,66.4000,0.9414,0
2415,11:07:17.539,ROI,160,160,224,224,126.22,127.03,0.0,21.525,7.87,725.43,322.81,97.94,103.77,0.8547,16.1100,58.1700,0.1100,52.7400,0.9268,0
2416,11:07:17.682,ROI,160,160,224,224,113.28,113.94,24.7,3.425,8.78,728.25,319.82,96.18,102.13,0.8916,16.0300,59.8000,0.0400,58.2500,0.9185,0
2417,11:07:17.809,ROI,160,160,224,224,106.10,107.26,0.0,14.575,9.32,731.47,314.31,94.43,104.92,0.8431,16.1000,63.4500,0.0100,90.9700,0.9116,0
2418,11:07:17.929,ROI,160,160,224,224,109.43,110.36,0.0,14.15,9.06,734.86,312.46,94.04,101.71,0.8988,15.9400,64.5200,0.0300,83.7900,0.8799,0
2419,11:07:18.052,ROI,160,160,224,224,96.24,97.04,0.0,4.025,10.31,735.97,306.04,94.74,99.01,0.8605,15.7700,67.2300,0.0100,84.2900,0.8857,0
2420,11:07:18.163,ROI,160,160,224,224,84.61,85.28,0.0,4.575,11.73,736.15,305.58,91.20,97.17,0.9448,15.9900,69.1600,0.0800,42.0900,0.9126,0
2421,11:07:18.259,ROI,160,160,224,224,122.48,123.35,0.0,9.5,8.11,739.33,299.74,86.37,96.52,0.8279,15.4300,72.1100,0.1500,46.5700,0.8750,0
2422,11:07:18.396,ROI,160,160,224,224,99.02,99.77,29.025,3.925,10.02,741.65,297.00,89.17,98.41,0.8978,15.1600,74.2500,0.0900,47.1500,0.8193,0
2423,11:07:18.508,ROI,160,160,224,224,105.84,106.50,32.1,11.0,9.39,742.83,294.35,85.04,98.43,0.9048,15.5100,75.3600,0.0100,56.8800,0.8433,0
2424,11:07:18.627,ROI,160,160,224,224,116.14,116.83,0.0,23.4,8.56,744.86,288.71,84.56,99.78,0.8529,13.5400,76.0200,0.0100,5.4800,0.7788,0
2425,11:07:18.759,ROI,160,160,224,224,117.30,118.05,0.0,19.85,8.47,745.48,287.05,85.86,101.53,0.9530,14.7600,75.3000,0.0100,88.9400,0.8232,0
2426,11:07:18.889,ROI,160,160,224,224,96.29,97.08,0.0,8.05,10.30,745.52,283.46,88.84,102.07,0.9015,13.5000,74.0300,0.0100,68.7800,0.7822,0
2427,11:07:18.998,ROI,160,160,224,224,112.11,112.81,0.0,24.25,8.86,746.05,282.43,86.42,99.09,0.9443,13.1200,74.8700,0.0100,71.8300,0.7241,0
2428,11:07:19.125,ROI,160,160,224,224,121.46,122.11,0.0,3.2,8.19,746.85,278.47,86.63,103.04,0.9083,13.2100,80.5900,0.2800,86.3800,0.8433,0
2429,11:07:19.260,ROI,160,160,224,224,122.37,123.17,0.0,0.0,8.12,745.17,269.14,85.06,107.53,0.8078,14.8000,88.6400,0.0200,2.0100,0.9360,0
2430,11:07:19.395,ROI,160,160,224,224,112.92,113.68,0.0,17.175,8.80,743.10,267.59,88.97,107.74,0.9268,14.8200,91.7500,0.0800,31.7600,0.8750,0
2431,11:07:19.519,ROI,160,160,224,224,124.05,124.81,0.0,0.0,8.01,746.29,264.76,87.77,103.56,0.8831,18.4000,88.0900,0.2100,98.1200,0.9111,0
2432,11:07:19.656,ROI,160,160,224,224,136.68,137.41,0.0,17.05,7.28,739.11,254.16,89.14,99.40,0.6992,15.0300,99.3700,0.1000,97.8100,0.9473,0
2433,11:07:19.807,ROI,160,160,224,224,122.38,123.43,0.0,0.0,8.10,738.69,249.91,93.28,99.88,0.8790,15.3800,97.4100,0.1400,105.8000,0.9316,0
2434,11:07:19.942,ROI,160,160,224,224,154.86,155.46,0.0,2.525,6.43,735.76,246.89,90.71,95.94,0.8831,12.4800,97.2600,0.4800,98.5100,0.8218,0
2435,11:07:20.109,ROI,160,160,192,192,91.14,91.82,32.8,8.5,10.89,732.11,239.68,91.52,96.19,0.7984,13.1500,102.4000,0.0600,107.6000,0.8076,0
2436,11:07:20.215,ROI,160,160,224,224,121.73,122.44,0.0,6.375,8.17,732.67,235.51,96.80,97.57,0.8693,12.7700,105.8500,0.3100,98.3800,0.9014,0
2437,11:07:20.353,ROI,160,160,224,224,99.85,100.57,0.0,3.875,9.94,729.06,231.84,101.37,96.91,0.8642,13.1600,109.2700,0.6800,105.1100,0.8677,0
2438,11:07:20.466,ROI,160,160,224,224,100.70,101.85,0.0,7.675,9.82,725.26,224.24,105.04,96.61,0.7979,14.9600,115.2900,0.0800,106.1700,0.8706,0
2439,11:07:20.580,ROI,160,160,224,224,101.33,102.48,0.0,0.0,9.76,724.50,226.52,100.93,100.30,0.9188,9.2500,105.1800,0.4400,103.6200,0.6953,0
2440,11:07:20.696,ROI,160,160,224,224,87.38,88.12,0.0,0.0,11.35,721.17,219.21,101.99,95.98,0.8104,13.3900,116.7400,0.1300,101.3100,0.9126,0
2441,11:07:20.799,ROI,160,160,224,224,110.90,111.53,0.0,3.5,8.97,718.00,217.59,102.19,93.49,0.9091,14.1800,122.7900,0.6600,117.8500,0.9038,0
2442,11:07:20.922,ROI,160,160,224,224,93.53,94.26,33.15,4.15,10.61,715.61,213.14,101.68,90.23,0.8676,15.2300,125.9400,0.6200,122.5600,0.8535,0
2443,11:07:21.031,ROI,160,160,224,224,84.63,85.38,0.0,18.3,11.71,714.86,211.25,101.61,89.35,0.9452,13.4700,126.1600,0.3800,117.8200,0.7783,0
2444,11:07:21.130,ROI,160,160,224,224,104.35,105.06,0.0,0.0,9.52,710.75,206.62,102.94,85.55,0.8334,11.7600,133.5300,0.1800,1.4300,0.7456,0
2445,11:07:21.247,ROI,160,160,224,224,103.20,104.13,0.0,3.75,9.60,707.27,203.21,107.56,84.07,0.8662,13.3000,138.5300,0.4400,138.3900,0.7900,0
2446,11:07:21.363,ROI,160,160,224,224,116.22,116.79,0.0,6.7,8.56,705.10,200.55,107.90,84.39,0.9026,14.6400,139.3000,0.0500,145.5000,0.8232,0
2447,11:07:21.492,ROI,160,160,224,224,105.98,107.13,31.95,3.65,9.33,698.80,196.19,107.34,83.96,0.8062,14.0000,139.1000,0.1400,135.3700,0.8921,0
2448,11:07:21.611,ROI,160,160,224,224,130.15,130.79,0.0,11.95,7.65,694.85,193.49,112.31,82.00,0.8743,14.8100,146.8800,0.1100,140.5100,0.9038,0
2449,11:07:21.754,ROI,160,160,256,256,134.31,135.15,0.0,2.9,7.40,690.77,191.43,112.70,80.10,0.8854,15.1200,152.2600,0.3100,50.5400,0.9341,0
2450,11:07:21.906,ROI,160,160,256,256,138.56,139.34,0.0,2.8,7.18,684.86,187.59,114.64,80.96,0.8228,14.0300,150.2000,0.1900,26.4600,0.9175,0
2451,11:07:22.058,ROI,160,160,256,256,151.30,152.00,0.0,2.575,6.58,680.11,185.45,115.54,79.57,0.8746,13.7800,152.4700,0.0100,146.3000,0.9023,0
2452,11:07:22.224,ROI,160,160,256,256,156.21,156.98,0.0,9.95,6.37,676.82,183.58,113.66,78.93,0.9016,13.7200,152.4200,0.0100,117.6700,0.9092,0
2453,11:07:22.395,ROI,160,160,256,256,163.32,164.11,0.0,2.375,6.09,668.14,180.04,114.54,77.84,0.7895,13.8800,156.0600,0.0100,144.4900,0.8423,0
2454,11:07:22.574,ROI,160,160,256,256,161.85,162.61,0.0,9.6,6.15,660.93,177.44,115.62,77.01,0.8279,14.9000,158.4700,0.0500,104.5600,0.8433,0
2455,11:07:22.750,ROI,160,160,256,256,147.42,148.01,0.0,2.65,6.76,654.30,175.05,115.10,78.32,0.8409,16.4800,162.7800,0.0100,164.5400,0.8560,0
2456,11:07:22.912,ROI,160,160,256,256,169.10,169.81,0.0,11.5,5.89,647.60,173.21,116.10,76.93,0.8514,16.3800,164.3300,0.0400,62.3800,0.8647,0
2457,11:07:23.093,ROI,160,160,256,256,157.41,158.26,0.0,4.925,6.32,643.45,171.35,115.39,73.58,0.8873,17.4000,165.1700,0.0500,81.5600,0.8237,0
2458,11:07:23.265,ROI,160,160,256,256,125.62,126.21,0.0,0.0,7.92,634.25,169.30,110.58,70.48,0.8051,16.8900,167.3200,0.0800,71.9400,0.8730,0
2459,11:07:23.401,ROI,160,160,224,224,121.82,122.73,0.0,0.0,8.15,625.99,169.01,113.22,68.96,0.8455,15.8700,167.1300,0.0500,143.4600,0.7852,0
2460,11:07:23.539,ROI,160,160,256,256,139.30,140.45,0.0,19.475,7.12,620.73,167.74,109.18,70.37,0.8786,14.2000,171.3200,0.0400,71.5300,0.7715,0
2461,11:07:23.691,ROI,160,160,224,224,149.87,150.54,0.0,7.775,6.64,615.70,168.08,110.22,70.66,0.9039,16.8000,178.8800,0.0200,58.2800,0.8413,0
2462,11:07:23.852,ROI,160,160,224,224,156.53,157.47,0.0,7.45,6.35,611.36,167.48,106.71,70.31,0.9081,18.1100,175.5800,0.0100,-169.7800,0.8447,0
2463,11:07:24.022,ROI,160,160,224,224,129.37,130.10,0.0,3.0,7.69,601.28,167.00,106.57,70.62,0.8171,16.6600,179.9000,0.0200,31.3100,0.9199,0
2464,11:07:24.167,ROI,160,160,224,224,137.43,138.16,0.0,8.475,7.24,595.69,167.60,106.39,72.04,0.8833,17.6800,-178.1500,0.0100,-143.7900,0.8867,0
2465,11:07:24.322,ROI,160,160,224,224,125.49,126.23,0.0,6.2,7.92,590.35,168.79,108.00,73.77,0.8772,16.4100,-178.8600,0.0100,-152.3500,0.8833,0
2466,11:07:24.461,ROI,160,160,224,224,114.98,115.71,0.0,10.125,8.64,584.88,168.85,107.73,71.36,0.8752,18.5100,-176.9700,0.0100,-178.1200,0.9092,0
2467,11:07:24.588,ROI,160,160,224,224,148.91,150.15,0.0,15.6,6.66,577.95,168.67,110.10,70.41,0.8695,17.4400,-174.7600,0.0000,105.8700,0.8843,0
2468,11:07:24.752,ROI,160,160,224,224,110.32,111.02,28.45,7.05,9.01,573.16,170.31,110.53,71.53,0.8771,18.1800,-175.4400,0.0100,153.5300,0.9111,0
2469,11:07:24.875,ROI,160,160,224,224,122.01,123.27,0.0,3.175,8.11,563.97,172.67,111.66,72.60,0.7971,17.1800,-170.1700,0.0100,-162.3700,0.9160,0
2470,11:07:25.010,ROI,160,160,224,224,144.06,144.84,0.0,0.0,6.90,561.25,173.67,113.19,72.10,0.9276,16.7700,-166.4200,0.0300,-108.3500,0.7651,0
2471,11:07:25.168,ROI,160,160,256,256,126.94,127.76,0.0,6.125,7.83,555.62,175.30,113.68,73.17,0.8673,14.2000,-168.9800,0.0300,51.3400,0.7490,0
2472,11:07:25.308,ROI,160,160,256,256,175.98,176.73,0.0,2.2,5.66,547.19,177.34,111.66,74.67,0.8179,15.2100,-165.1900,0.0800,45.2000,0.7422,0
2473,11:07:25.497,ROI,160,160,224,224,134.35,135.11,0.0,2.9,7.40,539.43,179.90,111.10,74.34,0.8153,14.1800,-162.5000,0.0200,52.4600,0.7241,0
2474,11:07:25.645,ROI,160,160,224,224,110.56,111.31,29.875,7.025,8.98,532.15,182.63,109.79,75.66,0.8186,15.0100,-156.6500,0.0100,-161.2800,0.7471,0
2475,11:07:25.774,ROI,160,160,224,224,112.56,113.45,0.0,3.45,8.81,531.36,184.24,110.07,78.78,0.9455,14.1500,-152.1900,0.1100,56.7200,0.6919,0
2476,11:07:25.900,ROI,160,160,224,224,112.98,113.68,0.0,3.425,8.80,525.39,186.41,107.06,80.74,0.8510,14.0600,-148.5000,0.0300,52.4700,0.6821,0
2477,11:07:26.027,ROI,160,160,224,224,87.31,87.95,0.0,8.875,11.37,519.72,188.65,105.85,83.08,0.8536,12.5500,-142.7700,0.1800,43.1100,0.7402,0
2478,11:07:26.126,ROI,160,160,224,224,114.22,114.98,0.0,23.775,8.70,517.66,189.82,105.74,83.93,0.9355,12.3400,-135.2200,0.0200,48.0500,0.7705,0
2479,11:07:26.254,ROI,160,160,224,224,82.81,83.93,0.0,9.3,11.91,511.51,194.24,103.63,89.26,0.8076,10.6500,-123.5200,0.0200,34.7800,0.8037,0
2480,11:07:26.350,ROI,160,160,224,224,86.83,87.64,0.0,13.375,11.41,510.16,193.94,102.86,87.11,0.9508,10.8300,-125.7500,0.0300,-27.7500,0.7349,0
2481,11:07:26.453,ROI,160,160,224,224,87.42,89.28,0.0,8.75,11.20,506.39,195.98,100.80,89.35,0.8883,8.7300,-120.8800,0.0500,24.1100,0.7388,0
2482,11:07:26.555,ROI,160,160,224,224,94.40,95.01,0.0,4.1,10.53,501.41,201.83,100.95,89.68,0.7994,11.2100,-115.9900,0.0300,16.0100,0.7788,0
2483,11:07:26.664,ROI,160,160,224,224,135.15,136.24,27.375,25.8,7.34,498.72,203.13,99.12,91.90,0.9218,12.7000,-108.3000,0.0300,-91.6500,0.8687,0
2484,11:07:26.813,ROI,160,160,224,224,103.55,104.16,0.0,3.75,9.60,493.79,207.69,96.10,94.05,0.8232,13.2300,-108.2500,0.1500,-96.5400,0.9126,0
2485,11:07:26.929,ROI,160,160,224,224,99.08,99.73,33.7,11.75,10.03,489.54,211.79,96.87,97.44,0.8434,13.0700,-106.3700,0.1700,-24.3300,0.9463,0
2486,11:07:27.041,ROI,160,160,224,224,93.52,94.49,0.0,4.125,10.58,489.49,212.29,94.85,95.91,0.9639,12.4700,-105.0400,0.1600,5.6600,0.9360,0
2487,11:07:27.148,ROI,160,160,192,192,106.31,107.06,0.0,7.3,9.34,486.74,215.96,91.08,96.13,0.8751,12.9800,-106.8200,0.0100,-106.7800,0.9580,0
2488,11:07:27.269,ROI,160,160,224,224,108.88,109.72,0.0,10.675,9.11,484.94,219.96,96.45,100.84,0.8715,13.7500,-99.5600,0.0700,-10.9500,0.9678,0
2489,11:07:27.395,ROI,160,160,224,224,86.29,87.13,23.625,4.475,11.48,482.84,225.65,95.09,100.90,0.8568,14.8900,-100.0900,0.1800,-93.6200,0.9561,0
2490,11:07:27.496,ROI,160,160,224,224,104.99,105.85,0.0,3.7,9.45,479.96,227.73,94.79,102.77,0.9045,14.0300,-96.8500,0.2000,-98.7000,0.9810,0
2491,11:07:27.616,ROI,160,160,224,224,124.84,125.51,29.0,6.225,7.97,478.68,232.53,95.30,101.37,0.8871,13.4900,-100.5500,0.1300,-103.5000,0.9463,0
2492,11:07:27.754,ROI,160,160,224,224,122.61,123.33,0.0,25.325,8.11,480.65,232.97,91.22,101.82,0.9493,13.2400,-95.6900,0.6200,-107.7300,0.9717,0
2493,11:07:27.892,ROI,160,160,224,224,118.36,119.11,26.9,0.0,8.40,476.40,240.50,87.79,101.42,0.7888,16.2500,-95.3300,0.7100,-111.4100,0.9800,0
2494,11:07:28.026,ROI,160,160,224,224,150.63,151.27,0.0,5.175,6.61,474.95,245.17,86.74,102.20,0.8838,16.5500,-91.4900,0.1600,-96.1400,0.9902,0
2495,11:07:28.190,ROI,160,160,224,224,119.70,120.60,30.1,3.25,8.29,472.98,251.30,81.48,102.49,0.8360,11.6200,-88.7700,0.0300,-123.9800,0.9707,0
2496,11:07:28.324,ROI,160,160,224,224,153.68,155.02,0.0,20.175,6.45,472.39,254.40,83.41,103.01,0.9202,15.6700,-87.4500,0.0800,-87.8000,0.9854,0
2497,11:07:28.492,ROI,160,160,224,224,149.31,150.01,0.0,5.2,6.67,472.10,260.69,82.89,102.28,0.8786,14.3500,-87.0200,0.0300,-86.0400,0.9463,0
2498,11:07:28.655,ROI,160,160,224,224,161.01,161.69,0.0,4.825,6.18,473.39,268.68,88.61,104.58,0.8046,12.7200,-91.0200,0.0400,-87.6000,0.8882,0
2499,11:07:28.831,ROI,160,160,224,224,150.23,151.02,0.0,23.275,6.62,474.46,273.29,86.79,105.34,0.8947,13.2000,-86.0600,0.0800,-77.2500,0.8813,0
2500,11:07:28.996,ROI,160,160,224,224,171.32,171.97,0.0,31.8,5.82,476.16,277.90,89.40,106.32,0.8831,12.1000,-83.5900,0.0800,-95.0300,0.8174,0
2501,11:07:29.185,ROI,160,160,224,224,138.88,139.64,23.4,16.775,7.16,480.98,286.58,90.30,109.26,0.7700,13.9400,-76.3500,0.0500,-86.8300,0.9199,0
2502,11:07:29.337,ROI,160,160,224,224,131.97,133.02,0.0,5.875,7.52,482.34,290.48,93.81,108.05,0.8971,13.0200,-74.8900,0.6200,-70.4000,0.8618,0
2503,11:07:29.484,ROI,160,160,224,224,122.11,122.82,0.0,6.35,8.14,485.26,295.49,93.27,105.42,0.8574,13.4300,-73.5100,0.0100,-79.3500,0.8945,0
2504,11:07:29.621,ROI,160,160,224,224,87.00,87.79,0.0,4.45,11.39,487.30,300.17,98.10,108.16,0.8722,13.8700,-74.2000,0.0200,-64.8400,0.8921,0
2505,11:07:29.721,ROI,160,160,224,224,77.86,78.55,32.1,4.975,12.73,489.95,304.91,101.84,108.35,0.8704,12.6600,-71.9300,0.0200,-65.1000,0.8555,0
2506,11:07:29.813,ROI,160,160,224,224,101.69,102.59,0.0,22.85,9.75,490.32,306.84,102.51,110.75,0.9586,13.6200,-72.4900,0.0100,2.8600,0.8843,0
2507,11:07:29.931,ROI,160,160,224,224,100.49,101.56,0.0,11.55,9.85,494.70,311.24,104.72,109.61,0.8510,12.0000,-64.8100,0.0300,-5.0900,0.8760,0
2508,11:07:30.049,ROI,160,160,224,224,100.67,101.88,0.0,11.5,9.82,498.59,315.13,109.55,110.52,0.8683,10.3300,-56.6600,0.0200,-3.8900,0.7285,0
2509,11:07:30.167,ROI,160,160,224,224,103.99,104.65,24.725,22.4,9.56,501.70,319.70,112.15,109.05,0.8719,10.5100,-58.1700,0.0700,-17.8200,0.7441,0
2510,11:07:30.285,ROI,160,160,256,256,130.61,131.32,0.0,5.95,7.62,505.86,325.45,120.19,111.71,0.8409,10.9100,-52.3700,0.0500,-41.9000,0.7510,0
2511,11:07:30.432,ROI,160,160,256,256,128.63,129.38,24.675,18.125,7.73,509.32,330.38,123.66,114.48,0.8677,13.9700,-46.9600,0.0000,32.6700,0.7974,0
2512,11:07:30.575,ROI,160,160,256,256,99.28,100.00,0.0,7.825,10.00,513.35,335.30,124.88,112.86,0.8617,13.7300,-49.5800,0.0300,16.5900,0.7905,0
2513,11:07:30.689,ROI,160,160,256,256,113.15,113.87,0.0,6.85,8.78,519.08,340.28,124.83,108.61,0.8368,12.7800,-52.6700,0.0100,47.5200,0.7314,0
2514,11:07:30.818,ROI,160,160,256,256,133.41,135.25,0.0,5.775,7.39,523.54,344.38,128.37,110.53,0.8665,13.8500,-44.0400,0.0200,-45.2700,0.7876,0
2515,11:07:30.969,ROI,160,160,288,288,165.07,165.85,0.0,4.7,6.03,527.21,347.87,134.03,110.88,0.8893,15.1800,-36.9900,0.0100,-25.8200,0.8286,0
2516,11:07:31.149,ROI,160,160,288,288,142.89,143.75,0.0,13.575,6.96,534.20,350.56,134.15,109.53,0.8600,14.2000,-32.1300,0.0000,-10.5800,0.7231,0
2517,11:07:31.307,ROI,160,160,288,288,145.95,147.14,0.0,2.65,6.80,545.38,355.44,137.32,103.14,0.7792,17.9100,-21.4000,0.0100,-14.4600,0.7891,0
2518,11:07:31.469,ROI,160,160,288,288,158.68,159.51,0.0,19.6,6.27,552.13,358.02,141.88,100.91,0.8651,17.3200,-15.7700,0.0100,44.2700,0.8325,0
2519,11:07:31.643,ROI,160,160,288,288,159.09,159.82,0.0,7.325,6.26,555.82,360.29,140.13,99.59,0.9081,17.4800,-12.9100,0.0600,23.2500,0.8770,0
2520,11:07:31.818,ROI,160,160,288,288,129.13,129.80,0.0,12.05,7.70,566.86,361.44,136.26,91.33,0.7853,20.2200,-11.4800,0.1800,-16.9200,0.9268,0
2521,11:07:31.962,ROI,160,160,288,288,118.08,118.74,26.1,16.45,8.42,574.21,363.70,137.57,95.65,0.8576,17.6000,-11.6500,1.5900,-13.7900,0.8911,0
2522,11:07:32.095,ROI,160,160,288,288,135.05,135.78,28.025,11.5,7.36,580.86,364.67,138.65,92.41,0.8788,18.2500,-10.0000,0.6300,-9.7200,0.8999,0
2523,11:07:32.245,ROI,160,160,288,288,149.49,150.29,0.0,7.8,6.65,586.64,366.07,140.69,93.24,0.8942,17.8100,-9.1700,0.1000,-12.0200,0.8975,0
2524,11:07:32.409,ROI,160,160,288,288,149.45,150.11,0.0,10.4,6.66,595.95,368.50,146.88,94.66,0.8363,17.8900,-7.5000,0.2100,-0.1100,0.8799,0
2525,11:07:32.574,ROI,160,160,320,320,182.48,183.67,0.0,19.15,5.44,606.18,369.28,142.62,96.14,0.8551,16.2200,-5.5600,0.0500,-9.8900,0.9048,0
2526,11:07:32.772,ROI,160,160,288,288,141.56,142.68,0.0,2.75,7.01,613.00,369.52,138.10,91.28,0.8628,15.8100,-2.3100,0.1700,-7.2400,0.9175,0
2527,11:07:32.930,ROI,160,160,288,288,124.18,125.02,0.0,3.125,8.00,620.29,369.41,138.06,93.10,0.8830,18.0600,-3.7000,0.3800,1.1600,0.9233,0
2528,11:07:33.071,ROI,160,160,288,288,116.20,117.18,0.0,6.675,8.53,635.32,368.68,141.16,91.94,0.7942,19.1100,-2.5700,0.8900,-1.9900,0.9219,0
2529,11:07:33.206,ROI,160,160,288,288,137.66,138.82,21.625,5.625,7.20,638.69,368.81,141.59,93.24,0.9404,19.0000,-1.1200,0.2000,-5.9300,0.9258,0
2530,11:07:33.358,ROI,160,160,288,288,142.38,143.17,0.0,13.65,6.98,648.71,366.69,137.90,91.10,0.8294,16.6300,7.1900,0.0800,10.3900,0.9453,0
2531,11:07:33.517,ROI,160,160,288,288,159.88,160.61,24.9,17.025,6.23,654.03,364.20,135.77,90.59,0.8776,17.2300,12.3800,0.0300,19.0400,0.9551,0
2532,11:07:33.692,ROI,160,160,288,288,136.96,137.72,0.0,14.175,7.26,661.52,362.69,133.25,88.33,0.8660,18.9200,13.8200,0.0100,15.3100,0.9707,0
2533,11:07:33.843,ROI,160,160,288,288,143.24,144.44,0.0,2.7,6.92,669.39,359.32,133.00,94.32,0.8286,19.8100,16.0300,0.0300,23.9400,0.9731,0
2534,11:07:34.001,ROI,160,160,288,288,148.19,148.88,0.0,2.625,6.72,680.12,357.00,130.72,100.03,0.8048,19.0700,21.8300,0.0800,19.1500,0.9482,0
2535,11:07:34.165,ROI,160,160,288,288,113.60,114.78,0.0,10.2,8.71,682.45,355.11,127.35,101.88,0.9299,18.5300,25.7900,0.1500,25.8300,0.8687,0
2536,11:07:34.293,ROI,160,160,256,256,104.06,104.67,0.0,7.475,9.55,689.70,352.63,126.67,104.62,0.8524,17.1800,27.3800,0.2500,26.7500,0.8945,0
2537,11:07:34.410,ROI,160,160,256,256,97.43,97.98,0.0,7.975,10.21,697.94,349.06,121.28,103.20,0.8202,16.9600,32.0900,0.4100,31.3700,0.8647,0
2538,11:07:34.520,ROI,160,160,256,256,123.68,124.35,32.275,6.275,8.04,700.25,347.43,116.32,101.23,0.9293,17.3700,33.8800,0.5500,38.5200,0.8984,0
2539,11:07:34.657,ROI,160,160,256,256,125.41,126.18,0.0,15.475,7.93,704.90,342.09,114.19,98.80,0.8320,15.9600,35.8900,0.7900,43.0200,0.8491,0
2540,11:07:34.796,ROI,160,160,256,256,125.50,126.38,0.0,3.1,7.91,711.41,339.39,114.18,105.74,0.8365,16.5800,43.8900,1.0300,45.7100,0.8618,0
2541,11:07:34.935,ROI,160,160,256,256,97.45,98.61,30.3,3.95,10.14,714.54,336.49,111.81,103.06,0.8960,14.3800,48.3900,0.0900,18.8700,0.8447,0
2542,11:07:35.046,ROI,160,160,224,224,85.17,85.71,31.0,0.0,11.67,715.12,336.94,112.17,105.27,0.9689,16.2200,50.8400,0.1100,60.0000,0.8804,0
2543,11:07:35.147,ROI,160,160,256,256,122.62,123.27,0.0,6.35,8.11,719.08,332.08,108.13,105.31,0.8511,15.0300,55.6600,0.0500,27.8700,0.8784,0
2544,11:07:35.285,ROI,160,160,224,224,96.57,97.31,0.0,8.025,10.28,724.22,326.67,99.88,102.90,0.8194,16.2900,57.7500,0.0800,62.7300,0.9370,0
2545,11:07:35.394,ROI,160,160,224,224,101.01,101.53,0.0,7.7,9.85,724.64,323.93,99.29,102.49,0.9403,16.9300,57.5400,0.0900,53.0600,0.9102,0
2546,11:07:35.507,ROI,160,160,224,224,101.67,102.51,31.95,3.8,9.76,728.44,318.93,96.84,103.08,0.8426,16.0300,60.8600,0.0100,62.0500,0.9194,0
2547,11:07:35.621,ROI,160,160,224,224,112.56,113.22,0.0,6.9,8.83,731.51,315.72,96.45,104.19,0.8836,15.8900,61.3000,0.0100,83.7300,0.8989,0
2548,11:07:35.747,ROI,160,160,224,224,100.38,101.09,0.0,7.725,9.89,733.94,311.81,95.41,102.52,0.8829,15.8500,65.3700,0.0100,88.4300,0.8789,0
2549,11:07:35.862,ROI,160,160,224,224,95.52,96.20,0.0,16.25,10.40,736.61,308.47,93.87,100.51,0.8863,15.2100,65.9600,0.0100,40.6800,0.8799,0
2550,11:07:35.970,ROI,160,160,224,224,98.47,99.08,32.625,15.775,10.09,737.47,303.77,90.86,96.92,0.8809,16.2300,71.1500,0.0300,54.7600,0.8906,0
2551,11:07:36.083,ROI,160,160,224,224,102.60,103.38,27.375,3.775,9.67,737.90,300.09,92.51,95.52,0.9104,15.2900,72.0900,0.2300,55.5900,0.8540,0
2552,11:07:36.199,ROI,160,160,192,192,109.23,109.93,0.0,0.0,9.10,741.52,294.67,80.96,98.51,0.7893,14.6300,76.1500,0.0900,22.4800,0.8296,0
2553,11:07:36.321,ROI,160,160,224,224,92.28,93.06,32.85,0.0,10.75,743.03,291.94,86.88,100.28,0.8831,15.2800,75.6900,0.0000,1.2200,0.8330,0
2554,11:07:36.426,ROI,160,160,224,224,118.74,119.39,0.0,6.55,8.38,744.12,288.86,83.89,98.42,0.9080,16.3500,76.7500,0.0600,79.8500,0.8560,0
2555,11:07:36.558,ROI,160,160,224,224,106.27,107.01,0.0,14.6,9.34,743.57,289.82,88.12,101.75,0.9208,14.6100,74.7600,0.0100,72.6900,0.8296,0
2556,11:07:36.678,ROI,160,160,224,224,104.77,105.37,0.0,11.125,9.49,745.77,282.50,85.43,99.90,0.8244,13.5500,77.5400,0.0100,21.7300,0.7573,0
2557,11:07:36.795,ROI,160,160,224,224,132.18,132.86,0.0,5.875,7.53,745.62,281.40,86.97,99.69,0.9610,14.2000,77.9600,0.5500,85.8200,0.8101,0
2558,11:07:36.942,ROI,160,160,224,224,111.01,111.64,27.975,7.0,8.96,747.52,278.72,84.94,105.07,0.9093,13.3200,80.0000,1.7300,85.4100,0.8037,0
2559,11:07:37.066,ROI,160,160,224,224,112.48,113.19,0.0,3.45,8.84,745.04,271.59,82.73,104.83,0.8256,16.9900,86.9100,0.0400,49.4300,0.9473,0
2560,11:07:37.191,ROI,160,160,224,224,106.13,106.86,136.425,7.3,9.36,744.20,268.91,84.94,109.33,0.9266,16.6100,91.3500,0.0800,102.4000,0.8574,0
2561,11:07:37.309,ROI,160,160,224,224,122.19,122.86,0.0,9.55,8.14,744.32,265.82,86.16,105.34,0.9312,17.1200,90.0000,0.1300,89.8400,0.8911,0
2562,11:07:37.444,ROI,160,160,224,224,108.06,108.75,0.0,7.175,9.20,740.02,255.70,89.01,99.37,0.7504,16.2800,96.3100,0.0900,34.5200,0.9561,0
2563,11:07:37.567,ROI,160,160,224,224,131.55,132.25,0.0,5.9,7.56,741.15,254.85,88.47,99.30,0.9585,15.1800,96.3000,0.2700,100.8900,0.8784,0
2564,11:07:37.712,ROI,160,160,224,224,117.68,118.39,0.0,6.6,8.45,737.02,247.07,93.13,99.23,0.7854,15.0300,100.2100,0.0800,110.9800,0.9644,0
2565,11:07:37.842,ROI,160,160,224,224,133.96,134.60,0.0,8.7,7.43,733.81,244.10,91.57,98.42,0.8800,10.3900,100.0700,0.5800,101.7000,0.8354,0
2566,11:07:37.991,ROI,160,160,224,224,157.92,158.59,0.0,7.4,6.31,732.92,239.04,91.11,96.31,0.8846,12.8300,105.1600,0.4500,105.1200,0.8804,0
2567,11:07:38.163,ROI,160,160,224,224,106.55,107.24,0.0,0.0,9.32,729.44,230.04,95.27,94.04,0.7728,13.2900,114.1500,0.1700,108.5800,0.8896,0
2568,11:07:38.284,ROI,160,160,192,192,85.93,86.71,0.0,9.0,11.53,727.52,231.03,93.88,99.04,0.9131,9.8100,105.6300,0.5200,104.6400,0.6377,0
2569,11:07:38.384,ROI,160,160,224,224,94.12,94.94,28.875,4.1,10.53,725.04,224.04,98.45,96.96,0.8263,14.2000,116.1600,0.2300,105.6100,0.8662,0
2570,11:07:38.493,ROI,160,160,224,224,102.91,103.74,28.4,3.775,9.64,720.60,219.39,99.13,92.19,0.8319,12.8400,115.6400,0.3400,110.7900,0.9028,0
2571,11:07:38.608,ROI,160,160,224,224,91.36,92.01,0.0,16.975,10.87,716.43,216.07,103.26,90.83,0.8589,13.4200,125.2600,0.2900,123.8400,0.8257,0
2572,11:07:38.713,ROI,160,160,224,224,92.84,93.58,0.0,12.525,10.69,716.35,215.33,98.99,90.50,0.9432,13.7100,123.7900,0.5600,118.6900,0.7651,0
2573,11:07:38.817,ROI,160,160,224,224,81.12,81.74,37.725,4.775,12.23,715.50,210.67,100.13,89.42,0.8871,13.6700,126.2700,0.1500,113.0300,0.8296,0
2574,11:07:38.911,ROI,160,160,224,224,86.74,87.73,0.0,4.45,11.40,711.51,207.41,101.08,84.52,0.8596,12.1800,130.1500,0.4100,4.4400,0.8179,0
2575,11:07:39.011,ROI,160,160,224,224,108.13,109.18,0.0,7.15,9.16,708.97,205.77,105.13,84.98,0.9164,13.8200,133.7700,0.1700,20.8500,0.7759,0
2576,11:07:39.134,ROI,160,160,224,224,88.05,88.86,0.0,17.575,11.25,705.58,202.27,107.04,83.64,0.8655,13.5500,136.5700,0.1600,137.3600,0.8218,0
2577,11:07:39.235,ROI,160,160,224,224,102.26,103.14,29.875,18.95,9.70,702.49,198.79,108.60,84.04,0.8711,14.3000,136.4200,0.0600,140.9700,0.8701,0
2578,11:07:39.350,ROI,160,160,224,224,117.61,118.37,0.0,9.9,8.45,697.74,194.86,110.42,84.45,0.8382,15.0400,144.9600,0.1200,146.2700,0.9243,0
2579,11:07:39.481,ROI,160,160,224,224,117.91,118.67,0.0,3.3,8.43,693.49,191.97,109.44,81.30,0.8650,13.7200,144.4600,0.1100,149.4900,0.9165,0
2580,11:07:39.613,ROI,160,160,224,224,102.14,102.94,0.0,3.8,9.71,689.14,189.98,114.09,81.17,0.8824,13.1200,144.7700,0.1400,141.0700,0.9243,0
2581,11:07:39.730,ROI,160,160,256,256,130.55,131.27,0.0,17.85,7.62,683.94,187.42,114.11,79.52,0.8588,14.0400,150.9100,0.0700,147.6700,0.9258,0
2582,11:07:39.875,ROI,160,160,256,256,162.64,163.47,0.0,9.55,6.12,678.63,184.92,115.10,78.69,0.8580,13.9200,151.5900,0.0100,147.4500,0.8936,0
2583,11:07:40.050,ROI,160,160,256,256,160.82,161.56,0.0,7.25,6.19,673.44,182.48,115.46,78.26,0.8609,14.0300,154.3500,0.0100,122.4200,0.8960,0
2584,11:07:40.223,ROI,160,160,256,256,126.59,127.28,0.0,9.2,7.86,668.78,181.09,115.25,78.61,0.8913,14.2800,155.3600,0.0200,37.1000,0.8818,0
2585,11:07:40.364,ROI,160,160,256,256,162.25,162.99,0.0,7.2,6.14,660.32,177.27,114.72,76.10,0.7869,14.8000,158.9900,0.0400,107.0500,0.8345,0
2586,11:07:40.539,ROI,160,160,256,256,157.83,158.56,30.875,12.325,6.31,653.97,174.98,115.25,78.43,0.8463,16.6100,162.6000,0.0200,27.2100,0.8662,0
2587,11:07:40.710,ROI,160,160,256,256,139.64,140.36,0.0,5.575,7.12,650.62,174.24,114.26,75.90,0.9135,17.8900,163.3000,0.1800,113.5100,0.8521,0
2588,11:07:40.863,ROI,160,160,256,256,142.52,143.41,0.0,10.9,6.97,639.57,171.38,114.67,71.98,0.7676,16.3100,169.2200,0.0200,60.4400,0.8389,0
2589,11:07:41.017,ROI,160,160,256,256,125.17,126.01,37.125,9.3,7.94,634.94,170.63,110.67,72.19,0.9030,16.5900,166.4900,0.0400,62.3400,0.7793,0
2590,11:07:41.155,ROI,160,160,224,224,129.41,130.13,0.0,6.0,7.68,628.88,169.50,114.17,70.52,0.8713,15.7500,169.0300,0.0400,176.5200,0.8247,0
2591,11:07:41.297,ROI,160,160,256,256,133.48,134.27,0.0,2.9,7.45,622.69,167.82,110.75,69.46,0.8556,15.2900,168.7800,0.0600,143.2300,0.7578,0
2592,11:07:41.444,ROI,160,160,224,224,136.92,137.69,0.0,8.5,7.26,617.49,167.99,111.06,69.68,0.9060,17.9400,173.1000,0.0200,61.5100,0.8354,0
2593,11:07:41.594,ROI,160,160,224,224,132.24,133.14,0.0,2.925,7.51,611.60,168.02,107.66,70.95,0.8826,18.0100,175.6100,0.0200,41.8400,0.8804,0
2594,11:07:41.740,ROI,160,160,224,224,112.16,113.09,0.0,13.825,8.84,606.56,166.75,105.97,69.85,0.8791,19.1100,176.1800,0.0200,139.5000,0.8887,0
2595,11:07:41.865,ROI,160,160,224,224,128.04,128.77,0.0,0.0,7.77,601.95,167.09,106.02,70.25,0.9082,18.0400,178.4100,0.0100,-136.5700,0.9150,0
2596,11:07:42.005,ROI,160,160,224,224,115.85,117.23,32.65,13.325,8.53,595.79,168.25,106.43,72.49,0.8635,16.1200,-178.0800,0.0100,-120.3800,0.8774,0
2597,11:07:42.134,ROI,160,160,224,224,111.15,112.00,0.0,3.5,8.93,590.56,168.91,107.90,73.65,0.8913,16.7500,-177.2400,0.0100,-174.8200,0.9028,0
2598,11:07:42.259,ROI,160,160,224,224,117.54,118.43,0.0,9.9,8.44,585.10,169.55,108.26,72.06,0.8852,18.0500,-176.9400,0.0100,-151.5100,0.9062,0
2599,11:07:42.390,ROI,160,160,224,224,106.43,107.33,0.0,0.0,9.32,577.29,170.55,111.94,73.04,0.8452,18.3600,-178.0500,0.0100,-154.5600,0.9219,0
2600,11:07:42.510,ROI,160,160,224,224,125.62,126.36,0.0,12.375,7.91,573.32,171.22,111.52,71.01,0.9063,16.7600,-175.1800,0.0100,139.1000,0.8828,0
2601,11:07:42.649,ROI,160,160,224,224,108.45,109.17,0.0,7.15,9.16,568.91,171.95,109.49,71.99,0.9054,17.1900,-174.0900,0.0100,-148.1500,0.8813,0
2602,11:07:42.770,ROI,160,160,224,224,104.26,104.81,0.0,11.175,9.54,561.08,173.87,113.37,74.19,0.8267,17.7200,-169.8600,0.0200,-57.0300,0.9014,0
2603,11:07:42.885,ROI,160,160,256,256,116.40,117.34,0.0,13.325,8.52,556.71,175.27,114.75,72.78,0.8928,14.5200,-169.5300,0.0200,47.5000,0.7729,0
2604,11:07:43.016,ROI,160,160,256,256,114.71,115.44,0.0,3.375,8.66,549.28,176.04,112.58,73.04,0.8601,14.8100,-165.7200,0.0500,43.8100,0.7119,0
2605,11:07:43.143,ROI,160,160,256,256,102.43,103.15,0.0,3.775,9.69,547.45,176.37,111.73,72.74,0.9593,14.5400,-162.8300,0.0500,44.8600,0.6377,0
2606,11:07:43.259,ROI,160,160,224,224,124.08,124.93,0.0,3.125,8.00,542.17,179.36,111.90,74.28,0.8416,15.5900,-161.1100,0.0100,-106.0200,0.6880,0
2607,11:07:43.397,ROI,160,160,224,224,119.33,120.24,28.0,6.5,8.32,539.44,181.17,111.17,74.47,0.9080,14.7600,-155.4500,0.0200,54.7800,0.6807,0
2608,11:07:43.530,ROI,160,160,224,224,111.30,112.20,0.0,3.475,8.91,534.09,182.53,110.70,75.29,0.8771,14.8500,-158.3700,0.0500,55.9100,0.7871,0
2609,11:07:43.654,ROI,160,160,224,224,105.88,106.67,0.0,10.975,9.37,527.22,186.61,107.73,80.84,0.7996,12.6200,-149.2200,0.0400,-149.0800,0.6313,0
2610,11:07:43.774,ROI,160,160,224,224,99.41,100.17,0.0,0.0,9.98,525.35,186.43,105.49,80.35,0.9596,13.8100,-143.7900,0.0900,50.1400,0.7871,0
2611,11:07:43.888,ROI,160,160,224,224,89.34,90.04,0.0,17.35,11.11,518.84,189.18,105.85,83.82,0.8298,11.5800,-140.6500,0.1300,37.0400,0.6782,0
2612,11:07:43.990,ROI,160,160,224,224,81.37,82.30,32.325,9.5,12.15,513.41,192.21,103.56,86.79,0.8427,11.2700,-125.6200,0.0300,30.8700,0.7944,0
2613,11:07:44.084,ROI,160,160,224,224,89.35,90.26,0.0,4.325,11.08,510.07,193.72,103.17,87.40,0.9064,11.2000,-127.1900,0.0600,23.7700,0.7837,0
2614,11:07:44.187,ROI,160,160,224,224,78.65,79.40,0.0,4.925,12.59,508.32,194.60,102.27,87.02,0.9475,10.5100,-124.7800,0.0300,27.2100,0.7793,0
2615,11:07:44.279,ROI,160,160,224,224,80.48,81.02,0.0,4.825,12.34,504.91,197.64,101.99,90.24,0.8751,11.7600,-117.0200,0.0100,-84.9000,0.8081,0
2616,11:07:44.372,ROI,160,160,224,224,107.53,108.40,0.0,0.0,9.23,501.06,199.70,99.95,88.94,0.8863,9.3800,-120.3000,0.0200,17.8100,0.7295,0
2617,11:07:44.494,ROI,160,160,224,224,89.40,90.13,0.0,0.0,11.10,498.96,202.91,100.97,93.14,0.8948,12.2900,-111.6200,0.0800,-104.4100,0.8833,0
2618,11:07:44.597,ROI,160,160,224,224,82.97,83.67,0.0,0.0,11.95,494.14,207.67,95.27,94.15,0.8226,13.4900,-107.1400,0.1500,-104.0000,0.9160,0
2619,11:07:44.695,ROI,160,160,192,192,86.97,87.48,0.0,13.4,11.43,495.19,206.48,94.96,89.14,0.9265,12.6400,-114.1700,0.0100,106.1500,0.8550,0
2620,11:07:44.794,ROI,160,160,192,192,93.00,93.77,0.0,4.175,10.66,490.20,211.63,93.32,93.23,0.8079,14.3100,-110.2700,0.0200,84.2600,0.9209,0
2621,11:07:44.900,ROI,160,160,192,192,96.42,97.12,0.0,8.05,10.30,488.55,214.71,92.52,94.80,0.9049,13.4600,-109.7200,0.0300,55.8500,0.9570,0
2622,11:07:45.009,ROI,160,160,192,192,88.78,89.63,0.0,0.0,11.16,488.36,215.76,95.38,95.77,0.9490,12.0100,-106.1700,0.0100,59.1400,0.9438,0
2623,11:07:45.111,ROI,160,160,192,192,109.38,110.12,0.0,7.1,9.08,484.75,220.45,90.12,98.04,0.8432,13.2800,-103.1100,0.0600,-98.9900,0.9360,0
2624,11:07:45.234,ROI,160,160,224,224,84.09,84.74,0.0,4.6,11.80,481.35,224.73,94.61,102.23,0.8546,14.7300,-98.4900,0.2400,-96.0100,0.9727,0
2625,11:07:45.331,ROI,160,160,224,224,93.58,94.37,0.0,4.15,10.60,479.95,228.27,95.09,102.93,0.9070,14.0400,-96.3400,0.1800,-97.8100,0.9741,0
2626,11:07:45.437,ROI,160,160,224,224,123.74,124.41,0.0,6.275,8.04,481.62,229.29,95.20,102.49,0.9469,13.0100,-98.4000,0.0600,-85.6200,0.9551,0
2627,11:07:45.572,ROI,160,160,224,224,110.89,111.59,0.0,3.5,8.96,477.39,236.36,93.80,101.08,0.7998,14.6300,-98.9100,0.0600,-97.1000,0.9658,0
2628,11:07:45.696,ROI,160,160,224,224,97.13,97.92,0.0,4.0,10.21,477.71,240.66,91.11,101.11,0.8932,15.1100,-94.0900,0.3200,-99.8300,0.9873,0
2629,11:07:45.807,ROI,160,160,224,224,106.10,106.80,0.0,10.975,9.36,476.89,242.60,88.48,101.08,0.9350,15.1500,-92.2900,0.2200,-101.4200,0.9922,0
2630,11:07:45.926,ROI,160,160,224,224,101.10,101.96,0.0,3.825,9.81,473.77,246.65,85.79,103.31,0.8626,16.8100,-90.1600,0.4900,-99.7400,0.9902,0
2631,11:07:46.040,ROI,160,160,224,224,112.56,113.36,0.0,6.9,8.82,472.40,250.72,82.33,101.78,0.8875,16.5300,-87.7000,0.0700,-102.9900,0.9873,0
2632,11:07:46.167,ROI,160,160,224,224,100.22,100.93,0.0,11.6,9.91,472.08,256.37,83.02,105.60,0.8895,16.7900,-87.0200,0.0300,-88.3200,0.9780,0
2633,11:07:46.281,ROI,160,160,224,224,99.45,100.02,0.0,7.8,10.00,471.69,260.00,82.88,103.49,0.9243,15.3000,-86.4800,0.0200,-93.5200,0.9668,0
2634,11:07:46.392,ROI,160,160,224,224,112.93,114.09,33.9,6.85,8.76,472.83,261.06,84.71,101.67,0.9536,13.3000,-86.6300,0.0300,-87.5400,0.9453,0
2635,11:07:46.518,ROI,160,160,224,224,168.77,169.45,0.0,6.925,5.90,473.26,268.35,88.23,107.16,0.8363,15.5700,-87.3900,0.0500,-89.1600,0.9404,0
2636,11:07:46.700,ROI,160,160,224,224,100.08,100.82,0.0,7.75,9.92,475.04,275.57,88.07,104.03,0.8395,13.4200,-86.9300,0.1200,-88.9300,0.8896,0
2637,11:07:46.813,ROI,160,160,224,224,106.59,107.15,0.0,0.0,9.33,476.27,280.45,91.29,107.35,0.8806,13.4100,-83.5700,0.0500,-91.6600,0.8442,0
2638,11:07:46.932,ROI,160,160,224,224,113.35,114.12,0.0,13.7,8.76,481.01,285.03,87.54,109.35,0.8301,13.6400,-75.9800,0.0800,-73.8000,0.9111,0
2639,11:07:47.057,ROI,160,160,224,224,94.75,95.63,0.0,4.075,10.46,482.78,290.36,90.71,108.28,0.8730,13.0400,-74.5300,0.4300,-69.1800,0.9038,0
2640,11:07:47.165,ROI,160,160,224,224,97.15,97.96,0.0,7.975,10.21,482.00,289.68,90.52,110.03,0.9675,12.7900,-76.9800,0.0100,-84.8700,0.8550,0
2641,11:07:47.276,ROI,160,160,224,224,89.19,89.85,0.0,13.05,11.13,484.94,295.54,94.58,106.02,0.8452,13.3400,-73.6500,0.1400,-71.3200,0.8906,0
2642,11:07:47.380,ROI,160,160,224,224,73.64,74.46,0.0,15.75,13.43,486.98,299.72,97.50,107.98,0.8875,13.4200,-73.0400,0.0300,-67.7400,0.8677,0
2643,11:07:47.466,ROI,160,160,224,224,86.39,87.23,0.0,17.9,11.46,487.60,301.13,97.89,107.72,0.9622,12.7600,-71.9900,0.0200,-70.5700,0.8428,0
2644,11:07:47.566,ROI,160,160,224,224,90.43,91.68,0.0,0.0,10.91,489.30,305.87,102.09,108.93,0.8797,12.7200,-71.3500,0.0100,-70.3400,0.8550,0
2645,11:07:47.673,ROI,160,160,224,224,76.13,77.12,0.0,10.125,12.97,493.90,311.66,104.73,109.42,0.8261,11.9400,-66.8300,0.0200,-2.6900,0.8721,0
2646,11:07:47.762,ROI,160,160,224,224,70.45,71.15,0.0,10.975,14.06,493.60,311.59,104.87,115.35,0.9434,12.6200,-68.9900,0.0300,-17.6400,0.8247,0
2647,11:07:47.844,ROI,160,160,256,256,110.53,111.40,0.0,3.5,8.98,499.34,317.24,108.34,112.29,0.8172,11.3200,-61.5000,0.1700,-59.3300,0.7842,0
2648,11:07:47.968,ROI,160,160,256,256,107.10,107.88,0.0,7.25,9.27,502.06,322.81,114.14,113.02,0.8616,12.1200,-59.8900,0.0400,-60.9700,0.8237,0
2649,11:07:48.087,ROI,160,160,256,256,89.81,90.52,0.0,0.0,11.05,503.65,325.01,114.05,115.86,0.9363,11.3400,-61.6400,0.0000,1.2800,0.7871,0
2650,11:07:48.190,ROI,160,160,256,256,97.18,97.93,31.7,4.0,10.21,507.00,327.94,119.25,114.67,0.8987,12.1100,-51.8000,0.0000,10.3300,0.8081,0
2651,11:07:48.300,ROI,160,160,256,256,92.74,93.48,0.0,12.525,10.70,511.53,333.06,123.94,112.29,0.8510,14.5400,-47.2000,0.0200,17.9900,0.7793,0
2652,11:07:48.406,ROI,160,160,256,256,89.34,90.39,0.0,0.0,11.06,514.60,338.04,125.26,112.83,0.8730,13.6900,-48.7600,0.0100,21.9200,0.7871,0
2653,11:07:48.508,ROI,160,160,256,256,73.04,73.69,0.0,0.0,13.57,515.92,338.88,127.36,111.65,0.9650,11.6000,-52.9600,0.0300,-35.1300,0.7759,0
2654,11:07:48.595,ROI,160,160,256,256,97.85,98.80,30.575,0.0,10.12,520.70,341.79,128.98,110.50,0.8824,11.9800,-49.5700,0.0000,-65.1600,0.7881,0
2655,11:07:48.708,ROI,160,160,288,288,119.35,120.34,0.0,0.0,8.31,526.50,347.32,132.82,111.47,0.8316,15.6300,-36.3000,0.0000,-8.8200,0.7817,0
2656,11:07:48.841,ROI,160,160,288,288,119.49,120.37,30.325,0.0,8.31,531.17,351.09,132.17,112.75,0.8733,14.5800,-37.9900,0.0100,-20.2900,0.8296,0
2657,11:07:48.974,ROI,160,160,288,288,107.03,107.66,0.0,3.625,9.29,536.54,353.47,136.87,108.43,0.8862,14.7000,-22.9300,0.0100,91.5500,0.7217,0
2658,11:07:49.095,ROI,160,160,288,288,107.72,108.47,29.4,3.6,9.22,538.84,353.79,137.39,106.87,0.9533,11.9300,-26.6600,0.0100,-14.8000,0.7212,0
2659,11:07:49.216,ROI,160,160,288,288,121.10,122.19,0.0,3.2,8.18,545.43,354.37,140.47,101.77,0.8684,17.0700,-18.2300,0.0200,-11.4800,0.8081,0
2660,11:07:49.350,ROI,160,160,288,288,134.96,135.82,0.0,8.625,7.36,553.28,358.63,139.46,98.89,0.8245,18.8600,-17.7500,0.0200,-3.0900,0.8599,0
2661,11:07:49.499,ROI,160,160,288,288,133.72,134.60,0.0,2.9,7.43,561.80,360.81,137.03,95.63,0.8470,18.7000,-12.2900,0.0500,-14.9900,0.9072,0
2662,11:07:49.649,ROI,160,160,288,288,97.30,98.09,0.0,0.0,10.20,568.25,362.45,135.95,94.05,0.8801,17.7700,-12.0600,3.7300,-12.5400,0.8926,0
2663,11:07:49.759,ROI,160,160,288,288,108.95,109.66,0.0,3.55,9.12,569.75,363.46,139.41,96.64,0.9491,17.5800,-11.2100,0.7700,-12.5800,0.8735,0
2664,11:07:49.881,ROI,160,160,288,288,109.31,110.65,30.55,3.55,9.04,576.87,365.68,138.15,96.19,0.8636,17.5500,-11.6600,1.4900,-13.5900,0.8936,0
2665,11:07:50.006,ROI,160,160,288,288,112.41,114.40,0.0,0.0,8.74,583.22,366.12,135.25,91.19,0.8653,18.5200,-10.2800,0.2400,-12.9600,0.8999,0
2666,11:07:50.136,ROI,160,160,288,288,113.37,113.96,0.0,6.85,8.78,590.63,367.22,139.61,91.71,0.8771,19.1200,-9.2500,0.0900,1.8300,0.9126,0
2667,11:07:50.262,ROI,160,160,288,288,119.16,119.78,97.05,9.775,8.35,599.31,368.87,142.38,92.63,0.8547,18.1700,-8.6000,0.0900,5.8400,0.9092,0
2668,11:07:50.395,ROI,160,160,288,288,111.15,111.87,0.0,0.0,8.94,603.55,369.98,143.77,92.50,0.9207,16.4600,-5.5800,0.0700,0.4600,0.8076,0
2669,11:07:50.521,ROI,160,160,288,288,113.58,114.35,0.0,3.425,8.75,610.25,369.86,139.55,91.33,0.8985,16.4300,-3.2700,0.1300,1.5100,0.9160,0
2670,11:07:50.650,ROI,160,160,288,288,116.61,117.35,0.0,6.65,8.52,615.56,369.83,138.17,91.44,0.9253,16.7500,-3.3600,0.7000,2.4300,0.8867,0
2671,11:07:50.781,ROI,160,160,288,288,76.89,77.70,0.0,10.05,12.87,625.08,369.94,135.92,94.48,0.8441,18.1700,-3.1900,0.2400,-2.9200,0.9453,0
2672,11:07:50.874,ROI,160,160,288,288,122.93,123.67,0.0,3.15,8.09,633.59,369.70,145.03,93.13,0.8742,18.7100,-3.0200,0.1100,2.3200,0.8906,0
2673,11:07:51.010,ROI,160,160,320,320,95.78,96.38,0.0,12.15,10.38,636.98,368.82,138.32,95.30,0.9325,16.6000,-0.0600,0.4100,0.6600,0.9282,0
2674,11:07:51.119,ROI,160,160,288,288,103.68,104.50,0.0,7.475,9.57,644.59,368.61,145.66,92.16,0.8709,19.5500,1.0500,0.1800,5.0000,0.9351,0
2675,11:07:51.236,ROI,160,160,320,320,115.34,115.93,31.925,13.475,8.63,649.06,366.58,136.68,90.68,0.8983,16.7200,5.1000,0.1000,6.7600,0.9302,0
2676,11:07:51.367,ROI,160,160,288,288,115.81,116.52,25.775,6.7,8.58,655.39,364.36,136.96,90.45,0.8698,18.1500,12.6300,0.0300,13.5400,0.9595,0
2677,11:07:51.496,ROI,160,160,288,288,120.31,120.97,0.0,6.45,8.27,662.15,362.27,131.18,88.00,0.8641,19.5600,15.0000,0.0200,15.4500,0.9717,0
2678,11:07:51.629,ROI,160,160,288,288,117.13,117.88,0.0,3.325,8.48,670.32,359.80,132.93,95.04,0.8212,20.7400,17.1600,0.0300,20.8900,0.9741,0
2679,11:07:51.759,ROI,160,160,288,288,104.27,105.09,0.0,14.875,9.52,673.60,359.11,129.83,97.99,0.9236,17.7800,19.6400,0.0400,21.4900,0.9341,0
2680,11:07:51.877,ROI,160,160,288,288,109.10,110.20,30.7,14.175,9.07,680.65,355.45,131.81,100.46,0.8369,19.9400,20.1500,0.0400,26.6200,0.9595,0
2681,11:07:52.000,ROI,160,160,288,288,118.86,119.72,0.0,3.275,8.35,685.69,353.42,123.52,100.89,0.8889,17.9600,28.0300,0.0400,29.2000,0.8804,0
2682,11:07:52.133,ROI,160,160,256,256,109.50,110.40,0.0,7.075,9.06,689.51,353.16,123.39,103.22,0.9194,17.1300,29.6600,0.1200,27.8400,0.8804,0
2683,11:07:52.257,ROI,160,160,256,256,89.44,90.18,0.0,8.675,11.09,698.26,349.26,122.11,103.47,0.8077,17.2800,31.0400,0.4000,32.0500,0.8828,0
2684,11:07:52.360,ROI,160,160,256,256,115.32,116.07,29.45,3.375,8.62,698.99,347.58,116.58,98.75,0.9111,17.1800,31.0200,0.7300,38.8600,0.8677,0
2685,11:07:52.490,ROI,160,160,256,256,123.33,124.05,28.1,3.15,8.06,705.97,342.74,115.95,101.70,0.8095,17.0100,38.3400,0.8800,39.3900,0.8633,0
2686,11:07:52.629,ROI,160,160,256,256,101.47,102.11,0.0,0.0,9.79,706.87,342.58,114.26,103.12,0.9710,14.9200,40.8200,0.2900,46.8500,0.8442,0
2687,11:07:52.745,ROI,160,160,256,256,108.66,109.32,28.725,7.15,9.15,712.30,337.54,113.46,103.81,0.8280,15.9600,43.5800,0.6400,45.2400,0.8296,0
2688,11:07:52.867,ROI,160,160,256,256,112.93,113.68,0.0,13.75,8.80,716.32,334.81,110.42,103.44,0.8845,14.8000,51.8200,0.0500,62.8900,0.8560,0
2689,11:07:52.996,ROI,160,160,224,224,119.82,120.54,0.0,9.725,8.30,719.08,331.79,103.99,103.77,0.8900,15.4900,58.7400,0.0400,63.5500,0.8989,0
2690,11:07:53.130,ROI,160,160,224,224,102.88,103.54,0.0,3.775,9.66,723.47,328.12,100.20,103.38,0.8571,16.5100,57.0100,0.0500,48.8900,0.9175,0
2691,11:07:53.248,ROI,160,160,224,224,108.93,109.65,0.0,0.0,9.12,726.46,322.09,98.24,103.56,0.8406,16.5000,58.0500,0.1100,55.9200,0.9351,0
2692,11:07:53.372,ROI,160,160,224,224,119.71,120.49,0.0,6.475,8.30,729.43,318.68,97.55,104.26,0.8829,15.8000,60.8700,0.0300,57.9000,0.9141,0
2693,11:07:53.505,ROI,160,160,224,224,117.02,118.30,0.0,3.3,8.45,731.83,314.67,94.42,104.47,0.8824,15.4800,64.4000,0.0100,85.2200,0.8882,0
2694,11:07:53.634,ROI,160,160,224,224,104.96,105.68,0.0,3.7,9.46,734.46,310.09,92.71,102.07,0.8670,14.9800,66.8300,0.0300,86.0000,0.8721,0
2695,11:07:53.753,ROI,160,160,224,224,85.55,86.25,0.0,0.0,11.59,736.81,306.16,91.24,100.55,0.8806,15.4700,69.1700,0.0100,31.0900,0.8950,0
2696,11:07:53.852,ROI,160,160,224,224,78.50,79.21,0.0,0.0,12.62,738.60,301.72,88.13,95.49,0.8782,16.4800,71.1500,0.1400,47.2100,0.9160,0
2697,11:07:53.945,ROI,160,160,192,192,85.48,86.18,0.0,13.6,11.60,740.70,300.96,83.00,96.60,0.9279,12.8400,73.6600,0.0200,17.0900,0.7397,0
2698,11:07:54.044,ROI,160,160,224,224,127.47,128.11,0.0,9.15,7.81,742.45,295.45,87.09,98.14,0.8527,16.1200,73.7100,0.1400,46.2100,0.8521,0
2699,11:07:54.186,ROI,160,160,224,224,100.39,101.25,0.0,7.725,9.88,743.92,291.42,86.67,98.80,0.8919,14.4000,76.6400,0.0100,7.3600,0.7632,0
2700,11:07:54.301,ROI,160,160,224,224,132.84,133.50,0.0,8.775,7.49,744.22,288.58,84.35,98.48,0.9194,16.1900,76.2300,0.0700,79.1300,0.8677,0
2701,11:07:54.447,ROI,160,160,224,224,105.44,106.19,29.875,11.025,9.42,745.60,286.12,87.30,102.91,0.9203,13.8500,75.7500,0.0100,88.2100,0.8037,0
2702,11:07:54.566,ROI,160,160,224,224,83.57,84.17,0.0,0.0,11.88,746.46,285.08,87.71,99.96,0.9527,15.0500,77.5100,0.0100,91.3200,0.7769,0
2703,11:07:54.663,ROI,160,160,224,224,103.01,103.58,0.0,3.775,9.65,747.53,278.66,83.12,101.11,0.8368,14.8500,80.2500,0.0500,84.7100,0.8745,0
2704,11:07:54.780,ROI,160,160,224,224,100.74,101.44,0.0,7.7,9.86,745.63,276.64,83.94,103.77,0.9194,15.5200,82.8900,0.0500,39.6600,0.8647,0
2705,11:07:54.896,ROI,160,160,224,224,128.46,129.21,26.6,3.025,7.74,744.41,272.14,86.77,106.54,0.8887,13.4300,89.0400,0.1700,92.5700,0.8540,0
2706,11:07:55.041,ROI,160,160,224,224,102.87,103.90,26.125,7.525,9.62,744.00,268.00,84.41,104.90,0.9002,17.7200,91.2000,0.1100,24.8600,0.8989,0
2707,11:07:55.161,ROI,160,160,224,224,106.43,107.38,0.0,14.55,9.31,743.87,263.93,86.10,103.53,0.9076,16.5600,90.8400,0.0800,17.1000,0.8853,0
2708,11:07:55.284,ROI,160,160,224,224,104.99,105.85,0.0,11.075,9.45,741.01,256.00,87.77,99.47,0.8045,17.2000,95.7200,0.1200,97.7600,0.9282,0
2709,11:07:55.402,ROI,160,160,224,224,105.48,106.12,0.0,11.05,9.42,740.48,251.88,92.85,98.15,0.8719,17.3600,96.7900,0.1900,111.1100,0.9194,0
2710,11:07:55.520,ROI,160,160,224,224,107.42,108.14,0.0,10.825,9.25,740.31,251.45,90.48,98.45,0.9661,14.4700,98.2200,0.2200,101.1300,0.8960,0
2711,11:07:55.641,ROI,160,160,224,224,94.47,95.00,0.0,0.0,10.53,737.41,246.41,90.41,95.54,0.8478,12.3900,100.7100,0.5400,102.9500,0.9116,0
2712,11:07:55.748,ROI,160,160,192,192,68.46,69.00,0.0,5.65,14.49,733.98,243.01,89.82,97.43,0.8658,10.8900,102.3300,0.0200,107.5100,0.7183,0
2713,11:07:55.831,ROI,160,160,224,224,93.75,94.24,0.0,8.3,10.61,731.05,234.88,93.49,97.22,0.7973,13.4800,105.3800,0.0700,112.9800,0.9473,0
2714,11:07:55.936,ROI,160,160,224,224,99.98,100.56,0.0,0.0,9.94,731.73,235.83,94.12,99.41,0.9640,11.8100,105.2300,0.1200,103.0500,0.8921,0
2715,11:07:56.050,ROI,160,160,224,224,75.74,76.22,0.0,10.25,13.12,728.23,230.86,98.62,96.49,0.8434,14.6300,108.4500,0.7100,103.0300,0.9316,0
2716,11:07:56.137,ROI,160,160,224,224,74.27,75.25,0.0,10.375,13.29,725.34,225.59,100.87,97.82,0.8490,13.6400,113.9600,0.6000,108.3500,0.8760,0
2717,11:07:56.225,ROI,160,160,224,224,85.21,86.44,0.0,0.0,11.57,722.76,225.74,104.23,100.90,0.9221,10.5700,110.8100,0.8200,103.8900,0.7114,0
2718,11:07:56.323,ROI,160,160,224,224,85.76,86.65,0.0,13.525,11.54,721.55,220.48,102.56,97.73,0.8794,13.0800,116.8200,0.0300,98.4600,0.8154,0
2719,11:07:56.420,ROI,160,160,224,224,85.31,86.10,0.0,4.525,11.61,720.62,220.60,96.47,94.54,0.9099,11.0900,117.9000,0.4400,111.4400,0.8447,0
2720,11:07:56.516,ROI,160,160,224,224,78.69,79.42,0.0,4.925,12.59,715.59,214.81,102.38,90.43,0.8026,11.6800,124.7600,0.2100,124.2600,0.8081,0
2721,11:07:56.607,ROI,160,160,224,224,64.84,65.60,0.0,0.0,15.24,713.71,210.26,102.58,89.39,0.8728,14.7100,129.5100,0.4400,127.9700,0.8232,0
2722,11:07:56.686,ROI,160,160,224,224,70.24,71.04,30.2,11.0,14.08,711.92,209.43,104.12,87.00,0.9407,11.6500,131.8100,0.2800,7.8700,0.7305,0
2723,11:07:56.767,ROI,160,160,224,224,74.41,74.96,40.1,5.2,13.34,708.82,205.82,103.82,84.20,0.8679,12.6600,138.7900,0.4800,125.8200,0.7852,0
2724,11:07:56.854,ROI,160,160,224,224,73.14,73.84,0.0,10.575,13.54,708.62,205.31,103.77,85.55,0.9804,11.0600,126.8700,0.1000,118.3100,0.6875,0
2725,11:07:56.939,ROI,160,160,224,224,74.95,75.81,0.0,5.15,13.19,704.89,201.74,107.86,84.64,0.8595,13.1800,133.2100,0.1300,131.9700,0.7993,0
2726,11:07:57.025,ROI,160,160,224,224,100.65,101.16,0.0,11.575,9.89,705.15,200.94,108.28,84.07,0.9768,15.3100,134.9200,0.0200,136.0100,0.8604,0
2727,11:07:57.137,ROI,160,160,224,224,80.59,82.58,0.0,9.45,12.11,697.99,196.74,108.15,84.15,0.7971,14.5100,140.4100,0.1200,136.6700,0.8984,0
2728,11:07:57.232,ROI,160,160,224,224,109.95,110.48,0.0,10.6,9.05,694.91,194.03,110.38,81.76,0.8872,14.2800,145.5700,0.0800,141.2700,0.8936,0
2729,11:07:57.356,ROI,160,160,224,224,94.10,94.73,0.0,4.125,10.56,693.22,193.03,109.16,79.69,0.9452,14.3500,144.6200,0.0400,143.1400,0.9209,0
2730,11:07:57.462,ROI,160,160,224,224,100.27,100.73,0.0,7.75,9.93,690.30,190.70,112.62,79.95,0.8962,13.6800,149.3500,0.3300,145.1900,0.9141,0
2731,11:07:57.575,ROI,160,160,256,256,90.04,90.54,0.0,4.325,11.04,684.80,188.46,114.80,80.58,0.8606,14.5900,152.1000,0.0800,150.0200,0.9316,0
2732,11:07:57.678,ROI,160,160,256,256,125.06,125.58,0.0,9.325,7.96,679.55,185.81,114.51,80.35,0.8565,13.5800,150.0100,0.1100,146.2200,0.9072,0
2733,11:07:57.815,ROI,160,160,256,256,115.48,115.97,32.875,10.1,8.62,674.41,183.54,114.22,78.64,0.8653,13.7400,152.7000,0.0100,149.8200,0.9023,0
2734,11:07:57.942,ROI,160,160,256,256,103.64,104.25,0.0,3.75,9.59,669.97,181.64,115.04,77.79,0.8830,13.8500,152.8200,0.0100,144.3200,0.9087,0
2735,11:07:58.058,ROI,160,160,256,256,133.75,134.29,0.0,5.825,7.45,668.07,180.71,117.54,78.29,0.9455,16.1800,157.7800,0.0100,67.2300,0.8828,0
2736,11:07:58.202,ROI,160,160,256,256,123.08,123.72,0.0,9.475,8.08,660.00,177.17,116.16,76.27,0.7988,15.2900,159.1200,0.0400,70.8700,0.8389,0
2737,11:07:58.337,ROI,160,160,256,256,126.05,127.09,0.0,0.0,7.87,653.95,175.38,115.04,78.34,0.8620,17.1800,162.1600,0.0200,155.6800,0.8818,0
2738,11:07:58.475,ROI,160,160,256,256,115.47,116.11,34.4,6.725,8.61,649.48,173.94,112.13,77.46,0.8918,16.9500,162.9800,0.0700,60.9700,0.8569,0
2739,11:07:58.603,ROI,160,160,256,256,107.21,107.79,0.0,0.0,9.28,644.46,172.15,115.07,73.71,0.8734,17.9500,164.5800,0.0400,50.6400,0.8535,0
2740,11:07:58.722,ROI,160,160,256,256,84.45,85.43,0.0,4.575,11.70,643.22,172.40,115.50,74.00,0.9722,18.0000,163.6900,0.1400,88.2800,0.8052,0
2741,11:07:58.820,ROI,160,160,256,256,92.92,93.43,0.0,0.0,10.70,637.37,171.58,113.06,71.30,0.8709,16.1400,166.6400,0.1300,106.0300,0.7891,0
2742,11:07:58.924,ROI,160,160,256,256,87.45,87.98,0.0,8.875,11.37,630.47,170.22,110.46,71.10,0.8523,16.5600,168.5000,0.0500,93.5900,0.7847,0
2743,11:07:59.024,ROI,160,160,224,224,109.05,109.69,0.0,7.125,9.12,628.01,170.01,111.41,68.88,0.9274,16.0600,167.4700,0.0500,172.0900,0.8032,0
2744,11:07:59.146,ROI,160,160,224,224,116.57,117.12,0.0,10.0,8.54,625.33,168.85,108.75,68.85,0.9215,16.6600,170.4700,0.0300,175.5900,0.8325,0
2745,11:07:59.275,ROI,160,160,224,224,106.91,107.40,0.0,10.9,9.31,618.13,168.60,110.96,69.58,0.8683,16.9500,172.9800,0.0100,52.6800,0.8364,0
2746,11:07:59.395,ROI,160,160,224,224,113.08,113.73,0.0,3.425,8.79,612.81,168.13,106.62,69.71,0.8950,16.9400,174.6800,0.0200,-170.2300,0.8311,0
2747,11:07:59.520,ROI,160,160,224,224,92.86,93.53,0.0,4.175,10.69,607.98,167.78,106.44,70.22,0.9047,19.4200,176.5600,0.0300,36.0300,0.8950,0
2748,11:07:59.626,ROI,160,160,224,224,80.33,80.91,0.0,9.65,12.36,602.49,168.41,106.85,71.47,0.8867,14.6300,-179.5600,0.0200,172.5500,0.8833,0
2749,11:07:59.720,ROI,160,160,224,224,80.95,81.58,0.0,0.0,12.26,597.63,167.86,106.62,70.15,0.8968,15.3900,-177.6000,0.0100,-118.8100,0.8687,0
2750,11:07:59.813,ROI,160,160,224,224,90.92,91.48,0.0,8.55,10.93,595.03,169.72,107.45,73.36,0.9054,17.2500,-178.1800,0.0100,-166.2300,0.9023,0
2751,11:07:59.918,ROI,160,160,224,224,80.91,81.55,0.0,4.8,12.26,589.76,169.78,108.22,74.83,0.8899,16.7200,-178.8900,0.0100,-177.2700,0.9028,0
2752,11:08:00.013,ROI,160,160,224,224,93.92,94.57,0.0,8.25,10.57,587.47,170.16,110.22,73.60,0.9436,19.3900,-179.9500,0.0100,179.3900,0.9258,0
2753,11:08:00.118,ROI,160,160,224,224,78.23,79.01,0.0,4.95,12.66,582.66,170.21,111.29,71.04,0.8862,18.3400,-177.2600,0.0100,-165.9100,0.8921,0
2754,11:08:00.209,ROI,160,160,224,224,86.51,87.10,0.0,0.0,11.48,577.91,170.39,110.59,70.27,0.9083,16.6600,-176.4000,0.0100,123.6700,0.8599,0
2755,11:08:00.308,ROI,160,160,224,224,77.08,77.71,33.275,5.025,12.87,574.76,171.20,111.64,70.85,0.9239,16.8000,-177.3300,0.0100,-146.9900,0.8867,0
2756,11:08:00.397,ROI,160,160,224,224,82.49,83.04,0.0,0.0,12.04,569.55,172.48,110.03,71.78,0.8795,16.0700,-175.4200,0.0100,-148.2000,0.8472,0
2757,11:08:00.491,ROI,160,160,224,224,93.24,93.90,0.0,24.95,10.65,566.31,173.26,110.67,71.37,0.9234,16.0600,-171.1200,0.0200,-18.4200,0.8237,0
2758,11:08:00.597,ROI,160,160,224,224,76.75,77.27,0.0,5.05,12.94,564.00,173.34,111.76,71.09,0.9556,16.6000,-168.5100,0.0600,-104.4200,0.7939,0
2759,11:08:00.687,ROI,160,160,224,224,77.71,78.43,0.0,4.975,12.75,556.45,175.86,112.53,72.84,0.8182,15.9500,-165.5400,0.0400,-117.4500,0.7646,0
2760,11:08:00.778,ROI,160,160,256,256,83.20,83.69,0.0,18.675,11.95,553.52,175.08,113.36,72.51,0.9299,13.9700,-164.7600,0.0300,35.6700,0.6860,0
2761,11:08:00.871,ROI,160,160,256,256,81.39,82.52,0.0,9.475,12.12,549.75,177.02,112.03,73.34,0.8885,13.0200,-167.2700,0.0900,41.7400,0.6699,0
2762,11:08:00.966,ROI,160,160,256,256,83.32,83.84,0.0,13.975,11.93,548.10,177.18,111.47,73.02,0.9667,13.8800,-165.7400,0.0200,42.8100,0.6948,0
2763,11:08:01.061,ROI,160,160,224,224,100.80,101.29,0.0,0.0,9.87,542.90,180.04,111.22,74.37,0.8455,16.0400,-163.9200,0.0100,-142.3500,0.7686,0
2764,11:08:01.174,ROI,160,160,224,224,89.30,90.46,0.0,8.625,11.05,537.28,182.91,110.54,76.75,0.8403,14.3900,-154.9300,0.0700,63.6000,0.6655,0
2765,11:08:01.276,ROI,160,160,224,224,87.87,88.57,0.0,8.775,11.29,534.55,183.57,112.15,76.62,0.9363,14.2000,-155.6000,0.2500,-162.2600,0.6528,0
2766,11:08:01.377,ROI,160,160,256,256,86.91,87.60,0.0,13.375,11.42,532.18,184.74,108.94,79.25,0.9273,14.1200,-156.2000,0.0200,-150.5700,0.6548,0
2767,11:08:01.477,ROI,160,160,224,224,86.39,87.53,0.0,4.475,11.42,526.41,187.54,108.54,82.52,0.8421,13.2500,-148.0500,0.0400,47.0900,0.6382,0
2768,11:08:01.579,ROI,160,160,224,224,68.32,68.80,26.8,5.675,14.53,522.81,187.91,106.90,82.45,0.9272,13.5100,-144.4000,0.0800,49.7800,0.7725,0
2769,11:08:01.659,ROI,160,160,224,224,60.49,61.00,0.0,6.4,16.39,521.33,187.94,107.86,81.77,0.9650,13.6400,-142.6000,0.2700,41.3000,0.8037,0
2770,11:08:01.732,ROI,160,160,224,224,76.92,77.54,0.0,0.0,12.90,516.65,191.59,108.39,84.64,0.8427,11.5900,-145.0500,0.2400,41.5900,0.6245,0
2771,11:08:01.820,ROI,160,160,224,224,71.79,72.44,0.0,16.175,13.80,514.12,191.80,104.75,85.54,0.9442,11.1800,-137.6000,0.0900,41.0700,0.7324,0
2772,11:08:01.903,ROI,160,160,224,224,58.50,59.10,0.0,13.225,16.92,513.06,192.97,103.31,87.39,0.9539,12.8700,-124.1500,0.0400,33.1100,0.8804,0
2773,11:08:01.976,ROI,160,160,224,224,57.25,57.79,0.0,20.275,17.30,509.67,195.47,102.51,88.33,0.8860,10.8000,-119.5200,0.0400,15.7600,0.8213,0
2774,11:08:02.045,ROI,160,160,224,224,74.44,75.02,0.0,5.2,13.33,505.29,198.67,101.39,90.30,0.8568,10.0700,-121.0200,0.0200,-28.8800,0.7334,0
2775,11:08:02.132,ROI,160,160,224,224,79.32,79.82,0.0,14.675,12.53,503.46,200.25,99.37,90.12,0.9314,11.1600,-114.4200,0.1900,-107.2800,0.7666,0
2776,11:08:02.223,ROI,160,160,224,224,95.17,96.17,0.0,16.25,10.40,502.36,200.97,99.68,89.39,0.9628,12.2400,-110.9100,0.0100,-95.6800,0.8032,0
2777,11:08:02.331,ROI,160,160,224,224,77.14,77.63,0.0,5.025,12.88,497.95,204.93,98.41,93.76,0.8422,14.8000,-110.0300,0.0500,-101.4900,0.9136,0
2778,11:08:02.420,ROI,160,160,224,224,70.00,70.63,0.0,11.05,14.16,495.01,207.43,94.36,93.44,0.8931,11.9800,-109.3100,0.0500,-97.7800,0.8975,0
2779,11:08:02.502,ROI,160,160,192,192,89.57,90.04,0.0,13.025,11.11,494.62,208.40,95.24,90.54,0.9603,11.6100,-116.6200,0.0100,115.8900,0.8872,0
2780,11:08:02.603,ROI,160,160,192,192,72.24,72.73,0.0,10.75,13.75,490.36,213.03,92.46,95.12,0.8306,13.9600,-109.7900,0.0200,-65.7800,0.9351,0
2781,11:08:02.687,ROI,160,160,192,192,74.46,75.11,0.0,5.2,13.31,488.78,215.77,93.12,96.42,0.9133,12.5600,-106.5300,0.0400,-89.4900,0.9614,0
2782,11:08:02.775,ROI,160,160,224,224,79.08,80.03,0.0,4.875,12.50,487.10,216.46,92.46,98.06,0.9488,13.2600,-98.6700,0.1700,-2.1400,0.9761,0
2783,11:08:02.866,ROI,160,160,224,224,74.00,74.95,0.0,0.0,13.34,485.05,219.74,95.70,100.03,0.8969,13.7500,-99.8500,0.0400,-112.7800,0.9731,0
2784,11:08:02.953,ROI,160,160,224,224,58.82,59.38,0.0,6.575,16.84,484.86,222.00,93.25,102.03,0.9326,14.2100,-98.9900,0.3700,-97.7500,0.9688,0
2785,11:08:03.024,ROI,160,160,224,224,60.00,60.70,32.175,0.0,16.47,483.62,223.69,91.80,102.70,0.9424,13.5500,-97.6400,0.0800,-96.0600,0.9751,0
2786,11:08:03.098,ROI,160,160,224,224,67.07,67.58,0.0,17.35,14.80,480.12,227.86,95.87,103.43,0.8581,14.1300,-95.6100,0.1600,-94.4700,0.9839,0
2787,11:08:03.178,ROI,160,160,224,224,89.70,90.18,30.8,13.0,11.09,478.07,232.29,95.77,99.25,0.8793,12.9500,-100.0600,0.1300,-93.6300,0.9375,0
2788,11:08:03.281,ROI,160,160,224,224,77.01,77.50,0.0,0.0,12.90,480.97,233.20,91.63,101.00,0.9238,13.7700,-95.1700,0.6100,-107.6800,0.9688,0
2789,11:08:03.370,ROI,160,160,224,224,84.42,85.17,0.0,18.325,11.74,479.02,231.88,88.26,96.14,0.9117,13.3500,-97.5500,0.0600,-135.4400,0.9580,0
2790,11:08:03.466,ROI,160,160,224,224,78.69,79.27,0.0,0.0,12.61,478.89,237.83,94.43,102.28,0.8303,14.8700,-97.4300,0.4600,-115.7100,0.9780,0
2791,11:08:03.557,ROI,160,160,224,224,98.68,99.59,0.0,3.925,10.04,477.26,241.73,90.99,101.23,0.8934,15.1800,-96.0300,0.1900,-103.4000,0.9741,0
2792,11:08:03.668,ROI,160,160,224,224,72.28,72.85,0.0,5.375,13.73,475.29,247.22,86.38,102.75,0.8550,16.5200,-90.7200,0.1500,-108.4400,0.9932,0
2793,11:08:03.751,ROI,160,160,224,224,88.72,89.40,37.325,17.475,11.19,473.70,247.84,82.31,101.29,0.9393,12.9100,-90.3800,0.1200,-103.9300,0.9883,0
2794,11:08:03.851,ROI,160,160,224,224,83.34,83.94,0.0,0.0,11.91,472.89,252.66,83.45,103.45,0.8932,16.5800,-87.8800,0.0400,-75.3200,0.9863,0
2795,11:08:03.948,ROI,160,160,224,224,93.52,94.15,0.0,16.6,10.62,472.36,254.48,82.15,101.68,0.9502,14.3200,-87.7100,0.1100,-82.5700,0.9819,0
2796,11:08:04.055,ROI,160,160,224,224,103.93,104.68,0.0,0.0,9.55,472.21,259.54,82.94,102.94,0.8974,14.9200,-86.9000,0.0500,-85.5200,0.9707,0
2797,11:08:04.170,ROI,160,160,224,224,99.07,99.55,0.0,11.775,10.04,473.44,261.45,85.08,100.10,0.9361,13.6700,-85.7500,0.0300,64.6000,0.9517,0
2798,11:08:04.283,ROI,160,160,224,224,76.22,76.71,0.0,15.275,13.04,474.06,268.99,87.04,106.15,0.8450,14.4800,-88.8000,0.1100,-84.9000,0.9326,0
2799,11:08:04.371,ROI,160,160,224,224,91.02,92.21,0.0,4.25,10.84,474.10,269.40,82.91,106.18,0.9455,13.3600,-85.9200,0.1300,-90.4900,0.8906,0
2800,11:08:04.474,ROI,160,160,224,224,85.50,85.99,0.0,4.55,11.63,475.20,274.81,90.15,105.59,0.8337,13.7800,-85.4700,0.1200,-90.1600,0.9028,0
2801,11:08:04.571,ROI,160,160,224,224,105.01,106.33,0.0,11.025,9.41,476.47,279.35,91.48,106.51,0.8936,13.4200,-83.9100,0.0300,-87.5400,0.8701,0
2802,11:08:04.688,ROI,160,160,224,224,93.64,94.38,0.0,4.15,10.60,477.60,280.76,91.17,109.27,0.9507,13.1500,-83.1000,0.0300,-84.9600,0.8511,0
2803,11:08:04.793,ROI,160,160,224,224,104.14,104.73,0.0,3.725,9.55,482.25,285.38,87.61,108.32,0.8310,14.0900,-75.9700,0.0500,-74.8000,0.9126,0
2804,11:08:04.909,ROI,160,160,224,224,124.01,124.65,0.0,6.275,8.02,482.66,290.47,90.50,107.59,0.8822,13.1300,-76.1800,0.3200,-68.9600,0.9004,0
2805,11:08:05.046,ROI,160,160,224,224,86.16,86.97,0.0,0.0,11.50,484.53,294.19,92.67,106.41,0.8968,13.5400,-74.5700,0.0100,-81.7900,0.8960,0
2806,11:08:05.144,ROI,160,160,224,224,58.09,58.78,0.0,13.3,17.01,486.38,299.11,96.63,107.42,0.8760,13.6300,-73.2500,0.0000,-71.1100,0.8706,0
2807,11:08:05.216,ROI,160,160,224,224,67.52,68.19,0.0,5.725,14.66,487.32,299.42,95.80,107.81,0.9752,13.3000,-73.8000,0.0100,-71.5500,0.8535,0
2808,11:08:05.297,ROI,160,160,224,224,52.12,52.67,0.0,0.0,18.99,490.16,305.93,99.25,107.56,0.8385,13.1800,-72.8800,0.0100,-65.4000,0.8784,0
2809,11:08:05.360,ROI,160,160,224,224,49.44,50.02,0.0,7.8,19.99,489.10,306.65,103.70,112.46,0.9154,13.8300,-72.4700,0.0200,-13.0100,0.8804,0
2810,11:08:05.423,ROI,160,160,256,256,88.59,89.52,30.425,8.725,11.17,490.60,308.42,100.37,112.18,0.9384,14.3200,-71.5700,0.0500,-96.0700,0.8784,0
2811,11:08:05.525,ROI,160,160,256,256,84.74,85.29,0.0,13.75,11.72,496.05,313.12,100.75,110.46,0.8279,12.4400,-64.3000,0.1100,-81.5700,0.8447,0
2812,11:08:05.622,ROI,160,160,224,224,59.22,60.00,0.0,0.0,16.67,494.66,313.21,101.07,113.23,0.9493,12.1400,-70.4600,0.0000,-83.7100,0.8135,0
2813,11:08:05.697,ROI,160,160,256,256,96.47,97.13,0.0,0.0,10.30,500.48,318.84,109.90,110.77,0.8144,12.2000,-60.1700,0.0900,-58.5800,0.8091,0
2814,11:08:05.805,ROI,160,160,224,224,61.47,62.57,0.0,6.25,15.98,501.05,324.13,115.60,110.31,0.8659,11.6200,-64.4600,0.0400,-14.6300,0.8477,0
2815,11:08:05.878,ROI,160,160,256,256,70.96,71.51,0.0,5.475,13.98,504.71,326.11,115.97,114.43,0.9058,10.7200,-58.4500,0.0200,-6.9700,0.7485,0
2816,11:08:05.961,ROI,160,160,256,256,73.65,74.14,0.0,0.0,13.49,507.63,329.68,119.97,114.34,0.8954,13.0100,-51.0200,0.0000,-40.5100,0.7676,0
2817,11:08:06.048,ROI,160,160,256,256,66.95,67.50,0.0,11.575,14.82,508.52,331.90,121.66,115.95,0.9484,12.7600,-54.5600,0.0300,18.7200,0.8433,0
2818,11:08:06.128,ROI,160,160,256,256,61.42,62.07,32.175,18.875,16.11,509.06,333.83,124.19,116.80,0.9478,12.3100,-53.7100,0.0200,21.0200,0.8643,0
2819,11:08:06.202,ROI,160,160,256,256,77.36,77.96,0.0,5.0,12.83,513.86,338.66,124.27,116.83,0.8545,13.5000,-51.3200,0.0100,21.1700,0.8062,0
2820,11:08:06.291,ROI,160,160,256,256,60.83,61.53,0.0,25.4,16.25,514.57,339.30,128.24,114.08,0.9469,12.6500,-53.9600,0.0300,-52.1700,0.8062,0
2821,11:08:06.364,ROI,160,160,288,288,75.61,76.14,0.0,5.125,13.13,519.49,345.26,128.30,114.79,0.8374,15.2800,-47.1000,0.1200,-33.8300,0.8027,0
2822,11:08:06.451,ROI,160,160,288,288,110.23,110.91,0.0,7.05,9.02,520.73,342.03,125.59,107.24,0.9145,12.6400,-43.2900,0.0000,-49.3300,0.8027,0
2823,11:08:06.576,ROI,160,160,256,256,67.70,68.47,0.0,0.0,14.60,526.37,348.38,130.50,109.26,0.8177,14.7700,-39.8700,0.0100,-23.3000,0.7402,0
2824,11:08:06.656,ROI,160,160,288,288,87.42,88.09,0.0,4.425,11.35,530.57,351.55,135.50,113.00,0.8878,14.0400,-36.3900,0.0100,-26.3300,0.8037,0
2825,11:08:06.757,ROI,160,160,288,288,94.24,95.71,0.0,16.325,10.45,531.94,353.45,131.94,110.75,0.9413,12.9900,-33.7000,0.0100,-29.3700,0.8320,0
2826,11:08:06.865,ROI,160,160,288,288,94.94,95.46,32.925,0.0,10.48,538.18,353.47,138.64,108.20,0.8922,14.2500,-24.8000,0.0200,8.1300,0.7202,0
2827,11:08:06.972,ROI,160,160,288,288,88.26,89.24,0.0,0.0,11.21,545.54,354.82,140.54,101.38,0.8461,17.3000,-19.0800,0.0100,-10.1900,0.7915,0
2828,11:08:07.074,ROI,160,160,288,288,99.91,100.63,0.0,7.775,9.94,552.54,359.04,140.24,98.93,0.8350,19.2100,-17.4900,0.0200,-15.5800,0.8535,0
2829,11:08:07.186,ROI,160,160,288,288,92.50,93.22,0.0,4.2,10.73,552.70,359.90,140.26,101.72,0.9704,16.2000,-13.7900,0.0100,100.6000,0.8760,0
2830,11:08:07.291,ROI,160,160,288,288,99.42,100.07,0.0,11.7,9.99,558.62,360.66,139.73,98.93,0.8946,16.5700,-12.7300,0.0300,122.8700,0.8828,0
2831,11:08:07.401,ROI,160,160,288,288,77.75,78.42,0.0,4.975,12.75,563.22,362.03,137.54,93.31,0.8839,18.0400,-12.2800,0.0500,-12.4100,0.8906,0
2832,11:08:07.491,ROI,160,160,288,288,73.89,74.50,34.275,5.25,13.42,565.81,362.13,137.72,93.29,0.9612,18.6500,-11.9400,1.9900,-13.0400,0.8789,0
2833,11:08:07.577,ROI,160,160,288,288,59.09,59.63,0.0,6.55,16.77,574.56,364.21,137.18,94.16,0.8441,19.1000,-11.3300,2.0000,-12.6400,0.9243,0
2834,11:08:07.649,ROI,160,160,288,288,94.02,94.74,0.0,4.125,10.56,573.51,365.01,138.67,92.92,0.9686,18.4300,-10.1900,0.8300,-10.8200,0.8750,0
2835,11:08:07.755,ROI,160,160,288,288,89.42,90.08,0.0,4.325,11.10,580.87,367.23,137.29,94.25,0.8592,18.9700,-9.1500,0.8800,-11.3800,0.9023,0
2836,11:08:07.856,ROI,160,160,288,288,90.79,91.63,34.775,4.275,10.91,588.17,367.47,139.66,91.73,0.8771,19.8500,-10.3900,0.1100,-14.8500,0.9385,0
2837,11:08:07.960,ROI,160,160,288,288,91.00,91.55,0.0,4.275,10.92,589.57,369.00,140.69,93.83,0.9487,16.7100,-9.2700,0.0300,1.3700,0.8662,0
2838,11:08:08.064,ROI,160,160,288,288,93.17,93.78,0.0,8.325,10.66,597.93,370.05,141.73,95.17,0.8696,18.4300,-7.4000,0.0400,3.0600,0.8926,0
2839,11:08:08.168,ROI,160,160,288,288,88.93,89.68,36.875,4.35,11.15,604.88,370.86,142.65,92.72,0.8845,18.5900,-5.5100,0.0400,2.0300,0.8628,0
2840,11:08:08.269,ROI,160,160,288,288,92.74,93.30,0.0,0.0,10.72,610.70,371.26,139.36,92.92,0.9133,15.4200,-3.1500,0.0300,3.6700,0.8789,0
2841,11:08:08.376,ROI,160,160,288,288,87.26,87.84,0.0,8.9,11.38,614.14,371.43,139.86,91.60,0.9387,16.8000,-5.2400,0.0800,7.1900,0.8091,0
2842,11:08:08.475,ROI,160,160,288,288,64.33,64.98,0.0,6.0,15.39,620.01,371.67,138.60,91.69,0.9146,17.2600,-5.0700,0.2100,1.1000,0.8491,0
2843,11:08:08.551,ROI,160,160,288,288,80.72,81.30,0.0,0.0,12.30,623.22,371.50,139.84,93.78,0.9340,17.2800,-2.6200,0.4600,-1.9300,0.9258,0
2844,11:08:08.644,ROI,160,160,288,288,64.53,65.06,33.45,0.0,15.37,630.11,370.86,141.44,93.49,0.8948,17.7000,-3.0800,0.2500,-5.0000,0.8716,0
2845,11:08:08.719,ROI,160,160,288,288,68.23,69.08,0.0,5.65,14.48,628.81,372.03,134.46,94.70,0.9280,16.9600,-1.5100,0.2000,-2.8400,0.9316,0
2846,11:08:08.799,ROI,160,160,288,288,76.63,77.27,0.0,10.1,12.94,637.20,368.87,142.22,92.75,0.8314,16.2700,1.7000,0.2300,5.7400,0.9077,0
2847,11:08:08.888,ROI,160,160,288,288,74.20,75.40,34.85,5.175,13.26,641.18,369.44,140.42,91.96,0.9339,19.4100,-1.7200,0.3200,2.4500,0.9233,0
2848,11:08:08.975,ROI,160,160,288,288,87.39,88.10,0.0,4.425,11.35,647.34,368.77,140.26,92.23,0.9031,17.1100,2.8000,0.2300,7.2700,0.8882,0
2849,11:08:09.074,ROI,160,160,288,288,101.15,101.87,0.0,7.675,9.82,650.06,367.71,139.79,93.40,0.9407,16.3900,5.0100,0.0800,8.9200,0.8843,0
2850,11:08:09.187,ROI,160,160,288,288,89.93,90.88,0.0,4.3,11.00,655.04,365.79,136.91,89.42,0.8918,18.9000,12.3000,0.0100,12.5700,0.9590,0
2851,11:08:09.291,ROI,160,160,288,288,69.26,69.78,0.0,16.8,14.33,661.93,364.06,133.58,88.60,0.8701,19.6200,14.5400,0.0200,18.0000,0.9688,0
2852,11:08:09.371,ROI,160,160,288,288,82.71,84.34,0.0,0.0,11.86,666.15,362.04,135.63,92.48,0.8990,19.0700,13.7800,0.0300,26.7200,0.9653,0
2853,11:08:09.466,ROI,160,160,288,288,82.02,82.52,0.0,0.0,12.12,666.95,363.48,133.85,93.92,0.9572,18.2200,9.4500,0.0700,11.1000,0.9395,0
2854,11:08:09.561,ROI,160,160,288,288,72.21,72.71,0.0,0.0,13.75,670.77,362.28,135.14,95.78,0.9218,18.9800,16.1100,0.0500,18.1200,0.9614,0
2855,11:08:09.648,ROI,160,160,288,288,79.16,79.72,28.525,0.0,12.54,670.25,362.36,132.80,96.61,0.9744,19.8100,13.5100,0.0700,14.5700,0.9473,0
2856,11:08:09.739,ROI,160,160,288,288,73.81,74.68,33.15,0.0,13.39,671.75,362.23,133.61,97.36,0.9703,19.4400,12.5700,0.0600,14.7600,0.9536,0
2857,11:08:09.825,ROI,160,160,288,288,104.68,105.18,0.0,11.15,9.51,671.81,361.69,132.89,95.98,0.9805,18.9200,14.3300,0.1400,8.4700,0.9438,0
2858,11:08:09.943,ROI,160,160,288,288,92.49,93.13,0.0,4.2,10.74,672.49,362.91,130.48,97.54,0.9579,19.0500,16.0700,0.0700,16.7800,0.9463,0
2859,11:08:10.050,ROI,160,160,288,288,87.76,88.37,26.85,13.25,11.32,672.56,360.92,131.36,96.53,0.9536,19.5300,16.4500,0.0400,15.4600,0.9448,0
2860,11:08:10.149,ROI,160,160,288,288,97.29,97.85,0.0,7.975,10.22,673.21,361.64,130.79,94.52,0.9695,18.9900,15.0200,0.0200,17.5800,0.9414,0
2861,11:08:10.259,ROI,160,160,288,288,86.63,87.17,0.0,8.975,11.47,673.22,360.68,129.92,96.52,0.9730,19.0500,16.5900,0.0200,16.5000,0.9302,0
2862,11:08:10.357,ROI,160,160,288,288,83.32,83.85,0.0,4.65,11.93,673.04,361.58,130.54,94.72,0.9767,19.0600,14.7500,0.0200,17.2700,0.9312,0
2863,11:08:10.454,ROI,160,160,288,288,78.23,79.46,0.0,9.825,12.59,673.07,360.53,130.43,95.96,0.9774,19.1600,16.4000,0.0300,11.2700,0.9360,0
2864,11:08:10.545,ROI,160,160,288,288,92.46,93.11,0.0,4.2,10.74,673.05,361.28,130.48,94.16,0.9808,19.1200,14.3800,0.0200,16.1700,0.9302,0
2865,11:08:10.649,ROI,160,160,288,288,87.35,88.16,35.25,4.425,11.34,673.09,360.64,130.54,96.77,0.9725,19.1400,16.4600,0.0200,16.4800,0.9375,0
2866,11:08:10.751,ROI,160,160,288,288,82.53,83.54,0.0,4.675,11.97,673.22,361.48,130.46,94.54,0.9751,18.6700,15.1100,0.0300,16.5800,0.9258,0
2867,11:08:10.847,ROI,160,160,288,288,77.33,78.33,0.0,5.0,12.77,673.29,361.11,130.45,97.38,0.9697,18.9900,16.7700,0.0300,11.4300,0.9312,0
2868,11:08:10.937,ROI,160,160,288,288,90.01,91.35,0.0,0.0,10.95,673.09,360.98,130.84,97.49,0.9944,18.9800,17.0600,0.0300,11.6700,0.9326,0
2869,11:08:11.041,ROI,160,160,288,288,92.31,93.00,0.0,0.0,10.75,673.23,361.53,130.48,95.04,0.9722,18.8000,14.3700,0.0300,15.9300,0.9302,0
2870,11:08:11.146,ROI,160,160,288,288,82.49,83.04,0.0,9.4,12.04,673.04,361.16,130.23,97.20,0.9749,19.1000,16.3300,0.0300,16.1300,0.9326,0
2871,11:08:11.240,ROI,160,160,288,288,80.21,81.00,0.0,4.825,12.35,673.07,361.25,130.70,97.87,0.9896,18.7600,16.7900,0.0300,11.4000,0.9302,0
2872,11:08:11.333,ROI,160,160,288,288,92.20,92.70,0.0,0.0,10.79,673.11,361.22,130.32,97.22,0.9905,19.1300,17.2800,0.0300,16.9500,0.9312,0
2873,11:08:11.436,ROI,160,160,288,288,90.45,90.95,0.0,8.6,11.00,673.22,360.86,130.43,96.95,0.9910,18.9900,16.7300,0.0200,16.6200,0.9351,0
2874,11:08:11.537,ROI,160,160,288,288,83.76,84.60,0.0,4.625,11.82,673.02,361.48,130.25,94.64,0.9733,19.0200,14.5300,0.0200,16.7600,0.9326,0
2875,11:08:11.632,ROI,160,160,288,288,91.53,92.18,0.0,8.475,10.85,672.93,360.82,130.70,97.79,0.9645,19.5400,16.3000,0.0300,16.0700,0.9370,0
2876,11:08:11.735,ROI,160,160,288,288,89.17,89.73,0.0,4.35,11.14,673.13,361.64,130.66,95.24,0.9708,18.9400,15.5800,0.0300,17.8300,0.9385,0
2877,11:08:11.835,ROI,160,160,288,288,88.38,88.97,0.0,4.4,11.24,672.91,360.60,130.68,96.88,0.9754,19.4700,16.1200,0.0300,10.6300,0.9414,0
2878,11:08:11.935,ROI,160,160,288,288,88.46,89.05,0.0,8.775,11.23,673.17,361.73,130.73,94.30,0.9696,18.9500,15.5800,0.0200,18.4400,0.9395,0
2879,11:08:12.034,ROI,160,160,288,288,89.77,90.47,0.0,4.325,11.05,672.98,360.78,130.64,96.97,0.9698,19.5100,15.8000,0.0300,15.9300,0.9414,0
2880,11:08:12.135,ROI,160,160,288,288,81.46,82.08,0.0,0.0,12.18,673.08,361.82,130.70,94.57,0.9739,18.5700,16.3900,0.0200,18.1800,0.9370,0
2881,11:08:12.230,ROI,160,160,288,288,90.51,91.11,0.0,12.85,10.98,672.77,360.57,130.52,96.17,0.9695,19.2500,15.9300,0.0300,15.4100,0.9419,0
2882,11:08:12.333,ROI,160,160,288,288,79.48,80.28,0.0,19.475,12.46,673.04,361.73,130.39,94.73,0.9719,18.7600,15.8100,0.0200,17.2800,0.9395,0
2883,11:08:12.425,ROI,160,160,288,288,94.30,94.95,0.0,4.125,10.53,673.04,360.71,129.76,96.41,0.9743,19.4400,15.8500,0.0200,15.0600,0.9360,0
2884,11:08:12.531,ROI,160,160,288,288,97.47,98.06,0.0,7.975,10.20,673.07,361.58,130.23,94.77,0.9785,19.3200,13.7600,0.0200,15.6900,0.9326,0
2885,11:08:12.641,ROI,160,160,288,288,89.64,90.25,0.0,17.325,11.08,673.09,360.93,129.82,96.25,0.9816,19.4100,15.7800,0.0300,15.1800,0.9326,0
2886,11:08:12.748,ROI,160,160,288,288,83.07,83.64,0.0,0.0,11.96,673.07,361.66,130.30,94.66,0.9799,19.1900,12.6600,0.0300,14.7900,0.9316,0
2887,11:08:12.848,ROI,160,160,288,288,82.47,83.17,0.0,9.4,12.02,673.18,360.87,129.60,95.22,0.9784,19.3800,15.4000,0.0200,15.0200,0.9341,0
2888,11:08:12.943,ROI,160,160,288,288,86.25,86.96,0.0,8.975,11.50,673.16,361.51,130.23,94.00,0.9819,18.9400,13.2100,0.0200,15.8600,0.9292,0
2889,11:08:13.042,ROI,160,160,288,288,90.27,91.11,0.0,12.85,10.98,673.02,360.62,129.49,94.81,0.9758,19.2300,15.7600,0.0200,15.5100,0.9326,0
2890,11:08:13.145,ROI,160,160,288,288,93.95,94.54,31.95,12.4,10.58,673.18,361.64,130.05,94.21,0.9746,19.1600,13.3200,0.0200,15.8500,0.9336,0
2891,11:08:13.251,ROI,160,160,288,288,84.74,85.38,0.0,4.575,11.71,673.09,361.18,129.44,95.58,0.9811,19.5400,15.2400,0.0200,14.2900,0.9316,0
2892,11:08:13.351,ROI,160,160,288,288,90.45,91.24,27.6,0.0,10.96,673.07,361.07,129.80,95.67,0.9950,19.4700,15.3200,0.0200,14.6900,0.9312,0
2893,11:08:13.453,ROI,160,160,288,288,87.30,88.74,0.0,17.6,11.27,673.02,361.16,129.76,95.74,0.9973,19.1600,14.9400,0.0200,14.2700,0.9268,0
2894,11:08:13.553,ROI,160,160,288,288,89.59,90.41,0.0,0.0,11.06,673.04,361.14,129.47,95.58,0.9961,19.1700,15.1900,0.0200,14.8600,0.9302,0
2895,11:08:13.654,ROI,160,160,288,288,78.87,79.77,36.125,9.8,12.54,673.04,361.02,129.60,95.35,0.9964,19.3600,15.1700,0.0200,14.5500,0.9316,0
2896,11:08:13.746,ROI,160,160,288,288,84.91,85.48,0.0,9.15,11.70,673.13,361.31,129.82,95.83,0.9923,19.2500,15.2100,0.0200,15.2300,0.9326,0
2897,11:08:13.844,ROI,160,160,288,288,80.39,81.01,0.0,19.3,12.34,673.16,361.20,129.89,95.76,0.9972,19.1000,15.3500,0.0200,15.7000,0.9312,0
2898,11:08:13.935,ROI,160,160,288,288,91.72,92.25,0.0,8.475,10.84,673.16,361.11,129.85,95.74,0.9978,19.1100,15.4600,0.0200,14.5500,0.9316,0
