frame_id,timestamp,mode,input_width,input_height,roi_w,roi_h,inf_time_ms,end_to_end_time_ms,cpu_load_pct,end_to_end_cpu_load_pct,fps,x_center,y_center,width,height,iou_prev_bbox,group1_magnitude,group1_angle,group2_magnitude,group2_angle,best_conf,tracking_lost
109,14:43:14.782,ROI,160,160,288,288,61.63,62.10,0.0,0.0,16.10,649.87,387.03,132.80,99.13,0.9634,4.9000,9.0000,0.0200,112.6200,0.6733,0
110,14:43:14.852,ROI,160,160,288,288,61.04,61.63,0.0,0.0,16.23,648.44,388.21,135.79,105.07,0.9227,1.2400,15.1800,0.0300,111.0200,0.1942,0
111,14:43:14.921,ROI,160,160,288,288,59.97,60.44,0.0,6.475,16.55,649.87,387.05,133.02,98.30,0.9159,4.4600,8.2100,0.0200,114.0200,0.6245,0
112,14:43:14.988,ROI,160,160,288,288,53.67,54.15,61.0,0.0,18.47,648.51,387.68,133.97,102.76,0.9376,1.5400,15.2200,0.0300,110.2800,0.2411,0
113,14:43:15.049,ROI,160,160,288,288,44.56,45.04,58.825,0.0,22.20,648.77,388.89,134.15,102.02,0.9730,1.4600,12.3400,0.0900,107.0600,0.2379,0
114,14:43:15.100,ROI,160,160,288,288,54.67,55.15,0.0,7.075,18.13,649.96,386.94,133.40,98.21,0.9450,4.7700,7.9700,0.0200,111.6600,0.6357,0
115,14:43:15.162,ROI,160,160,288,288,86.74,87.56,60.7,22.3,11.42,649.36,388.54,132.53,98.80,0.9595,1.6300,10.4200,0.0500,118.0500,0.2710,0
116,14:43:15.257,ROI,160,160,288,288,58.69,59.23,54.55,13.2,16.88,650.26,387.71,134.82,103.68,0.9368,3.6700,9.5800,0.0200,106.8100,0.5527,0
117,14:43:15.323,ROI,160,160,288,288,58.58,59.35,52.8,0.0,16.85,649.17,388.28,134.93,99.49,0.9445,1.0300,12.1900,0.0500,110.5300,0.1613,0
118,14:43:15.389,ROI,160,160,288,288,74.63,75.34,0.0,15.55,13.27,649.95,387.50,134.55,103.50,0.9504,3.3200,10.3600,0.0200,107.8300,0.5161,0
119,14:43:15.471,ROI,160,160,288,288,56.34,56.93,0.0,6.875,17.57,649.56,388.35,136.24,105.59,0.9681,1.9100,14.4500,0.0400,105.9200,0.3098,0
120,14:43:15.533,ROI,160,160,288,288,56.56,57.16,67.5,6.825,17.49,650.28,387.71,134.96,103.72,0.9719,3.6800,10.0800,0.0200,108.7400,0.5439,0
121,14:43:15.597,ROI,160,160,288,288,52.91,53.82,62.15,14.525,18.58,649.68,387.83,135.50,98.95,0.9458,1.3500,11.8700,0.0400,110.6800,0.2247,0
122,14:43:15.656,ROI,160,160,288,288,47.70,48.27,68.075,24.275,20.72,649.41,388.30,135.54,104.69,0.9416,1.7900,15.0300,0.0300,107.4700,0.2947,0
123,14:43:15.710,ROI,160,160,288,288,51.61,52.17,0.0,14.975,19.17,650.21,387.24,134.05,102.24,0.9652,3.7700,9.3000,0.0200,108.8400,0.5522,0
124,14:43:15.768,ROI,160,160,288,288,45.85,46.49,66.9,0.0,21.51,649.15,388.10,135.11,100.42,0.9672,0.6500,15.3300,0.0500,84.1200,0.1060,0
125,14:43:15.830,ROI,160,160,288,288,54.08,54.79,25.4,14.25,18.25,649.90,387.44,133.24,103.05,0.9613,3.5400,8.8600,0.0200,108.1900,0.5386,0
126,14:43:15.891,ROI,160,160,288,288,50.75,51.72,61.25,22.7,19.34,649.43,388.13,136.40,105.91,0.9504,1.7400,15.1600,0.0300,107.7700,0.2778,0
127,14:43:15.949,ROI,160,160,288,288,60.48,61.04,0.0,25.6,16.38,649.83,387.03,133.06,102.10,0.9403,3.7200,8.8500,0.0200,109.7700,0.5591,0
128,14:43:16.016,ROI,160,160,288,288,51.85,52.43,67.55,7.45,19.07,651.02,388.71,134.60,101.63,0.9508,2.4200,11.6900,0.0300,111.2000,0.3799,0
129,14:43:16.073,ROI,160,160,288,288,49.37,49.94,0.0,15.65,20.02,651.70,386.74,133.99,102.67,0.9526,1.9500,7.8900,0.0200,113.7200,0.3320,0
130,14:43:16.129,ROI,160,160,288,288,51.09,51.66,68.35,7.55,19.36,651.23,387.80,129.60,97.09,0.9147,2.3900,7.9600,0.0200,119.4500,0.3337,0
131,14:43:16.186,ROI,160,160,288,288,50.40,50.97,0.0,15.325,19.62,651.63,387.72,130.68,96.46,0.9854,1.9100,10.6900,0.0200,116.5700,0.3091,0
132,14:43:16.242,ROI,160,160,288,288,47.08,47.71,0.0,8.175,20.96,653.36,388.42,132.08,96.91,0.9602,3.8900,6.4300,0.0200,118.4900,0.4875,0
133,14:43:16.296,ROI,160,160,288,288,52.49,53.07,0.0,0.0,18.84,659.10,389.03,138.51,103.99,0.8571,4.8000,5.2600,0.0100,124.9500,0.5010,0
134,14:43:16.355,ROI,160,160,288,288,55.75,56.86,0.0,13.75,17.59,657.25,386.57,132.35,97.58,0.8967,3.3900,7.1100,0.0400,35.5500,0.5903,0
135,14:43:16.418,ROI,160,160,288,288,61.16,61.93,118.15,12.625,16.15,659.34,389.13,132.32,99.43,0.9206,3.7100,6.6600,0.0100,132.7900,0.4456,0
136,14:43:16.490,ROI,160,160,288,288,68.48,69.06,40.55,5.65,14.48,663.37,387.87,137.27,99.50,0.9189,5.9200,6.4000,0.0500,32.4900,0.6514,0
137,14:43:16.567,ROI,160,160,288,288,63.43,64.04,52.325,12.2,15.62,664.19,389.11,131.08,96.57,0.9267,1.5000,8.7300,0.0500,112.7800,0.2078,0
138,14:43:16.636,ROI,160,160,288,288,69.06,69.50,0.0,11.25,14.39,666.77,389.05,134.10,101.63,0.9143,4.0900,8.2900,0.0100,110.0700,0.5894,0
139,14:43:16.711,ROI,160,160,288,288,53.44,54.02,68.05,7.225,18.51,675.22,387.74,131.36,99.05,0.8587,1.4300,18.5600,0.0100,101.7100,0.2566,0
140,14:43:16.771,ROI,160,160,288,288,46.17,46.87,69.1,0.0,21.34,677.79,389.63,130.39,97.54,0.9258,0.3400,19.0700,0.0100,106.7700,0.0383,0
141,14:43:16.824,ROI,160,160,288,288,47.47,48.08,0.0,8.125,20.80,679.20,388.60,131.74,100.30,0.9520,0.3700,24.8500,0.0100,100.0800,0.0393,0
142,14:43:16.878,ROI,160,160,288,288,43.76,44.38,71.275,8.8,22.54,686.45,389.64,135.81,103.05,0.8740,0.7600,22.2900,0.0100,97.7800,0.1052,0
143,14:43:16.928,ROI,160,160,288,288,60.26,60.88,0.0,0.0,16.42,689.47,388.41,133.29,99.34,0.9221,4.5700,16.8400,0.0300,35.7500,0.5068,0
144,14:43:16.995,ROI,160,160,288,288,53.91,55.02,0.0,7.1,18.17,690.73,387.50,130.54,97.47,0.9609,3.5900,17.4900,0.0100,39.5500,0.4624,0
145,14:43:17.055,ROI,160,160,288,288,66.60,67.25,69.4,11.625,14.87,693.02,386.19,133.52,96.43,0.9407,5.1800,17.3500,0.0200,37.2100,0.5596,0
146,14:43:17.128,ROI,160,160,288,288,62.28,62.94,68.85,6.2,15.89,700.31,384.69,135.86,94.79,0.8711,6.3800,15.3500,0.0000,30.4600,0.7129,0
147,14:43:17.196,ROI,160,160,288,288,46.49,47.14,0.0,8.275,21.21,701.66,382.63,131.56,93.26,0.9273,9.4000,14.2500,0.0100,31.1200,0.7759,0
148,14:43:17.249,ROI,160,160,288,288,55.39,56.05,62.925,6.975,17.84,702.93,382.85,129.33,92.74,0.9752,8.6900,17.1400,0.0100,25.2300,0.7529,0
149,14:43:17.311,ROI,160,160,288,288,56.62,57.20,0.0,0.0,17.48,709.09,382.38,131.58,93.29,0.9010,6.7700,20.6000,0.0100,31.5300,0.6675,0
150,14:43:17.374,ROI,160,160,288,288,65.61,66.28,0.0,0.0,15.09,710.55,380.56,127.33,90.59,0.9303,1.4300,23.0900,0.0000,-14.5100,0.1908,0
151,14:43:17.447,ROI,160,160,256,256,63.29,63.92,0.0,18.325,15.64,712.32,381.89,130.80,96.22,0.9160,6.6600,22.1200,0.0100,3.9200,0.5850,0
152,14:43:17.516,ROI,160,160,288,288,59.86,60.47,70.375,19.375,16.54,718.70,379.74,131.35,93.74,0.8689,3.1700,24.5100,0.0100,36.1300,0.4556,0
153,14:43:17.582,ROI,160,160,288,288,69.41,70.03,0.0,5.575,14.28,719.37,378.26,127.24,91.08,0.9383,1.4800,26.3500,0.0100,71.7400,0.2335,0
154,14:43:17.658,ROI,160,160,256,256,53.40,54.06,65.05,0.0,18.50,723.26,379.12,134.18,94.77,0.9057,5.8300,21.8600,0.0100,40.4900,0.5708,0
155,14:43:17.718,ROI,160,160,288,288,57.25,57.95,68.175,13.475,17.26,724.84,377.04,127.80,95.74,0.9129,2.7300,27.4000,0.0200,64.5800,0.3098,0
156,14:43:17.782,ROI,160,160,256,256,48.25,48.89,66.475,0.0,20.45,730.86,377.06,129.87,98.18,0.8888,9.5800,23.6600,0.0200,58.9000,0.8159,0
157,14:43:17.838,ROI,160,160,288,288,69.81,70.47,0.0,16.625,14.19,729.75,377.52,127.67,97.25,0.9736,4.5800,28.6200,0.0300,58.4600,0.4849,0
158,14:43:17.914,ROI,160,160,256,256,52.66,53.17,75.25,7.35,18.81,735.40,373.70,126.50,98.10,0.8488,7.5500,26.6900,0.0100,16.2200,0.7290,0
159,14:43:17.973,ROI,160,160,256,256,53.82,54.40,68.7,14.35,18.38,737.35,375.85,123.54,102.98,0.9245,8.6900,26.4800,0.0400,58.1300,0.7192,0
160,14:43:18.033,ROI,160,160,256,256,52.42,53.09,69.15,7.35,18.84,740.31,373.43,125.54,99.22,0.9103,7.6200,26.4400,0.1200,49.7800,0.6909,0
161,14:43:18.091,ROI,160,160,256,256,53.68,54.30,0.0,14.375,18.41,740.38,375.21,124.13,102.90,0.9538,9.8800,26.5400,0.0900,59.7400,0.7329,0
162,14:43:18.151,ROI,160,160,256,256,53.48,54.08,71.425,7.225,18.49,746.45,367.53,130.53,104.40,0.7883,6.4100,30.3100,0.1600,54.2500,0.6558,0
163,14:43:18.211,ROI,160,160,288,288,53.52,54.12,0.0,14.425,18.48,747.87,370.73,121.63,99.86,0.8757,6.9000,28.5700,0.2000,77.6500,0.6216,0
164,14:43:18.270,ROI,160,160,256,256,53.93,54.53,85.4,0.0,18.34,746.46,370.22,121.10,99.41,0.9672,8.0100,27.4900,0.0500,50.4600,0.7334,0
165,14:43:18.329,ROI,160,160,256,256,47.92,48.61,85.775,16.075,20.57,751.82,364.61,117.12,100.06,0.8202,7.0200,36.6600,0.1100,91.7800,0.5801,0
166,14:43:18.384,ROI,160,160,256,256,59.76,60.31,0.0,12.95,16.58,752.44,362.86,115.78,102.98,0.9555,9.2200,34.8200,0.1400,99.9700,0.6909,0
167,14:43:18.449,ROI,160,160,256,256,59.03,59.62,69.975,6.55,16.77,753.95,361.87,116.99,101.34,0.9559,10.1600,35.1800,0.1400,91.4000,0.7061,0
168,14:43:18.515,ROI,160,160,256,256,66.59,67.20,0.0,11.625,14.88,755.45,361.03,117.25,99.06,0.9531,7.1200,34.1300,0.0900,98.5300,0.6235,0
169,14:43:18.587,ROI,160,160,256,256,56.02,56.63,0.0,13.8,17.66,759.38,357.99,113.73,100.24,0.8806,7.3900,35.3000,0.1700,112.4500,0.6323,0
170,14:43:18.650,ROI,160,160,256,256,53.97,54.59,72.075,21.475,18.32,760.74,357.02,115.01,104.21,0.9395,7.5100,40.2000,0.2400,106.4300,0.6582,0
171,14:43:18.710,ROI,160,160,256,256,55.40,56.02,0.0,6.975,17.85,761.49,357.88,113.58,101.22,0.9587,7.8300,38.8700,0.1500,102.2300,0.6846,0
172,14:43:18.772,ROI,160,160,256,256,56.80,57.41,66.175,13.6,17.42,762.73,357.03,114.19,102.08,0.9624,8.1700,41.4700,0.1400,103.0800,0.7002,0
173,14:43:18.836,ROI,160,160,256,256,57.13,57.77,61.0,13.525,17.31,766.58,353.80,111.12,99.70,0.8775,8.4000,42.4700,0.1400,94.9000,0.6763,0
174,14:43:18.900,ROI,160,160,224,224,64.01,64.67,65.2,6.05,15.46,766.53,354.06,108.88,103.07,0.9484,9.1700,45.2900,0.0400,51.6200,0.8237,0
175,14:43:18.970,ROI,160,160,224,224,63.69,64.30,63.725,0.0,15.55,771.68,348.93,106.86,99.20,0.8244,9.9600,48.5800,0.0300,55.2600,0.7290,0
176,14:43:19.040,ROI,160,160,224,224,64.70,65.37,0.0,11.95,15.30,775.34,347.86,104.06,97.19,0.9133,11.6600,45.2900,0.0200,49.2100,0.8364,0
177,14:43:19.112,ROI,160,160,224,224,68.01,68.66,62.85,11.375,14.56,776.88,348.18,103.80,95.82,0.9573,10.2700,44.4700,0.0400,43.0900,0.8379,0
178,14:43:19.186,ROI,160,160,224,224,58.98,59.38,0.0,13.15,16.84,781.87,344.18,102.05,97.29,0.8385,8.9900,44.6000,0.0300,50.1300,0.6992,0
179,14:43:19.252,ROI,160,160,224,224,70.61,71.00,0.0,11.0,14.08,779.03,343.58,111.99,100.32,0.8836,4.6000,48.8000,0.0200,99.5700,0.5010,0
180,14:43:19.328,ROI,160,160,224,224,63.41,63.85,79.625,6.125,15.66,777.50,344.30,108.98,99.85,0.9590,7.6200,46.8000,0.0600,117.8200,0.7612,0
181,14:43:19.399,ROI,160,160,224,224,63.98,64.36,58.75,12.15,15.54,785.05,338.57,105.84,98.35,0.7791,3.9300,47.5100,0.0200,74.2600,0.4275,0
182,14:43:19.469,ROI,160,160,224,224,49.12,49.55,66.475,23.65,20.18,789.72,338.43,104.97,99.46,0.9055,6.0400,44.2800,0.0200,42.3300,0.6055,0
183,14:43:19.524,ROI,160,160,224,224,52.53,52.93,0.0,0.0,18.89,788.73,337.76,100.11,99.40,0.9412,6.6900,49.0900,0.0300,22.4800,0.6548,0
184,14:43:19.583,ROI,160,160,224,224,44.26,44.71,63.875,0.0,22.37,809.41,332.86,130.68,100.30,0.6394,2.6500,45.2200,0.0200,19.1200,0.2976,0
185,14:43:19.635,ROI,160,160,288,288,64.96,65.68,0.0,0.0,15.23,781.23,330.02,162.86,103.41,0.6450,0.8600,20.4200,0.6900,36.0500,0.1809,0
186,14:43:19.706,ROI,160,160,352,352,58.03,58.54,0.0,6.675,17.08,775.92,181.70,94.91,55.24,0.0000,0.9200,143.2500,0.1600,51.4300,0.1377,0
187,14:43:19.771,ROI,160,160,192,192,79.59,80.07,0.0,0.0,12.49,709.86,254.66,61.57,44.68,0.0000,0.0200,136.5100,0.0200,134.6700,0.0069,0
188,14:43:19.858,ROI,160,160,128,128,57.22,57.66,0.0,13.55,17.34,729.58,299.65,85.88,36.61,0.0000,0.0100,114.8300,0.0100,56.6400,0.0027,0
189,14:43:19.921,ROI,160,160,192,192,54.38,54.83,68.875,14.25,18.24,789.84,327.08,72.76,102.77,0.0703,5.7700,62.2700,0.0200,26.2400,0.5996,0
190,14:43:19.983,ROI,160,160,224,224,47.63,48.08,0.0,16.25,20.80,806.05,320.20,116.26,101.01,0.5616,2.2000,44.7800,0.0300,28.7900,0.2285,0
191,14:43:20.037,ROI,160,160,256,256,61.14,61.67,0.0,19.0,16.21,796.13,200.72,93.33,17.49,0.0000,2.0200,18.3300,0.5100,36.4800,0.3306,0
192,14:43:20.107,ROI,160,160,192,192,79.63,80.10,0.0,14.625,12.48,778.40,182.11,94.98,53.29,0.2369,0.0300,153.8900,0.0100,33.5500,0.0059,0
193,14:43:20.193,ROI,160,160,192,192,77.43,77.89,0.0,15.05,12.84,754.43,265.40,139.88,25.22,0.0000,0.0700,140.7300,0.0200,58.3100,0.0131,0
194,14:43:20.278,ROI,160,160,288,288,49.07,49.55,0.0,7.875,20.18,776.66,169.15,87.46,78.95,0.0000,0.1200,153.7200,0.0700,149.5600,0.0128,0
195,14:43:20.334,ROI,160,160,192,192,91.11,91.58,0.0,12.8,10.92,690.14,119.24,20.28,81.25,0.0000,0.0100,54.8600,0.0000,139.0700,0.0014,0
196,14:43:20.432,ROI,160,160,192,192,60.33,60.75,0.0,0.0,16.46,648.64,209.18,95.26,11.90,0.0000,0.0600,26.5800,0.0200,73.8200,0.0048,0
197,14:43:20.500,ROI,160,160,192,192,57.66,58.10,0.0,6.725,17.21,557.70,153.01,11.45,94.51,0.0000,0.0100,44.9600,0.0100,72.3500,0.0013,0
198,14:43:20.565,ROI,160,160,192,192,66.83,67.37,50.95,17.4,14.84,643.96,217.22,18.30,63.32,0.0000,0.2800,65.5600,0.1900,58.1800,0.1041,0
199,14:43:20.638,ROI,160,160,128,128,51.69,52.11,0.0,15.0,19.19,659.35,259.63,94.42,42.81,0.0390,0.0200,102.5700,0.0100,94.8100,0.0051,0
200,14:43:20.697,ROI,160,160,192,192,77.34,77.84,59.275,10.025,12.85,746.64,191.60,16.97,56.95,0.0000,0.0100,52.3700,0.0100,37.4400,0.0013,0
201,14:43:20.781,ROI,160,160,128,128,58.56,59.00,0.0,6.625,16.95,763.66,186.09,92.64,116.29,0.0897,0.0100,135.5900,0.0100,25.9300,0.0015,0
202,14:43:20.846,ROI,160,160,256,256,44.72,45.25,61.625,17.275,22.10,780.20,279.92,165.73,67.65,0.0000,0.4500,159.9500,0.2600,156.2900,0.0811,0
203,14:43:20.898,ROI,160,160,352,352,65.60,66.13,0.0,5.9,15.12,939.74,176.96,32.43,131.14,0.0000,0.1600,52.0400,0.0800,76.4100,0.0243,0
204,14:43:20.971,ROI,160,160,288,288,65.00,65.48,61.2,17.9,15.27,821.48,279.36,53.08,79.67,0.0000,5.8200,100.0100,1.3400,126.6300,0.5601,0
205,14:43:21.042,ROI,160,160,160,160,40.29,42.15,0.0,0.0,23.73,800.09,294.15,96.07,105.25,0.4035,0.1500,65.6200,0.1200,12.7000,0.0120,0
206,14:43:21.091,ROI,160,160,224,224,51.74,52.16,61.5,22.475,19.17,778.41,192.16,90.83,20.16,0.0000,0.1300,108.0500,0.0300,78.0900,0.0394,0
207,14:43:21.149,ROI,160,160,192,192,52.40,52.86,0.0,0.0,18.92,803.51,260.95,127.58,53.93,0.0000,2.7600,157.9600,0.1500,117.3600,0.2922,0
208,14:43:21.209,ROI,160,160,256,256,63.05,63.53,0.0,18.45,15.74,777.42,178.22,87.60,54.70,0.0000,0.4500,159.0600,0.0900,61.7800,0.0977,0
209,14:43:21.279,ROI,160,160,192,192,50.51,51.14,0.0,15.275,19.55,795.86,252.75,116.23,42.43,0.0000,2.6200,-2.3100,0.5800,154.8900,0.6284,0
210,14:43:21.336,ROI,160,160,256,256,88.86,89.32,0.0,8.75,11.20,803.70,304.13,229.04,147.76,0.1457,0.0300,160.9900,0.0200,159.0000,0.0044,0
211,14:43:21.432,ROI,160,160,480,480,66.37,66.88,0.0,17.525,14.95,668.96,112.81,81.42,76.80,0.0000,0.0400,90.3100,0.0300,54.4400,0.0095,0
212,14:43:21.505,ROI,160,160,192,192,59.27,59.79,58.7,6.525,16.73,750.00,98.25,28.08,65.45,0.0000,0.3100,62.3000,0.1900,77.4500,0.0471,0
213,14:43:21.572,ROI,160,160,160,160,47.97,48.30,52.875,16.175,20.70,687.45,119.11,36.82,79.53,0.0000,0.1000,58.6500,0.0400,34.9800,0.0075,0
214,14:43:21.626,ROI,160,160,160,160,79.04,79.41,67.475,19.675,12.59,632.25,194.86,56.49,8.74,0.0000,0.8500,19.2000,0.0200,-6.4100,0.1831,0
215,14:43:21.712,ROI,160,160,128,128,52.67,53.19,0.0,7.35,18.80,644.58,235.23,100.90,45.45,0.0000,0.0200,89.1800,0.0200,21.8300,0.0045,0
216,14:43:21.772,ROI,160,160,224,224,72.23,72.65,64.65,21.5,13.77,747.71,181.95,16.91,96.08,0.0000,0.0100,82.2900,0.0000,114.8900,0.0015,0
217,14:43:21.850,ROI,160,160,224,224,47.33,47.98,66.725,16.275,20.84,796.39,255.05,116.49,75.82,0.0212,0.4100,136.4400,0.0200,118.6900,0.0701,0
218,14:43:21.904,ROI,160,160,256,256,70.85,71.29,0.0,5.475,14.03,819.26,325.42,204.77,116.38,0.1011,0.0100,134.4000,0.0100,150.9000,0.0020,0
219,14:43:21.982,ROI,160,160,416,416,71.57,72.09,0.0,16.25,13.87,651.40,467.90,80.63,130.57,0.0000,0.0300,89.7600,0.0100,65.4600,0.0042,0
220,14:43:22.061,ROI,160,160,288,288,70.34,70.78,0.0,11.05,14.13,720.43,329.30,86.62,12.76,0.0000,0.1600,22.9500,0.0300,24.8000,0.0189,0
221,14:43:22.138,ROI,160,160,192,192,66.68,67.10,0.0,23.275,14.90,667.04,418.52,91.60,13.24,0.0000,0.0200,24.0300,0.0100,95.3900,0.0036,0
222,14:43:22.213,ROI,160,160,192,192,49.40,49.97,0.0,7.825,20.01,714.20,329.36,74.44,14.81,0.0000,0.2500,18.2800,0.1200,32.6000,0.0356,0
223,14:43:22.269,ROI,160,160,160,160,78.63,79.03,62.8,9.875,12.65,723.71,311.43,76.77,58.88,0.2107,0.0200,36.1800,0.0100,18.9400,0.0018,0
224,14:43:22.355,ROI,160,160,160,160,50.28,50.78,0.0,7.7,19.69,720.69,312.60,75.06,57.63,0.8883,0.0400,29.3700,0.0400,105.3600,0.0037,0
225,14:43:22.412,ROI,160,160,160,160,57.38,57.78,0.0,0.0,17.31,665.19,251.92,50.49,39.79,0.0000,0.0100,73.1000,0.0100,36.3300,0.0014,0
226,14:43:22.477,ROI,160,160,128,128,67.07,67.47,58.325,23.15,14.82,693.86,300.20,70.30,29.24,0.0000,0.0100,140.3600,0.0100,-12.6100,0.0024,0
227,14:43:22.551,ROI,160,160,160,160,86.92,87.28,62.1,17.9,11.46,725.26,309.93,82.46,60.95,0.2281,0.0200,41.0000,0.0000,111.9500,0.0015,0
228,14:43:22.645,ROI,160,160,192,192,63.50,64.10,53.7,12.2,15.60,774.06,245.52,93.26,65.52,0.0000,0.2300,131.2100,0.0100,32.7000,0.0199,0
229,14:43:22.716,ROI,160,160,192,192,50.87,51.31,0.0,0.0,19.49,774.46,218.71,104.39,105.10,0.4693,1.2700,123.7800,0.0200,62.7300,0.1434,0
230,14:43:22.774,ROI,160,160,224,224,64.47,65.03,113.675,12.025,15.38,774.55,223.38,107.06,98.81,0.8913,0.0600,125.3100,0.0200,84.8500,0.0066,0
231,14:43:22.845,ROI,160,160,224,224,66.62,67.06,69.225,17.475,14.91,774.38,215.71,106.92,107.10,0.8589,0.2600,123.9400,0.0100,80.0000,0.0437,0
232,14:43:22.918,ROI,160,160,224,224,52.10,52.65,0.0,22.25,18.99,770.23,219.91,106.86,87.40,0.7603,0.8800,130.9400,0.1200,108.6500,0.1134,0
233,14:43:22.976,ROI,160,160,224,224,67.35,67.94,70.425,17.25,14.72,769.36,216.03,108.26,91.99,0.9025,0.3800,128.2100,0.0400,104.6600,0.0404,0
234,14:43:23.050,ROI,160,160,224,224,62.88,63.44,69.25,0.0,15.76,765.14,214.94,107.06,85.51,0.8614,0.6000,130.0800,0.0700,115.7200,0.0934,0
235,14:43:23.119,ROI,160,160,224,224,56.43,56.99,0.0,0.0,17.55,764.62,210.08,110.46,91.60,0.8690,1.4400,132.7300,0.0700,106.2300,0.1702,0
236,14:43:23.181,ROI,160,160,224,224,65.21,65.74,69.725,17.825,15.21,766.07,212.11,106.85,89.00,0.9249,0.8200,133.5900,0.1400,116.0800,0.0823,0
237,14:43:23.253,ROI,160,160,224,224,67.57,68.10,67.475,5.725,14.68,763.87,211.08,109.13,87.22,0.9383,1.8800,134.1800,0.0600,112.3600,0.2686,0
238,14:43:23.326,ROI,160,160,224,224,64.05,64.51,0.0,12.1,15.50,761.17,206.59,115.77,88.80,0.8532,1.0600,137.5600,0.0700,108.6700,0.1371,0
239,14:43:23.396,ROI,160,160,256,256,56.85,57.56,0.0,6.775,17.37,761.62,206.13,118.35,95.76,0.9071,0.0800,144.1800,0.0000,79.2400,0.0083,0
240,14:43:23.460,ROI,160,160,256,256,53.08,53.63,67.475,14.575,18.65,758.90,201.79,121.57,93.26,0.8738,0.1700,155.4700,0.0100,75.0200,0.0246,0
241,14:43:23.519,ROI,160,160,256,256,55.85,56.41,69.125,6.925,17.73,759.01,199.21,121.49,95.54,0.9451,0.0700,147.6600,0.0100,76.4000,0.0077,0
242,14:43:23.581,ROI,160,160,256,256,56.24,56.78,69.1,6.875,17.61,758.79,198.50,122.32,95.23,0.9787,0.0700,133.5600,0.0100,97.8900,0.0061,0
243,14:43:23.643,ROI,160,160,256,256,74.47,75.04,77.125,15.625,13.33,758.75,199.60,123.84,90.78,0.9421,0.0500,130.8400,0.0100,78.3000,0.0052,0
244,14:43:23.724,ROI,160,160,256,256,51.73,52.12,68.225,0.0,19.19,756.50,197.10,125.44,82.86,0.8822,0.1900,151.0000,0.0100,70.9600,0.0315,0
245,14:43:23.782,ROI,160,160,256,256,56.93,57.32,62.975,0.0,17.45,756.19,196.73,123.97,83.31,0.9796,0.3900,153.1500,0.0100,121.2200,0.0531,0
246,14:43:23.846,ROI,160,160,256,256,64.31,64.85,61.3,12.05,15.42,756.13,196.86,124.29,83.57,0.9942,0.2600,149.0000,0.0100,103.3200,0.0370,0
247,14:43:23.917,ROI,160,160,256,256,55.21,55.63,0.0,21.075,17.98,751.28,193.10,135.38,81.30,0.8419,1.9500,157.3100,0.0300,96.2500,0.1960,0
248,14:43:23.979,ROI,160,160,288,288,65.74,66.21,62.0,0.0,15.10,751.65,191.92,131.74,80.12,0.9452,1.7800,157.3000,0.0600,143.6600,0.1947,0
249,14:43:24.052,ROI,160,160,288,288,73.28,73.83,0.0,10.575,13.54,751.13,191.11,134.06,78.77,0.9631,2.5400,156.1600,0.0400,76.7500,0.2861,0
250,14:43:24.133,ROI,160,160,288,288,66.08,66.52,60.6,0.0,15.03,744.72,189.16,146.47,77.17,0.8708,2.7800,159.4700,0.0500,85.2400,0.2505,0
251,14:43:24.206,ROI,160,160,320,320,63.86,64.28,54.525,18.225,15.56,744.58,188.94,148.64,79.46,0.9569,3.3900,161.5200,0.0800,58.7600,0.2573,0
252,14:43:24.277,ROI,160,160,320,320,63.87,64.29,0.0,24.3,15.55,741.90,187.62,155.62,79.92,0.9246,4.0600,163.1900,0.0800,77.8300,0.2908,0
253,14:43:24.347,ROI,160,160,320,320,67.75,68.18,59.025,17.2,14.67,740.72,187.28,160.42,80.20,0.9619,3.9100,165.1500,0.0800,111.6800,0.3013,0
254,14:43:24.422,ROI,160,160,352,352,45.73,46.22,63.925,16.9,21.64,741.34,186.98,155.89,75.97,0.9205,6.3100,156.7500,0.2900,107.9900,0.4646,0
255,14:43:24.475,ROI,160,160,320,320,62.74,63.14,0.0,18.55,15.84,739.62,185.30,164.16,79.96,0.9022,4.5000,169.1900,0.0500,105.3200,0.3564,0
256,14:43:24.544,ROI,160,160,352,352,51.60,52.04,0.0,15.0,19.22,738.67,184.69,160.45,81.82,0.9557,6.8300,162.9800,0.2400,121.9000,0.5830,0
257,14:43:24.602,ROI,160,160,352,352,51.95,52.42,59.95,0.0,19.08,737.58,183.27,162.16,78.83,0.9509,5.5200,160.7300,0.3200,123.8100,0.5166,0
258,14:43:24.662,ROI,160,160,352,352,53.57,54.08,0.0,21.675,18.49,736.19,183.84,166.08,78.47,0.9628,3.4400,162.0200,0.2400,121.2200,0.3772,0
259,14:43:24.723,ROI,160,160,352,352,52.61,53.73,53.475,0.0,18.61,733.56,183.09,173.91,82.21,0.9115,4.2000,165.5100,0.1900,120.9700,0.4177,0
260,14:43:24.783,ROI,160,160,352,352,59.43,59.95,63.275,6.525,16.68,732.96,183.02,176.73,80.43,0.9631,5.9700,166.6700,0.1900,129.3100,0.4758,0
261,14:43:24.849,ROI,160,160,384,384,58.00,58.64,0.0,19.975,17.05,727.85,180.10,182.90,81.05,0.8803,2.0300,160.2500,0.1200,102.7800,0.2854,0
262,14:43:24.913,ROI,160,160,384,384,54.92,55.62,0.0,0.0,17.98,728.78,181.97,184.99,79.63,0.9440,2.0000,162.6700,0.0600,102.5500,0.2357,0
263,14:43:24.975,ROI,160,160,384,384,57.12,57.61,62.8,0.0,17.36,725.98,175.63,190.08,90.36,0.8364,3.5700,160.7800,0.1400,132.8800,0.4109,0
264,14:43:25.039,ROI,160,160,384,384,56.45,56.98,57.825,13.7,17.55,725.48,166.10,193.13,112.27,0.7921,3.6500,163.0500,0.1300,146.5400,0.3591,0
265,14:43:25.102,ROI,160,160,416,416,61.47,61.97,67.625,18.9,16.14,722.87,152.59,194.53,138.27,0.7854,4.0100,167.3800,0.2000,133.4900,0.3601,0
266,14:43:25.170,ROI,160,160,416,416,70.18,70.73,0.0,11.05,14.14,724.83,151.76,195.99,137.62,0.9684,2.5800,158.2700,0.1600,158.1300,0.2169,0
267,14:43:25.248,ROI,160,160,416,416,65.04,65.56,57.25,11.925,15.25,723.53,148.98,197.37,143.00,0.9486,2.2000,163.4000,0.2200,163.9300,0.2068,0
268,14:43:25.320,ROI,160,160,416,416,72.07,72.60,0.0,5.375,13.77,723.68,149.89,198.02,142.12,0.9841,2.7800,163.3500,0.2100,165.9400,0.2461,0
269,14:43:25.398,ROI,160,160,416,416,98.36,98.88,130.875,7.9,10.11,722.61,148.62,201.11,143.47,0.9673,2.1100,159.0600,0.2400,162.9300,0.1691,0
270,14:43:25.503,ROI,160,160,416,416,71.94,72.47,64.975,5.4,13.80,697.79,151.29,159.69,129.45,0.6854,0.8600,155.8200,0.1600,154.3800,0.0678,0
271,14:43:25.582,ROI,160,160,320,320,52.74,53.19,60.125,22.025,18.80,673.70,148.72,106.10,124.54,0.6382,0.8000,130.0500,0.3300,124.1800,0.0984,0
272,14:43:25.642,ROI,160,160,256,256,56.49,56.97,62.35,13.725,17.55,670.60,187.97,108.14,101.74,0.4650,0.7000,145.8400,0.4700,149.2500,0.1172,0
273,14:43:25.704,ROI,160,160,224,224,58.53,59.04,72.025,6.625,16.94,668.43,175.53,110.47,71.41,0.6807,1.2600,176.0900,0.0100,52.1400,0.2278,0
274,14:43:25.770,ROI,160,160,224,224,59.87,60.37,59.5,12.95,16.56,663.09,176.23,109.72,70.31,0.8904,1.5700,179.3700,0.0200,178.5500,0.1498,0
275,14:43:25.836,ROI,160,160,224,224,60.86,61.37,0.0,0.0,16.29,660.37,174.92,109.61,71.02,0.9178,0.5600,175.5400,0.0400,135.3600,0.0619,0
276,14:43:25.904,ROI,160,160,224,224,64.15,64.61,0.0,0.0,15.48,658.99,179.11,110.81,84.42,0.8214,0.1300,158.4000,0.1100,94.4100,0.0179,0
277,14:43:25.975,ROI,160,160,224,224,57.84,58.34,62.675,20.1,17.14,654.71,174.38,105.87,69.73,0.7654,1.9000,-176.2300,0.0200,85.8100,0.3086,0
278,14:43:26.040,ROI,160,160,224,224,53.34,53.81,59.15,0.0,18.58,654.76,173.85,108.33,72.80,0.9361,1.0200,178.9100,0.1300,92.9000,0.1987,0
279,14:43:26.100,ROI,160,160,224,224,55.46,56.04,57.1,20.9,17.84,652.99,173.48,109.33,74.65,0.9444,0.7200,-179.4900,0.1100,93.6300,0.1310,0
280,14:43:26.164,ROI,160,160,224,224,56.86,57.53,49.3,6.8,17.38,748.47,265.02,31.07,39.58,0.0000,0.3000,91.5900,0.1500,176.4000,0.0559,0
281,14:43:26.229,ROI,160,160,96,96,45.79,46.37,52.225,8.425,21.56,751.35,274.97,83.73,76.78,0.1912,0.0200,119.3700,0.0100,51.0600,0.0025,0
282,14:43:26.283,ROI,160,160,192,192,62.44,63.24,53.3,18.525,15.81,777.95,192.24,87.07,28.46,0.0000,0.1700,165.2800,0.0100,84.9000,0.0151,0
283,14:43:26.353,ROI,160,160,192,192,81.87,82.40,0.0,18.975,12.14,778.79,180.98,87.04,57.31,0.4896,0.1700,153.9400,0.0800,150.1800,0.0284,0
284,14:43:26.441,ROI,160,160,192,192,78.61,79.12,63.875,14.8,12.64,729.52,258.68,94.52,34.56,0.0000,0.0100,141.3700,0.0100,125.1400,0.0027,0
285,14:43:26.527,ROI,160,160,192,192,45.23,45.84,0.0,17.05,21.82,777.71,188.59,90.10,53.10,0.0000,0.3300,168.5300,0.2300,168.0400,0.0379,0
286,14:43:26.581,ROI,160,160,192,192,117.13,117.77,52.225,23.225,8.49,776.42,178.99,96.98,60.16,0.6639,0.0800,148.5700,0.0600,134.8900,0.0179,0
287,14:43:26.705,ROI,160,160,224,224,64.30,64.82,64.275,0.0,15.43,776.73,180.07,85.30,53.24,0.7785,0.6700,154.3700,0.5800,158.0000,0.1082,0
288,14:43:26.776,ROI,160,160,192,192,78.26,78.73,61.55,19.85,12.70,718.35,254.77,76.43,42.26,0.0000,0.0300,134.8400,0.0200,17.6500,0.0064,0
289,14:43:26.860,ROI,160,160,160,160,56.74,57.15,65.125,13.675,17.50,665.02,182.51,54.41,17.00,0.0000,0.0500,17.6900,0.0100,103.9700,0.0046,0
290,14:43:26.924,ROI,160,160,128,128,39.89,40.41,64.375,19.325,24.74,634.89,178.85,68.43,71.06,0.1012,2.1600,-171.8100,0.0400,76.9500,0.2700,0
291,14:43:26.971,ROI,160,160,160,160,39.76,40.20,59.0,9.725,24.87,613.31,178.55,106.58,70.90,0.6006,10.3700,-162.5300,0.0800,65.3500,0.8013,0
292,14:43:27.019,ROI,160,160,224,224,50.32,50.81,48.45,7.7,19.68,611.10,179.92,111.10,71.08,0.9237,9.4500,-160.3700,0.0600,-168.5000,0.7905,0
293,14:43:27.076,ROI,160,160,224,224,46.15,46.69,0.0,0.0,21.42,608.54,180.74,113.85,71.64,0.9342,9.5100,-159.6900,0.0700,-159.1800,0.8096,0
294,14:43:27.129,ROI,160,160,256,256,67.31,67.97,0.0,0.0,14.71,603.28,181.07,111.36,72.66,0.8987,10.1000,-163.4100,0.0200,-165.1500,0.6406,0
295,14:43:27.204,ROI,160,160,224,224,56.55,57.21,0.0,20.5,17.48,601.92,182.11,112.59,73.53,0.9491,11.4700,-161.8700,0.0300,-170.6500,0.8271,0
296,14:43:27.267,ROI,160,160,256,256,106.76,107.67,65.225,7.25,9.29,602.65,180.80,112.35,72.74,0.9527,7.5000,-165.1600,0.0200,-176.6900,0.6694,0
297,14:43:27.382,ROI,160,160,256,256,66.24,67.02,0.0,5.825,14.92,596.48,183.31,108.53,73.39,0.8378,8.8200,-161.3300,0.0500,-164.2000,0.6025,0
298,14:43:27.455,ROI,160,160,224,224,50.28,50.82,66.225,15.375,19.68,595.97,184.43,109.33,75.40,0.9615,11.7500,-160.0000,0.0200,-155.0900,0.7988,0
299,14:43:27.512,ROI,160,160,224,224,57.03,57.66,0.0,20.325,17.34,590.93,185.72,110.35,75.96,0.8828,13.1300,-156.4200,0.0300,-158.0700,0.8374,0
300,14:43:27.576,ROI,160,160,224,224,63.98,64.54,58.975,6.05,15.49,588.53,186.61,112.36,76.38,0.9362,12.5900,-159.8800,0.0100,167.4600,0.7432,0
301,14:43:27.646,ROI,160,160,256,256,67.57,68.17,0.0,5.725,14.67,586.67,186.80,109.58,77.25,0.9566,8.5000,-158.6000,0.0100,-178.9100,0.6104,0
302,14:43:27.721,ROI,160,160,224,224,59.69,60.38,52.675,6.475,16.56,581.88,188.83,112.55,76.99,0.8722,13.0100,-154.1500,0.0100,-154.6800,0.8140,0
303,14:43:27.788,ROI,160,160,256,256,65.78,66.28,0.0,17.675,15.09,579.83,189.58,109.42,77.06,0.9453,8.9700,-157.7300,0.0100,-178.7400,0.5962,0
304,14:43:27.860,ROI,160,160,224,224,58.93,59.45,63.575,13.15,16.82,579.99,190.75,109.94,79.44,0.9655,11.2000,-151.6600,0.0200,-152.3800,0.7256,0
305,14:43:27.926,ROI,160,160,224,224,58.99,59.50,63.675,19.7,16.81,576.45,192.17,107.69,78.93,0.9049,11.2900,-150.6500,0.0100,147.2300,0.7510,0
306,14:43:27.992,ROI,160,160,224,224,62.14,62.67,58.175,6.225,15.96,574.63,193.04,105.15,79.32,0.9458,11.2500,-150.5500,0.0100,-179.0700,0.7124,0
307,14:43:28.061,ROI,160,160,224,224,55.11,55.69,0.0,14.025,17.96,572.89,193.60,105.70,80.05,0.9542,10.3300,-148.9900,0.0100,158.2700,0.6963,0
308,14:43:28.124,ROI,160,160,224,224,55.14,55.88,0.0,20.975,17.90,567.67,196.25,104.20,80.71,0.8502,12.8300,-144.2900,0.0200,62.1300,0.7988,0
309,14:43:28.185,ROI,160,160,224,224,56.38,56.88,0.0,13.725,17.58,566.66,197.06,106.11,83.82,0.9446,12.6100,-141.5800,0.0300,94.8200,0.7837,0
310,14:43:28.249,ROI,160,160,224,224,68.18,68.70,0.0,0.0,14.56,565.16,197.41,107.09,83.47,0.9644,14.2400,-141.8500,0.0300,102.0400,0.7754,0
311,14:43:28.323,ROI,160,160,224,224,52.33,52.82,0.0,7.4,18.93,560.95,199.87,102.51,86.34,0.8733,11.0200,-133.8000,0.0500,93.4500,0.7598,0
312,14:43:28.382,ROI,160,160,224,224,58.78,59.29,65.65,6.6,16.87,559.62,199.48,104.15,84.71,0.9566,11.8600,-140.2300,0.1100,108.5900,0.7012,0
313,14:43:28.446,ROI,160,160,224,224,62.83,63.40,72.6,18.475,15.77,558.36,200.90,103.77,86.32,0.9443,11.1200,-139.9200,0.2400,83.2900,0.7163,0
314,14:43:28.516,ROI,160,160,224,224,54.10,54.59,65.55,7.15,18.32,554.71,202.63,101.15,87.23,0.8962,9.0100,-135.9900,0.2300,82.5300,0.7510,0
315,14:43:28.576,ROI,160,160,224,224,54.00,54.50,0.0,0.0,18.35,554.36,203.96,98.97,86.49,0.9492,7.5600,-132.5100,0.2900,68.6200,0.6641,0
316,14:43:28.637,ROI,160,160,224,224,54.42,54.92,0.0,7.1,18.21,552.61,204.53,99.50,87.77,0.9515,6.1500,-135.0900,0.0900,70.1500,0.6074,0
317,14:43:28.698,ROI,160,160,224,224,57.06,57.55,64.975,13.575,17.38,551.57,205.86,99.85,87.96,0.9502,5.9400,-128.7700,0.1200,71.6500,0.6387,0
318,14:43:28.761,ROI,160,160,224,224,47.96,48.60,64.725,16.075,20.58,548.34,209.40,96.38,88.03,0.8662,9.9500,-120.5100,0.4700,85.6300,0.7866,0
319,14:43:28.816,ROI,160,160,224,224,55.39,55.89,64.075,13.975,17.89,548.03,209.25,97.06,87.39,0.9857,5.9700,-122.2900,0.2100,81.2800,0.6919,0
320,14:43:28.878,ROI,160,160,224,224,53.30,53.85,65.075,0.0,18.57,546.75,209.80,96.07,88.09,0.9621,7.2400,-120.4900,0.2200,85.1800,0.7295,0
321,14:43:28.938,ROI,160,160,224,224,54.61,55.11,64.8,14.175,18.14,542.93,213.12,95.05,89.75,0.8592,9.4900,-114.0700,0.2200,87.0000,0.7471,0
322,14:43:29.000,ROI,160,160,192,192,56.74,57.23,0.0,6.825,17.47,542.60,216.32,94.90,92.74,0.9258,11.9100,-111.2900,0.0400,136.7000,0.9194,0
323,14:43:29.062,ROI,160,160,192,192,54.83,55.48,74.85,0.0,18.03,541.56,217.52,93.28,93.22,0.9534,11.4600,-110.7200,0.0500,-141.3700,0.9023,0
324,14:43:29.123,ROI,160,160,192,192,44.73,45.51,0.0,17.175,21.97,541.66,216.32,94.13,92.23,0.9656,9.6200,-112.9400,0.0900,97.0900,0.7451,0
325,14:43:29.176,ROI,160,160,192,192,63.54,64.09,0.0,0.0,15.60,537.58,221.52,90.54,95.81,0.8236,11.2300,-109.8200,0.0700,110.4300,0.8799,0
326,14:43:29.247,ROI,160,160,192,192,49.93,50.44,0.0,0.0,19.83,536.90,222.19,92.12,95.94,0.9693,10.0400,-107.6000,0.1300,-160.7700,0.8833,0
327,14:43:29.304,ROI,160,160,192,192,49.69,50.34,59.575,7.75,19.87,536.65,222.42,92.42,96.08,0.9897,9.9600,-106.7200,0.1200,173.1800,0.8906,0
328,14:43:29.360,ROI,160,160,224,224,62.57,63.11,0.0,0.0,15.85,535.65,223.20,89.87,97.73,0.9564,4.4700,-108.3100,0.1200,72.7000,0.5732,0
329,14:43:29.429,ROI,160,160,224,224,59.33,59.98,0.0,6.525,16.67,531.29,226.47,88.48,96.74,0.8503,4.8600,-115.1900,0.0700,80.4800,0.4468,0
330,14:43:29.495,ROI,160,160,224,224,57.12,57.65,63.95,13.55,17.35,533.24,228.35,86.91,99.68,0.9216,9.5200,-101.7500,0.0800,106.1200,0.8203,0
331,14:43:29.559,ROI,160,160,224,224,66.19,66.68,64.95,17.575,15.00,532.66,227.72,84.77,95.93,0.9386,3.4800,-107.8600,0.0600,82.8200,0.4353,0
332,14:43:29.632,ROI,160,160,192,192,46.42,46.92,0.0,0.0,21.31,530.26,233.85,87.70,99.29,0.8362,9.8000,-100.9100,0.0700,-163.4400,0.9038,0
333,14:43:29.685,ROI,160,160,224,224,58.58,59.08,0.0,13.225,16.93,529.59,234.88,85.41,99.26,0.9543,7.8700,-100.3000,0.0400,112.1000,0.7158,0
334,14:43:29.750,ROI,160,160,224,224,53.75,54.26,59.125,0.0,18.43,529.69,235.25,86.51,98.78,0.9801,9.1600,-100.1100,0.0200,124.2500,0.7949,0
335,14:43:29.812,ROI,160,160,224,224,60.08,61.09,0.0,12.8,16.37,528.65,237.18,84.06,99.83,0.9351,5.7100,-101.7800,0.0200,106.2300,0.6182,0
336,14:43:29.880,ROI,160,160,224,224,53.46,53.96,0.0,7.25,18.53,525.89,242.71,83.50,102.13,0.8418,5.1100,-102.1800,0.0700,100.6200,0.5088,0
337,14:43:29.941,ROI,160,160,224,224,64.91,65.41,59.15,5.975,15.29,527.10,243.15,84.94,102.33,0.9634,8.4700,-99.0700,0.0100,118.0300,0.7417,0
338,14:43:30.012,ROI,160,160,224,224,65.93,66.51,0.0,17.625,15.03,525.46,249.61,84.42,107.84,0.8526,0.8600,-109.5200,0.0100,113.6900,0.1655,0
339,14:43:30.085,ROI,160,160,224,224,62.00,62.62,64.475,12.475,15.97,524.89,248.13,84.45,101.74,0.9311,3.4200,-102.3100,0.0100,118.4700,0.5811,0
340,14:43:30.153,ROI,160,160,224,224,61.81,62.35,0.0,12.525,16.04,524.52,248.36,85.33,102.97,0.9778,4.3900,-101.1300,0.0100,145.6000,0.6108,0
341,14:43:30.223,ROI,160,160,224,224,50.78,51.35,0.0,15.2,19.47,523.69,254.96,85.15,108.39,0.8666,2.0500,-101.8300,0.0000,52.4500,0.2169,0
342,14:43:30.281,ROI,160,160,224,224,62.21,62.86,0.0,12.425,15.91,522.69,255.92,85.72,103.89,0.9369,1.9100,-93.3300,0.0400,38.6500,0.2429,0
343,14:43:30.350,ROI,160,160,224,224,64.56,65.07,0.0,6.0,15.37,523.05,255.95,86.65,101.98,0.9713,1.9000,-95.7300,0.0500,45.5700,0.2705,0
344,14:43:30.421,ROI,160,160,224,224,70.66,71.17,0.0,5.5,14.05,524.34,262.74,88.96,100.28,0.8505,0.0900,-120.5700,0.0400,25.9900,0.0122,0
345,14:43:30.498,ROI,160,160,224,224,60.00,60.49,0.0,6.45,16.53,523.57,264.07,89.33,102.89,0.9575,1.4000,-98.6800,0.0100,40.7400,0.1708,0
346,14:43:30.565,ROI,160,160,224,224,69.04,69.64,0.0,11.225,14.36,523.34,264.95,90.31,102.07,0.9724,6.2100,-90.3700,0.0500,173.4400,0.6313,0
347,14:43:30.641,ROI,160,160,224,224,58.96,59.57,65.325,13.125,16.79,526.07,270.83,90.23,104.82,0.8427,0.2000,-131.6000,0.0200,83.4100,0.0583,0
348,14:43:30.707,ROI,160,160,224,224,74.34,75.58,59.5,15.5,13.23,524.74,269.51,89.66,99.47,0.9219,0.4700,-111.1800,0.0100,16.4600,0.0599,0
349,14:43:30.789,ROI,160,160,224,224,76.88,77.37,0.0,10.1,12.92,527.43,274.74,95.48,106.01,0.8490,0.0600,139.2600,0.0000,13.7600,0.0104,0
350,14:43:30.871,ROI,160,160,224,224,71.20,71.71,0.0,0.0,13.94,522.28,278.51,97.13,112.83,0.8411,0.2100,-126.4100,0.0000,52.8000,0.0359,0
351,14:43:30.949,ROI,160,160,256,256,63.91,64.39,64.2,18.2,15.53,642.27,238.78,16.05,77.79,0.0000,0.0700,84.6100,0.0500,-159.8800,0.0063,0
352,14:43:31.019,ROI,160,160,160,160,74.70,75.14,65.975,5.2,13.31,665.21,296.84,113.02,42.26,0.0053,0.0100,134.0500,0.0100,83.4700,0.0030,0
353,14:43:31.101,ROI,160,160,256,256,123.14,123.85,59.725,22.075,8.07,630.49,417.20,153.89,13.95,0.0000,0.0200,25.1300,0.0100,46.7400,0.0031,0
354,14:43:31.231,ROI,160,160,320,320,48.21,48.74,0.0,16.025,20.52,524.24,297.22,106.10,79.86,0.0000,0.5600,-144.9300,0.0400,59.2600,0.0448,0
355,14:43:31.287,ROI,160,160,224,224,55.68,56.18,59.05,0.0,17.80,529.18,294.19,85.51,106.05,0.6375,1.1700,-96.4900,0.0000,-39.7600,0.3413,0
356,14:43:31.349,ROI,160,160,224,224,79.38,80.06,60.275,9.75,12.49,526.41,293.61,90.72,100.83,0.8954,1.0900,-135.1800,0.0000,68.8100,0.1476,0
357,14:43:31.436,ROI,160,160,224,224,62.70,63.48,0.0,12.3,15.75,530.44,296.58,89.40,107.04,0.8638,1.2200,-108.0500,0.0000,27.8700,0.1744,0
358,14:43:31.506,ROI,160,160,224,224,68.41,69.00,0.0,16.975,14.49,521.61,301.98,109.96,107.73,0.7415,0.5000,-127.2200,0.0100,77.6300,0.0741,0
359,14:43:31.581,ROI,160,160,224,224,54.29,54.79,63.5,14.25,18.25,529.40,301.85,95.41,105.41,0.8406,1.2600,-127.1200,0.0100,29.5200,0.2942,0
360,14:43:31.642,ROI,160,160,224,224,57.13,57.62,128.675,13.55,17.36,512.38,304.02,149.90,108.40,0.6125,1.0500,-132.5100,0.0100,31.0000,0.2344,0
361,14:43:31.704,ROI,160,160,320,320,64.38,64.86,79.225,18.075,15.42,523.58,305.76,189.54,106.62,0.7696,0.6000,-149.8200,0.0300,10.9300,0.0408,0
362,14:43:31.775,ROI,160,160,384,384,72.47,73.01,0.0,21.4,13.70,658.00,131.02,108.55,36.07,0.0000,0.0400,96.2300,0.0300,-150.5200,0.0100,0
363,14:43:31.854,ROI,160,160,224,224,73.09,73.59,65.5,10.625,13.59,667.03,116.22,77.97,65.59,0.4515,0.0500,49.2200,0.0400,46.9200,0.0055,0
364,14:43:31.934,ROI,160,160,160,160,63.86,64.26,66.6,0.0,15.56,740.01,166.83,14.43,58.18,0.0000,0.3800,69.4500,0.1100,73.0200,0.0452,0
365,14:43:32.004,ROI,160,160,128,128,58.84,59.31,64.65,0.0,16.86,690.83,128.14,29.62,56.96,0.0000,0.0700,63.1400,0.0300,123.4100,0.0079,0
366,14:43:32.068,ROI,160,160,128,128,67.23,67.69,0.0,11.55,14.77,743.90,103.30,20.18,48.85,0.0000,0.0400,81.8100,0.0200,101.5300,0.0030,0
367,14:43:32.143,ROI,160,160,128,128,58.95,59.62,55.85,19.65,16.77,691.68,118.07,25.37,76.91,0.0000,0.0500,78.6300,0.0200,122.0800,0.0038,0
368,14:43:32.210,ROI,160,160,160,160,72.54,73.46,0.0,5.325,13.61,633.56,193.96,47.26,8.50,0.0000,0.5800,25.0500,0.0400,92.7500,0.1866,0
369,14:43:32.289,ROI,160,160,96,96,60.73,61.18,61.9,12.775,16.35,660.43,219.30,36.39,44.04,0.0070,0.0300,63.2600,0.0200,94.3100,0.0043,0
370,14:43:32.357,ROI,160,160,96,96,63.93,64.37,63.175,6.075,15.53,686.24,174.11,41.05,6.29,0.0000,0.1000,33.2600,0.0300,28.5700,0.0093,0
371,14:43:32.427,ROI,160,160,96,96,52.37,52.82,0.0,22.175,18.93,667.32,204.90,59.22,33.99,0.0000,0.0300,109.7200,0.0200,47.3400,0.0047,0
372,14:43:32.486,ROI,160,160,128,128,69.28,69.74,60.475,0.0,14.34,662.88,247.27,109.61,41.29,0.0000,0.0200,111.6200,0.0100,56.1700,0.0028,0
373,14:43:32.562,ROI,160,160,224,224,68.51,69.03,63.35,16.975,14.49,583.05,324.98,65.91,67.91,0.0000,0.0400,41.1200,0.0100,14.3200,0.0031,0
374,14:43:32.638,ROI,160,160,160,160,37.26,37.69,0.0,0.0,26.53,561.24,342.82,117.44,112.85,0.3378,14.7900,-54.7100,0.0100,27.8800,0.8159,0
375,14:43:32.681,ROI,160,160,256,256,60.89,61.39,64.575,12.725,16.29,560.81,342.06,119.60,103.23,0.8996,6.7200,-46.6000,0.0300,-4.2400,0.6558,0
376,14:43:32.750,ROI,160,160,256,256,65.22,65.75,56.825,11.875,15.21,560.78,344.02,118.43,101.81,0.9533,7.7400,-43.8200,0.0700,-12.2500,0.6763,0
377,14:43:32.823,ROI,160,160,256,256,63.52,64.19,0.0,6.075,15.58,562.21,343.63,120.43,104.19,0.9542,8.4400,-44.6000,0.0200,-3.0100,0.7251,0
378,14:43:32.893,ROI,160,160,256,256,58.96,59.47,65.15,0.0,16.82,567.33,347.94,125.60,99.07,0.8488,8.3000,-37.4500,0.0200,-6.4900,0.6616,0
379,14:43:32.959,ROI,160,160,256,256,57.56,58.04,61.75,0.0,17.23,570.90,349.91,125.66,97.98,0.9086,12.2700,-33.9300,0.0300,145.1800,0.7441,0
380,14:43:33.023,ROI,160,160,256,256,58.02,58.52,0.0,0.0,17.09,573.73,350.58,128.78,97.01,0.9439,8.0700,-30.9300,0.0300,147.2000,0.6504,0
381,14:43:33.088,ROI,160,160,288,288,65.22,65.78,64.475,0.0,15.20,575.41,351.01,132.48,96.03,0.9626,7.9700,-28.0900,0.0100,114.9500,0.5767,0
382,14:43:33.160,ROI,160,160,288,288,53.72,54.26,61.7,0.0,18.43,575.88,352.80,131.56,98.84,0.9573,4.0000,-29.2400,0.0100,119.9000,0.4709,0
383,14:43:33.220,ROI,160,160,288,288,66.86,67.77,68.825,5.775,14.76,575.25,352.70,129.98,96.82,0.9678,7.3500,-28.7700,0.0200,125.8000,0.6138,0
384,14:43:33.294,ROI,160,160,288,288,62.61,63.19,0.0,12.375,15.83,582.92,357.38,133.38,98.39,0.8124,12.4200,-25.5100,0.0300,131.1900,0.8291,0
385,14:43:33.363,ROI,160,160,288,288,50.80,51.38,0.0,7.6,19.46,584.12,361.41,131.09,99.07,0.9057,10.0000,-25.6400,0.0500,131.9300,0.7192,0
386,14:43:33.431,ROI,160,160,288,288,72.24,72.82,0.0,21.45,13.73,588.28,363.45,131.26,97.85,0.9016,4.6900,-30.5500,0.0300,131.9600,0.4839,0
387,14:43:33.511,ROI,160,160,288,288,79.14,79.73,56.7,14.7,12.54,589.06,366.51,135.43,105.30,0.9006,3.4800,-31.8900,0.0100,130.3200,0.2498,0
388,14:43:33.597,ROI,160,160,288,288,83.04,83.67,55.575,14.0,11.95,594.36,362.11,137.29,92.02,0.8129,0.5700,-18.7100,0.0200,124.1500,0.0875,0
389,14:43:33.687,ROI,160,160,288,288,58.66,59.30,63.6,13.175,16.86,599.31,367.99,136.82,99.14,0.8259,3.1000,-21.0300,0.0300,31.5300,0.3374,0
390,14:43:33.753,ROI,160,160,288,288,58.60,59.20,64.125,0.0,16.89,600.94,365.81,136.98,92.43,0.9111,4.5300,-21.0800,0.0200,19.6100,0.3848,0
391,14:43:33.817,ROI,160,160,288,288,58.86,59.43,0.0,0.0,16.83,602.95,366.13,139.45,93.33,0.9620,4.7100,-21.8300,0.0300,20.8500,0.3574,0
392,14:43:33.883,ROI,160,160,288,288,53.78,54.38,67.8,0.0,18.39,605.08,369.35,141.07,99.79,0.9079,3.7700,-20.0500,0.0100,23.8100,0.2411,0
393,14:43:33.943,ROI,160,160,288,288,63.49,64.09,137.4,0.0,15.60,606.93,372.15,138.73,106.24,0.9160,3.3000,-18.5200,0.0300,48.6700,0.2068,0
394,14:43:34.011,ROI,160,160,288,288,56.25,56.90,0.0,6.875,17.58,612.71,373.82,138.60,110.39,0.8866,0.5800,-9.8200,0.0200,122.7700,0.0572,0
395,14:43:34.074,ROI,160,160,288,288,58.17,58.77,67.55,13.3,17.02,615.02,374.78,140.49,106.00,0.9298,2.7600,-18.2100,0.0400,132.1900,0.2095,0
396,14:43:34.139,ROI,160,160,288,288,44.58,45.17,67.975,8.65,22.14,618.51,378.32,142.83,106.25,0.8919,1.4300,-8.8600,0.1400,122.0000,0.1345,0
397,14:43:34.190,ROI,160,160,288,288,60.55,61.16,63.7,12.775,16.35,621.01,377.26,142.85,101.16,0.9201,4.0000,-12.2900,0.1100,130.5800,0.3789,0
398,14:43:34.257,ROI,160,160,288,288,60.53,61.23,0.0,0.0,16.33,624.40,376.62,141.80,94.81,0.8946,2.8900,-10.9600,0.0500,38.8900,0.2311,0
399,14:43:34.323,ROI,160,160,288,288,54.55,55.52,0.0,0.0,18.01,623.53,380.81,138.87,104.11,0.8934,1.0500,0.6300,0.0600,59.6700,0.1447,0
400,14:43:34.384,ROI,160,160,288,288,61.21,61.77,66.925,0.0,16.19,626.13,377.23,139.32,100.76,0.8994,1.5600,-4.0700,0.0700,124.8300,0.2009,0
401,14:43:34.452,ROI,160,160,288,288,49.29,49.86,64.775,0.0,20.06,629.76,379.18,137.72,98.01,0.9132,0.9800,14.6600,0.0700,42.4700,0.1404,0
402,14:43:34.507,ROI,160,160,288,288,48.07,48.61,0.0,0.0,20.57,631.11,379.88,140.31,101.59,0.9463,0.4100,10.8000,0.1000,36.1900,0.0444,0
403,14:43:34.560,ROI,160,160,288,288,54.52,55.10,0.0,14.175,18.15,629.83,381.56,134.62,104.83,0.9300,0.1900,41.7300,0.1400,34.8700,0.0194,0
404,14:43:34.621,ROI,160,160,288,288,51.54,52.11,0.0,0.0,19.19,635.32,379.33,138.06,95.78,0.8466,0.6700,10.1900,0.1600,32.2900,0.0954,0
405,14:43:34.679,ROI,160,160,288,288,51.19,51.80,68.0,0.0,19.31,640.31,384.17,145.75,103.14,0.8466,0.3200,6.2400,0.2500,21.6100,0.0419,0
406,14:43:34.736,ROI,160,160,320,320,67.76,68.27,66.975,11.45,14.65,639.80,385.56,143.00,110.10,0.9202,0.0500,3.4600,0.0300,-10.5500,0.0048,0
407,14:43:34.810,ROI,160,160,288,288,49.24,49.80,0.0,23.55,20.08,644.76,390.38,159.10,121.63,0.8136,1.3900,-0.2500,0.0400,68.3400,0.1170,0
408,14:43:34.866,ROI,160,160,320,320,65.86,66.34,0.0,17.675,15.07,645.46,384.00,144.54,102.04,0.7622,0.6300,2.6000,0.0400,32.9900,0.0775,0
409,14:43:34.938,ROI,160,160,320,320,74.48,74.97,69.45,5.2,13.34,645.68,383.90,143.36,100.90,0.9808,0.9800,-0.6300,0.0800,30.6900,0.1360,0
410,14:43:35.018,ROI,160,160,288,288,50.67,51.21,0.0,0.0,19.53,642.52,382.86,149.15,107.33,0.9003,0.6200,11.0500,0.0700,-12.3300,0.0716,0
411,14:43:35.075,ROI,160,160,320,320,64.63,65.12,0.0,12.0,15.36,646.96,384.72,138.20,99.80,0.8616,0.8500,-4.3200,0.0500,30.6400,0.0782,0
412,14:43:35.146,ROI,160,160,288,288,57.05,57.70,0.0,6.775,17.33,650.37,384.27,145.69,103.70,0.9129,1.9600,-1.2800,0.0100,132.3100,0.1847,0
413,14:43:35.210,ROI,160,160,320,320,71.36,71.83,66.2,10.875,13.92,647.96,386.58,136.44,103.74,0.8969,0.8800,7.7200,0.0500,33.1200,0.1113,0
414,14:43:35.287,ROI,160,160,288,288,64.54,65.13,67.075,18.0,15.35,649.93,383.68,144.40,102.78,0.8948,1.8700,-2.1700,0.0100,132.4900,0.2576,0
415,14:43:35.358,ROI,160,160,320,320,58.44,58.95,0.0,0.0,16.96,646.66,385.20,132.48,97.98,0.8746,1.6400,9.6400,0.1000,27.4700,0.2123,0
416,14:43:35.421,ROI,160,160,288,288,60.50,61.10,92.1,0.0,16.37,648.72,385.43,138.85,101.16,0.9241,1.7800,4.4600,0.0200,121.7700,0.2314,0
417,14:43:35.488,ROI,160,160,288,288,59.19,59.75,0.0,6.525,16.74,648.07,385.68,137.74,99.92,0.9785,2.8400,1.7900,0.0100,131.4500,0.3149,0
418,14:43:35.554,ROI,160,160,288,288,65.89,66.69,68.25,11.725,15.00,648.13,385.94,137.32,99.86,0.9920,3.1900,1.2100,0.0100,132.9800,0.3420,0
419,14:43:35.629,ROI,160,160,288,288,64.21,64.82,45.775,6.025,15.43,648.09,385.67,137.27,99.85,0.9941,3.0000,1.1300,0.0100,131.1400,0.3350,0
420,14:43:35.700,ROI,160,160,288,288,64.34,64.99,0.0,12.025,15.39,648.47,385.95,138.04,100.01,0.9887,3.3700,1.7500,0.0100,131.4100,0.3674,0
421,14:43:35.771,ROI,160,160,288,288,64.27,64.93,0.0,12.025,15.40,648.52,386.13,138.71,100.91,0.9863,3.2200,1.5400,0.0100,130.5500,0.3552,0
422,14:43:35.843,ROI,160,160,288,288,50.51,51.10,57.3,15.3,19.57,647.82,384.88,137.70,100.58,0.9657,1.6300,5.4300,0.0300,119.4100,0.2485,0
423,14:43:35.900,ROI,160,160,288,288,61.07,61.66,0.0,6.325,16.22,649.47,385.48,139.27,97.83,0.9502,3.0900,-3.2200,0.0200,35.6300,0.3186,0
424,14:43:35.967,ROI,160,160,288,288,58.31,58.88,0.0,0.0,16.98,648.71,386.30,136.76,101.07,0.9511,4.7000,-4.2600,0.0200,39.5800,0.4724,0
425,14:43:36.032,ROI,160,160,288,288,53.84,54.45,61.825,7.175,18.36,646.99,384.33,134.86,99.74,0.9378,1.4100,6.3000,0.0200,120.2100,0.2388,0
426,14:43:36.093,ROI,160,160,288,288,58.22,58.79,0.0,0.0,17.01,649.47,386.00,137.88,98.71,0.9329,2.6600,0.9900,0.0100,129.6100,0.2651,0
427,14:43:36.157,ROI,160,160,288,288,65.00,65.57,68.375,11.925,15.25,648.77,386.35,137.97,101.95,0.9585,4.5100,-4.6800,0.0200,40.8000,0.4460,0
428,14:43:36.229,ROI,160,160,288,288,46.02,46.61,0.0,8.375,21.45,647.30,384.63,136.62,100.46,0.9464,1.2400,6.3400,0.0300,116.4000,0.2063,0
429,14:43:36.281,ROI,160,160,288,288,58.18,58.79,68.175,13.3,17.01,649.18,385.49,138.58,98.23,0.9519,3.0900,-2.2400,0.0100,36.8400,0.3298,0
430,14:43:36.346,ROI,160,160,288,288,56.33,56.90,67.7,20.6,17.57,649.14,386.55,137.41,101.47,0.9602,5.0100,-4.8000,0.0200,37.1700,0.4885,0
431,14:43:36.408,ROI,160,160,288,288,52.81,53.40,64.75,14.625,18.73,648.68,384.74,138.87,102.76,0.9552,2.1200,1.3600,0.0100,129.2300,0.2490,0
432,14:43:36.468,ROI,160,160,288,288,53.98,54.56,0.0,7.15,18.33,648.00,385.04,142.47,98.46,0.9349,1.4300,-0.9300,0.0100,128.6000,0.1327,0
433,14:43:36.528,ROI,160,160,288,288,66.35,67.04,0.0,23.3,14.92,648.88,386.10,138.82,100.51,0.9544,3.4800,0.6200,0.0100,131.4400,0.3857,0
434,14:43:36.601,ROI,160,160,288,288,55.76,56.36,0.0,13.875,17.74,647.84,384.87,137.66,101.12,0.9614,1.4800,5.6600,0.0400,118.7900,0.2366,0
435,14:43:36.663,ROI,160,160,288,288,54.57,55.20,66.825,7.075,18.12,649.45,385.96,140.18,99.20,0.9563,3.1100,-3.3500,0.0100,139.3900,0.3037,0
436,14:43:36.724,ROI,160,160,288,288,66.52,67.11,0.0,11.65,14.90,648.71,386.31,137.59,101.57,0.9590,4.6600,-4.5000,0.0100,39.8200,0.4507,0
437,14:43:36.796,ROI,160,160,288,288,43.05,43.72,83.725,0.0,22.87,647.51,384.40,136.69,99.23,0.9461,1.0100,6.2700,0.0300,118.7900,0.1718,0
438,14:43:36.845,ROI,160,160,288,288,50.46,51.06,0.0,0.0,19.59,649.20,385.35,139.14,97.45,0.9576,2.6500,-3.5400,0.0100,138.9600,0.3003,0
439,14:43:36.902,ROI,160,160,288,288,62.89,63.47,0.0,24.625,15.76,648.93,385.90,137.25,100.57,0.9563,4.7200,-3.6500,0.0200,39.4000,0.5049,0
440,14:43:36.971,ROI,160,160,288,288,56.55,57.13,69.5,6.85,17.50,648.97,385.92,138.60,100.08,0.9855,3.8300,-0.2600,0.0100,136.8700,0.4053,0
441,14:43:37.034,ROI,160,160,288,288,62.90,63.51,70.2,0.0,15.75,648.95,385.94,138.92,99.77,0.9946,2.8600,0.4500,0.0100,131.8100,0.3120,0
442,14:43:37.103,ROI,160,160,288,288,54.98,55.57,0.0,7.025,18.00,648.94,385.99,139.63,100.21,0.9907,2.7500,0.4100,0.0100,131.8900,0.2964,0
443,14:43:37.164,ROI,160,160,288,288,57.52,58.12,68.025,13.45,17.20,649.10,385.79,139.00,99.88,0.9916,2.9000,0.2900,0.0100,132.4600,0.3127,0
444,14:43:37.228,ROI,160,160,288,288,57.89,58.51,0.0,13.35,17.09,649.05,386.22,137.95,100.96,0.9820,4.5500,-3.1600,0.0200,40.3900,0.4961,0
445,14:43:37.292,ROI,160,160,288,288,57.64,58.23,69.5,13.425,17.17,647.78,383.89,138.76,101.45,0.9379,1.4000,1.4600,0.0100,127.8700,0.1783,0
446,14:43:37.357,ROI,160,160,288,288,61.07,61.54,63.625,0.0,16.25,649.21,385.95,138.02,98.01,0.9401,4.1200,-0.5000,0.0300,22.0400,0.4612,0
447,14:43:37.424,ROI,160,160,288,288,60.81,61.40,0.0,0.0,16.29,649.11,386.06,138.35,101.41,0.9642,4.3700,-2.8300,0.0100,44.1500,0.4829,0
448,14:43:37.492,ROI,160,160,288,288,59.56,60.13,0.0,6.5,16.63,648.35,384.25,138.31,100.15,0.9544,1.9000,0.5800,0.0100,130.9900,0.2595,0
449,14:43:37.558,ROI,160,160,288,288,56.40,56.97,0.0,6.85,17.55,648.11,384.88,141.64,96.93,0.9458,1.4000,-2.6600,0.0100,129.3500,0.1459,0
450,14:43:37.621,ROI,160,160,288,288,67.89,68.43,0.0,11.425,14.61,648.00,384.67,141.71,97.54,0.9922,1.5800,-2.5500,0.0100,130.6000,0.1610,0
451,14:43:37.696,ROI,160,160,288,288,52.10,52.76,63.825,0.0,18.95,648.41,384.90,142.56,97.31,0.9893,1.4500,-3.3500,0.0100,130.9800,0.1420,0
452,14:43:37.753,ROI,160,160,288,288,58.44,59.03,80.925,0.0,16.94,648.18,384.52,140.62,96.82,0.9787,1.3900,-1.8400,0.0100,128.2600,0.1527,0
453,14:43:37.818,ROI,160,160,288,288,51.70,52.28,70.225,0.0,19.13,647.91,384.41,141.95,97.20,0.9868,1.1700,-1.7200,0.0100,-17.4000,0.1207,0
454,14:43:37.876,ROI,160,160,288,288,51.85,52.44,68.55,0.0,19.07,649.50,385.62,138.73,97.67,0.9537,2.8100,-3.4700,0.0100,38.1500,0.3098,0
455,14:43:37.934,ROI,160,160,288,288,61.59,62.16,0.0,12.575,16.09,649.27,386.17,138.46,101.02,0.9637,4.3800,-4.8300,0.0100,41.9900,0.4600,0
456,14:43:38.002,ROI,160,160,288,288,59.43,60.09,68.275,0.0,16.64,648.30,384.34,138.49,101.18,0.9513,1.5900,0.2800,0.0100,128.6600,0.2102,0
457,14:43:38.069,ROI,160,160,288,288,90.09,90.71,0.0,4.3,11.02,648.27,384.86,143.05,98.12,0.9398,1.3700,-3.2200,0.0100,129.7400,0.1337,0
